# Blender 4.0.2
# www.blender.org
mtllib UV_100.mtl
o old_remesh
v 1.670040 -2.459270 -5.978380
v 1.686260 -2.505420 -5.971720
v 1.706630 -2.454421 -6.075480
v 1.720690 -2.507931 -6.073340
v 1.702880 -2.553500 -5.968110
v 1.659010 -2.503290 -5.920540
v 1.651020 -2.458591 -5.924850
v 1.621810 -2.445251 -5.986260
v 1.708580 -2.458160 -6.127730
v 1.726950 -2.508121 -6.124240
v 1.735550 -2.559313 -6.069610
v 1.671700 -2.549051 -5.918180
v 1.609920 -2.455320 -5.887800
v 1.616950 -2.501570 -5.879610
v 1.634000 -2.448520 -5.943700
v 1.612260 -2.441751 -6.084070
v 1.573820 -2.440211 -5.976570
v 1.739500 -2.561103 -6.121190
v 1.744020 -2.484961 -5.964050
v 1.628130 -2.545220 -5.871030
v 1.589170 -2.442160 -5.924790
v 1.563610 -2.451961 -5.859660
v 1.571590 -2.500130 -5.848170
v 1.611890 -2.437911 -6.133650
v 1.563640 -2.436100 -6.084050
v 1.521990 -2.438720 -5.984970
v 1.713330 -2.451601 -6.231170
v 1.727560 -2.507961 -6.228250
v 1.775400 -2.485090 -6.065060
v 1.719360 -2.489110 -5.920360
v 1.718310 -2.534050 -5.928450
v 1.715800 -2.448720 -5.977110
v 1.698220 -2.536840 -5.895430
v 1.670890 -2.539650 -5.866870
v 1.577500 -2.548301 -5.840580
v 1.543000 -2.445131 -5.902460
v 1.529610 -2.439641 -5.944270
v 1.561120 -2.436360 -6.133920
v 1.513770 -2.435611 -6.082370
v 1.712840 -2.453080 -6.283040
v 1.729050 -2.507071 -6.279520
v 1.739430 -2.563641 -6.223930
v 1.777860 -2.485950 -6.117690
v 1.754450 -2.438981 -6.069650
v 1.695770 -2.449111 -5.931860
v 1.688680 -2.488621 -5.871800
v 1.642590 -2.540271 -5.838310
v 1.603320 -2.540360 -5.808760
v 1.529960 -2.546731 -5.811880
v 1.477850 -2.497670 -5.805500
v 1.475500 -2.448220 -5.822690
v 1.610250 -2.439540 -6.235200
v 1.737600 -2.564341 -6.275640
v 1.754260 -2.442190 -6.122710
v 1.665060 -2.450511 -5.891390
v 1.650460 -2.488520 -5.829400
v 1.609320 -2.487650 -5.799750
v 1.561960 -2.540020 -5.786280
v 1.473200 -2.549600 -5.795190
v 1.433610 -2.437931 -5.868240
v 1.558270 -2.437921 -6.235170
v 1.610050 -2.438441 -6.286520
v 1.376240 -2.431601 -5.971690
v 1.717830 -2.449750 -6.385900
v 1.729930 -2.507370 -6.381820
v 1.778790 -2.475661 -6.220010
v 1.633570 -2.450670 -5.852680
v 1.593610 -2.452471 -5.825780
v 1.564170 -2.489531 -5.778870
v 1.471920 -2.540850 -5.754500
v 1.382230 -2.442900 -5.808060
v 1.381760 -2.499460 -5.798870
v 1.375720 -2.432441 -5.919190
v 1.380030 -2.433910 -5.865680
v 1.557100 -2.436881 -6.286030
v 1.741790 -2.564260 -6.377540
v 1.780760 -2.483871 -6.270830
v 1.748960 -2.446610 -6.220010
v 1.552560 -2.450820 -5.802330
v 1.469250 -2.490411 -5.746800
v 1.382680 -2.553520 -5.781830
v 1.329100 -2.445410 -5.816300
v 1.333760 -2.498831 -5.792620
v 1.324690 -2.431620 -5.919400
v 1.327210 -2.432850 -5.867050
v 1.504550 -2.435920 -6.285400
v 1.609600 -2.439111 -6.387680
v 1.713230 -2.458111 -6.487090
v 1.729880 -2.510130 -6.484330
v 1.750410 -2.449740 -6.270070
v 1.462410 -2.447950 -5.771220
v 1.350870 -2.533241 -5.744400
v 1.339450 -2.555911 -5.782810
v 1.555430 -2.436890 -6.387460
v 1.218980 -2.430250 -5.966720
v 1.739510 -2.565901 -6.480220
v 1.782840 -2.486820 -6.372080
v 1.356950 -2.485511 -5.742460
v 1.232850 -2.499650 -5.790860
v 1.227550 -2.451951 -5.818720
v 1.225350 -2.434180 -5.864170
v 1.222260 -2.431120 -5.915620
v 1.605580 -2.438071 -6.487780
v 1.211340 -2.415030 -6.067770
v 1.712970 -2.449220 -6.590060
v 1.729000 -2.508200 -6.587780
v 1.752170 -2.452441 -6.370300
v 1.360150 -2.446851 -5.768490
v 1.237970 -2.555480 -5.781310
v 1.550420 -2.436511 -6.488120
v 1.739990 -2.565701 -6.583970
v 1.784010 -2.488060 -6.474380
v 1.252250 -2.480120 -5.743860
v 1.245060 -2.529940 -5.743340
v 1.599740 -2.437970 -6.591730
v 1.751710 -2.456240 -6.472680
v 1.257490 -2.441961 -5.770380
v 1.073070 -2.450440 -5.801730
v 1.075600 -2.503211 -5.792380
v 1.065640 -2.430960 -5.906300
v 1.069360 -2.435261 -5.852540
v 1.544290 -2.439991 -6.590320
v 1.785780 -2.494261 -6.577350
v 1.077890 -2.557570 -5.786520
v 1.492060 -2.429420 -6.589800
v 1.197270 -2.419631 -6.275400
v 1.754410 -2.457850 -6.575580
v 1.074820 -2.531311 -5.745510
v 1.721450 -2.449701 -6.843970
v 1.728390 -2.508511 -6.842220
v 1.552428 -2.408810 -5.802834
v 1.070450 -2.483181 -5.746410
v 0.851184 -2.430650 -5.957950
v 1.673500 -2.442631 -6.848230
v 1.741730 -2.567230 -6.841310
v 1.067130 -2.441801 -5.771860
v 0.859713 -2.451210 -5.813510
v 0.865552 -2.500231 -5.792230
v 0.856969 -2.432600 -5.857600
v 0.854044 -2.430920 -5.907600
v 1.574740 -2.438860 -6.850360
v 0.846073 -2.418961 -6.057340
v 1.718590 -2.461720 -6.948120
v 1.732290 -2.512361 -6.946620
v 1.715497 -2.407229 -5.977048
v 0.870891 -2.558531 -5.784120
v 1.524460 -2.440090 -6.848150
v 1.673760 -2.445060 -6.951080
v 1.790560 -2.490330 -6.838270
v 1.741180 -2.566710 -6.945180
v 1.695168 -2.407523 -5.932039
v 0.873099 -2.533061 -5.745250
v 1.477610 -2.423141 -6.846700
v 1.575170 -2.440681 -6.950310
v 1.759390 -2.463120 -6.836340
v 1.751103 -2.402314 -6.123176
v 1.665109 -2.408576 -5.891627
v 0.875666 -2.481621 -5.745990
v 1.180590 -2.420820 -6.582700
v 1.524060 -2.439740 -6.948640
v 1.788810 -2.490591 -6.946270
v 1.633253 -2.408697 -5.853699
v 1.593770 -2.410052 -5.826111
v 0.910833 -2.396578 -5.774560
v 0.877822 -2.438101 -5.774510
v 0.835954 -2.417691 -6.262390
v 1.757340 -2.458791 -6.951870
v 0.530556 -2.428621 -5.954880
v 1.716660 -2.460100 -7.204340
v 1.734210 -2.511750 -7.201280
v 1.749937 -2.407997 -6.270274
v 1.462957 -2.406649 -5.772766
v 0.556689 -2.499920 -5.798190
v 0.547524 -2.443310 -5.812330
v 0.530391 -2.429811 -5.905830
v 0.529404 -2.430450 -5.857380
v 0.529564 -2.417610 -6.053660
v 1.669930 -2.442860 -7.206060
v 1.744920 -2.565500 -7.199800
v 1.715760 -2.459070 -7.253750
v 1.736380 -2.509881 -7.251990
v 0.559222 -2.558240 -5.797100
v 1.570770 -2.446181 -7.206750
v 1.667260 -2.446060 -7.256360
v 1.745640 -2.565711 -7.250490
v 1.361798 -2.405822 -5.768830
v 0.558180 -2.533150 -5.751270
v 1.171910 -2.423001 -6.836870
v 1.522050 -2.442501 -7.204810
v 1.787940 -2.490120 -7.194580
v 1.712780 -2.460001 -7.354730
v 1.731600 -2.513201 -7.356560
v 0.557525 -2.482240 -5.753390
v 1.476660 -2.424561 -7.202430
v 1.757880 -2.448291 -7.192730
v 1.789360 -2.488501 -7.244620
v 1.747540 -2.563961 -7.353940
v 1.726960 -2.520140 -7.412080
v 1.714960 -2.474510 -7.411270
v 1.259885 -2.402141 -5.770103
v 0.557318 -2.441320 -5.777880
v 0.822635 -2.420541 -6.572740
v 0.525119 -2.416700 -6.254750
v 1.547850 -2.446511 -7.372920
v 1.760030 -2.448140 -7.242920
v 1.744330 -2.565770 -7.415760
v 1.642230 -2.449260 -7.394260
v 1.690500 -2.456141 -7.406300
v 1.504870 -2.441290 -7.364530
v 1.788940 -2.486541 -7.344300
v 1.678780 -2.476960 -7.519340
v 1.691350 -2.518420 -7.516680
v 1.449870 -2.422020 -7.361960
v 1.758400 -2.445850 -7.341870
v 1.705350 -2.563061 -7.514220
v 1.600890 -2.453980 -7.494480
v 1.644260 -2.455291 -7.508980
v 1.644670 -2.480951 -7.574320
v 1.665190 -2.522590 -7.560490
v 1.552510 -2.449100 -7.481030
v 1.778400 -2.486021 -7.442970
v 1.682520 -2.565041 -7.560420
v 1.579700 -2.455500 -7.541670
v 1.615200 -2.461380 -7.562080
v 1.445290 -2.444000 -7.464140
v 1.496900 -2.448251 -7.469390
v 1.537330 -2.453321 -7.527860
v 1.749390 -2.444650 -7.438970
v 1.749710 -2.488301 -7.545570
v 1.652410 -2.563451 -7.603320
v 1.636110 -2.523160 -7.597190
v 1.589080 -2.477980 -7.622970
v 1.559190 -2.458801 -7.589010
v 1.171510 -2.423831 -7.183020
v 0.815643 -2.422121 -6.836210
v 1.489170 -2.449550 -7.520230
v 1.451421 -2.448770 -7.518254
v 1.524540 -2.456011 -7.573820
v 1.714880 -2.451931 -7.531390
v 1.719340 -2.492661 -7.590150
v 1.524120 -2.455550 -7.617530
v 1.538460 -2.475501 -7.653670
v 1.595630 -2.523571 -7.635400
v 0.515526 -2.422760 -6.554760
v 1.438030 -2.450640 -7.572410
v 1.482810 -2.451550 -7.571610
v -0.046050 -2.429250 -5.959580
v 1.758306 -2.418068 -6.835416
v 1.689530 -2.454150 -7.574670
v 1.689500 -2.491291 -7.628910
v 1.627030 -2.565400 -7.627590
v 1.482230 -2.457120 -7.622400
v 1.488090 -2.472301 -7.668810
v 1.543570 -2.525230 -7.661940
v -0.047046 -2.428020 -5.910620
v -0.048281 -2.431961 -5.863220
v 1.436650 -2.457110 -7.627420
v -0.044424 -2.419641 -6.057070
v 1.655230 -2.449950 -7.616970
v 1.665000 -2.486840 -7.658430
v 1.601650 -2.567360 -7.651860
v 1.437900 -2.466300 -7.676280
v 1.490020 -2.524900 -7.672860
v 1.551940 -2.569231 -7.683780
v -0.049461 -2.444110 -5.817360
v -0.050964 -2.499640 -5.804890
v 1.183990 -2.424921 -7.379470
v 1.342590 -2.449151 -7.577400
v 1.628190 -2.486400 -7.687120
v 1.439160 -2.522090 -7.679970
v 1.494020 -2.569700 -7.701570
v -0.053721 -2.556591 -5.798580
v 1.340490 -2.443620 -7.635560
v 1.189960 -2.445121 -7.476600
v 1.612060 -2.450351 -7.650760
v 1.582360 -2.488111 -7.707640
v 1.440790 -2.571661 -7.707510
v 1.340340 -2.461200 -7.682370
v -0.056111 -2.530771 -5.754400
v -0.201193 -2.426210 -5.911420
v -0.202663 -2.430750 -5.861820
v 1.290470 -2.447680 -7.633380
v 1.569670 -2.452700 -7.674560
v 1.537130 -2.487200 -7.726640
v 1.338680 -2.518700 -7.688700
v 1.287920 -2.470250 -7.678990
v 1.488380 -2.488291 -7.738180
v -0.057370 -2.476410 -5.754600
v -0.204116 -2.446200 -5.816860
v -0.205510 -2.498981 -5.809080
v 0.511856 -2.420790 -6.849800
v 1.192050 -2.447870 -7.582270
v -0.043065 -2.416991 -6.250240
v 1.525530 -2.450711 -7.692920
v 1.286650 -2.520670 -7.689380
v 1.338300 -2.571270 -7.706980
v 1.438350 -2.487231 -7.746490
v 1.479250 -2.449940 -7.704010
v -0.058191 -2.440500 -5.788010
v -0.207872 -2.555240 -5.799150
v 0.814258 -2.420660 -7.196170
v 1.190600 -2.446430 -7.634170
v 1.758198 -2.406905 -7.192181
v 1.286600 -2.572450 -7.705880
v 1.431460 -2.449940 -7.711750
v 1.185340 -2.455770 -7.686910
v -0.210214 -2.527170 -5.757090
v 1.759900 -2.406792 -7.242448
v 1.185300 -2.516450 -7.693020
v 1.336010 -2.490201 -7.751730
v 1.712461 -0.975508 -5.990495
v -0.211647 -2.473571 -5.757530
v 1.183580 -2.572320 -7.711820
v 1.284410 -2.490140 -7.754490
v 1.332000 -2.449121 -7.722090
v 1.693262 -0.975508 -5.943167
v -0.212041 -2.438510 -5.791370
v 0.821093 -2.419520 -7.396930
v 1.039270 -2.445690 -7.634640
v 1.758432 -2.405069 -7.341676
v 1.281270 -2.450770 -7.722670
v 1.038880 -2.449511 -7.686310
v 1.735437 -0.975508 -6.140957
v 1.664104 -0.975507 -5.897552
v 0.826788 -2.439861 -7.494510
v 1.032330 -2.512420 -7.695630
v 1.181860 -2.491360 -7.758820
v 1.629037 -0.975507 -5.858239
v 1.590116 -0.975507 -5.824167
v -0.042858 -2.419960 -6.554010
v 1.749350 -2.404166 -7.439268
v 1.030080 -2.571691 -7.708770
v 1.179720 -2.451611 -7.727330
v 1.544537 -0.975507 -5.800561
v 0.512492 -2.419420 -7.206280
v 0.828337 -2.441431 -7.594950
v 1.749470 -0.975508 -6.317883
v 1.496054 -0.975507 -5.783472
v 0.828786 -2.440630 -7.644930
v 1.688998 -2.411316 -7.575352
v 1.028150 -2.492511 -7.759410
v 0.829873 -2.449060 -7.695140
v 1.654649 -2.408155 -7.616608
v 0.829706 -2.506300 -7.704000
v 1.027620 -2.451271 -7.731760
v 1.394982 -0.975507 -5.768264
v 0.516129 -2.413070 -7.415970
v -0.817086 -2.432360 -5.977280
v 1.612360 -2.408456 -7.650162
v 0.826588 -2.567621 -7.712620
v -0.818254 -2.438830 -5.879000
v -0.821299 -2.433550 -5.927380
v -0.048629 -2.424290 -6.857870
v 0.517690 -2.433960 -7.516230
v -0.804810 -2.422760 -6.075700
v 1.569898 -2.410225 -7.674469
v 1.291780 -0.975507 -5.763960
v -0.822408 -2.448791 -5.831520
v -0.825083 -2.502371 -5.818010
v -0.924489 -2.435091 -5.985560
v 1.525343 -2.408727 -7.692710
v 0.824487 -2.488700 -7.762040
v -0.828450 -2.556690 -5.806720
v 0.518312 -2.432940 -7.623410
v -0.906128 -2.428751 -6.081800
v -0.938888 -2.437401 -5.943360
v 1.478765 -2.408147 -7.704091
v 0.822722 -2.448680 -7.731700
v -0.831533 -2.528200 -5.763900
v -0.953575 -2.442101 -5.902670
v 0.519477 -2.432271 -7.678820
v -0.993341 -2.440871 -5.930640
v -1.018240 -2.437100 -5.995280
v 1.430734 -2.408147 -7.711637
v 0.522901 -2.475410 -7.699290
v -0.832434 -2.477071 -5.765500
v -0.976385 -2.503450 -5.844740
v -0.971502 -2.451730 -5.856950
v -0.791876 -2.419530 -6.275830
v -1.005840 -2.434450 -6.087250
v -1.036360 -2.442340 -5.949890
v -1.060570 -2.438621 -6.006160
v 0.529996 -2.523961 -7.704180
v -0.831055 -2.436360 -5.799740
v -0.976778 -2.558100 -5.828940
v -1.018960 -2.450871 -5.881130
v -1.027900 -2.503170 -5.869260
v -1.055970 -2.436570 -6.087990
v -1.061050 -2.453950 -5.910840
v -1.082680 -2.443940 -5.987230
v 1.331277 -2.407530 -7.722222
v 0.534162 -2.567971 -7.718540
v 1.717668 0.091450 -6.034294
v -0.212028 -2.399544 -5.791734
v -0.988231 -2.527010 -5.790860
v -1.020700 -2.555800 -5.846830
v -1.071570 -2.504771 -5.902060
v -0.893753 -2.419050 -6.278550
v -1.056770 -2.436270 -6.134560
v -1.106730 -2.439090 -6.085530
v -1.096280 -2.457561 -5.943100
v -1.123050 -2.458451 -5.981850
v 0.432579 -2.556211 -7.719220
v 1.705380 0.091449 -5.986567
v -0.990018 -2.475821 -5.789830
v -1.035730 -2.526310 -5.810780
v -1.090300 -2.554610 -5.892540
v -1.051720 -2.554851 -5.863540
v -1.107980 -2.506850 -5.938680
v -0.045185 -2.419050 -7.216840
v -1.111280 -2.439121 -6.133280
v -1.154480 -2.454880 -6.078080
v -1.135410 -2.507370 -5.980470
v 1.770043 -0.975507 -6.881575
v 0.547976 -2.483521 -7.763810
v 1.735171 0.091449 -6.182479
v 0.935766 -0.975507 -5.755562
v -0.978313 -2.432720 -5.822050
v -1.035680 -2.475461 -5.812600
v -1.079590 -2.522881 -5.836370
v -1.124890 -2.556231 -5.929680
v -1.119610 -2.522161 -5.871100
v -0.996154 -2.434031 -6.279020
v -1.055870 -2.435920 -6.230780
v -1.162580 -2.452370 -6.127600
v -1.174850 -2.503201 -6.074400
v -1.153770 -2.556911 -5.974090
v 1.179190 -2.409405 -7.728575
v 0.554922 -2.440770 -7.731620
v 1.627980 0.091450 -5.861730
v 1.659852 0.091449 -5.899427
v 1.590174 0.091450 -5.828945
v -1.023520 -2.431791 -5.839570
v -1.081770 -2.470731 -5.838690
v -1.155630 -2.522031 -5.912430
v -1.121300 -2.472220 -5.875130
v -1.050420 -2.436871 -6.278500
v -1.114740 -2.439000 -6.230850
v -1.181930 -2.503000 -6.124750
v -1.188900 -2.555070 -6.071240
v -1.187970 -2.522640 -5.957790
v 1.547004 0.091449 -5.803710
v -1.065730 -2.430561 -5.864620
v -1.154810 -2.471340 -5.917710
v -1.102840 -2.431761 -5.897120
v -0.776216 -2.423030 -6.580290
v -0.042967 -2.417221 -7.423200
v -1.114830 -2.439620 -6.279480
v -1.171240 -2.456270 -6.229660
v -1.199080 -2.554641 -6.121650
v -1.226910 -2.529181 -6.062150
v -1.185020 -2.469080 -5.962580
v 1.748680 0.091450 -6.357168
v 1.501480 0.091449 -5.783036
v -1.135970 -2.429641 -5.934910
v -1.036270 -2.437240 -6.379600
v -0.040823 -2.435781 -7.526760
v -1.177290 -2.455781 -6.282740
v -1.184120 -2.505420 -6.227880
v -1.235550 -2.529351 -6.115930
v -1.231660 -2.473901 -6.063430
v -1.163430 -2.431061 -5.977070
v 1.027363 -2.409148 -7.733209
v -0.876813 -2.424921 -6.581480
v -1.186880 -2.507480 -6.280080
v -1.201750 -2.554710 -6.225400
v -1.239940 -2.477310 -6.117750
v -1.194840 -2.446720 -6.072730
v 1.402313 0.091450 -5.763325
v -1.031250 -2.439750 -6.481820
v -1.131190 -2.445580 -6.382840
v -0.036554 -2.437320 -7.634360
v -1.202680 -2.560071 -6.276890
v -1.176010 -2.460181 -6.384630
v -1.237210 -2.529630 -6.224800
v -1.204330 -2.448781 -6.123920
v 1.769709 -0.975507 -7.211139
v -0.767975 -2.426010 -6.885410
v -0.977109 -2.439511 -6.583200
v -1.238120 -2.531090 -6.277210
v -1.183940 -2.511860 -6.382590
v -1.241650 -2.478601 -6.224830
v 1.770521 -0.975507 -7.263215
v -0.021833 -2.477310 -7.706730
v -0.026085 -2.523401 -7.716190
v 1.301144 0.091450 -5.757650
v -1.027510 -2.442151 -6.583970
v -1.130960 -2.446270 -6.483570
v -0.142499 -2.439180 -7.625000
v -1.199580 -2.564111 -6.379670
v -1.242410 -2.480100 -6.277650
v -1.176650 -2.460731 -6.484640
v -1.206840 -2.449030 -6.226620
v -0.026668 -2.568800 -7.731060
v -0.869172 -2.427320 -6.888090
v -1.237530 -2.535240 -6.380520
v -1.209260 -2.449811 -6.278620
v -1.182360 -2.513520 -6.483820
v 1.767383 -0.975507 -7.366971
v -0.139381 -2.465311 -7.712540
v -0.136664 -2.519150 -7.723400
v -1.127370 -2.447340 -6.585580
v -1.198090 -2.565930 -6.482440
v -1.242250 -2.484431 -6.381990
v -1.175560 -2.461330 -6.586760
v -0.026272 -2.506840 -7.780650
v -0.136805 -2.568980 -7.735190
v -0.829688 -2.397926 -5.800426
v -0.967186 -2.443960 -6.890420
v -1.236990 -2.539780 -6.483130
v -1.209910 -2.454190 -6.383550
v 1.749203 -0.975507 -7.477901
v -0.023649 -2.470070 -7.771110
v -1.018430 -2.445641 -6.891480
v -1.194970 -2.569170 -6.585180
v -1.240980 -2.489040 -6.484580
v -0.139481 -2.512740 -7.776380
v -0.762689 -2.429600 -7.201540
v -1.237890 -2.545531 -6.585540
v -1.209720 -2.456590 -6.486500
v 0.556238 -2.401245 -7.733450
v -0.143021 -2.470510 -7.769440
v -0.976952 -2.395186 -5.822471
v -1.016100 -2.447070 -6.994440
v -1.120050 -2.449040 -6.894070
v -1.244200 -2.493391 -6.586940
v 1.772401 0.091449 -6.906610
v 0.930074 0.091450 -5.746892
v -1.023286 -2.394486 -5.839947
v -0.864223 -2.429831 -7.199700
v -1.168940 -2.465671 -6.894390
v -1.208500 -2.466650 -6.587510
v -1.066549 -2.393560 -5.864502
v -1.115220 -2.452831 -6.996350
v -1.180790 -2.518250 -6.893280
v 1.719330 1.072530 -6.069130
v -1.183393 0.091450 -6.025425
v -1.104009 -2.394463 -5.897279
v -0.762788 -2.430270 -7.409230
v -0.962924 -2.447711 -7.198900
v -1.162630 -2.464091 -6.997000
v -1.189680 -2.573170 -6.892770
v 1.710040 1.072819 -6.017850
v -1.136824 -2.392868 -5.935563
v -1.014220 -2.448300 -7.199140
v -1.175460 -2.519161 -6.994980
v -1.234410 -2.556680 -6.895840
v -0.763876 -2.447510 -7.509710
v -1.163992 -2.393936 -5.978194
v 1.718189 1.185152 -6.071963
v -0.865790 -2.430861 -7.406240
v -1.187590 -2.575960 -6.994640
v -1.241820 -2.499930 -6.897220
v -1.195260 -2.405724 -6.074603
v 1.725761 1.182832 -6.175568
v 1.670750 1.073220 -5.921680
v 1.640210 1.073230 -5.880780
v 1.710518 1.186300 -6.020484
v 1.603220 1.073250 -5.844930
v -1.113480 -2.455101 -7.199300
v -1.230430 -2.551121 -6.997800
v -1.213100 -2.460391 -6.897160
v -0.768556 -2.453390 -7.613430
v -0.866386 -2.450011 -7.505750
v -1.204263 -2.407274 -6.125766
v 1.774259 0.091450 -7.253103
v 1.729052 1.181670 -6.227449
v 1.757210 1.264439 -6.067190
v 1.562380 1.073330 -5.813570
v -0.963564 -2.451010 -7.401400
v -1.161240 -2.474290 -7.199630
v -1.237100 -2.497290 -6.999220
v 1.773404 0.091450 -7.305413
v -0.768932 -2.470450 -7.715720
v 1.761380 1.266240 -6.175380
v 1.640016 1.189288 -5.884053
v 1.671607 1.188431 -5.923777
v 1.744220 1.267040 -6.012310
v 1.719310 1.312260 -6.075870
v -0.938411 0.091450 -5.830230
v 1.516550 1.073609 -5.790340
v 1.604625 1.190085 -5.846873
v -0.185013 -0.975507 -5.772145
v -1.013730 -2.454091 -7.399830
v -1.173560 -2.526430 -7.199690
v -1.202510 -2.462430 -6.999280
v -0.875335 -2.455520 -7.608120
v -0.966671 -2.452991 -7.500050
v -1.208043 -2.407462 -6.228535
v 1.770284 0.091450 -7.409719
v -0.810627 -2.477251 -7.726700
v -0.801457 -2.525070 -7.716920
v 1.731874 1.179343 -6.331098
v 1.762350 1.265640 -6.228260
v 1.727270 1.315330 -6.180050
v 1.710840 1.315709 -6.023870
v 1.699320 1.259459 -6.081850
v 1.562624 1.190712 -5.816895
v -1.188490 -2.579771 -7.200300
v -0.838240 -2.473800 -7.709420
v -1.017320 -2.455491 -7.497520
v -0.802111 -2.575470 -7.737740
v -0.847170 -2.527180 -7.713900
v 1.732794 1.178184 -6.382738
v 1.733220 1.316689 -6.231400
v 1.704820 1.255460 -6.185700
v 1.701270 1.271739 -5.906980
v 1.662450 1.278250 -5.865060
v 1.689000 1.261369 -6.030400
v 1.682500 1.206320 -6.084820
v 1.418460 1.075480 -5.760960
v 1.518393 1.191236 -5.791408
v 1.621500 1.282770 -5.828080
v -1.110830 -2.458791 -7.399110
v -1.227010 -2.550941 -7.202550
v -0.893343 -2.472060 -7.710050
v -0.975852 -2.461051 -7.598710
v -1.020870 -2.458601 -7.547340
v 1.746146 0.091450 -7.511456
v -0.020842 -2.423299 -7.765104
v -0.806589 -2.536280 -7.773820
v -0.850023 -2.576771 -7.731790
v -0.895700 -2.525780 -7.713660
v 1.764910 1.264790 -6.332610
v 1.694330 1.200660 -6.188620
v 1.669170 1.317260 -5.927880
v 1.632830 1.314790 -5.890240
v 1.675130 1.205559 -6.032830
v 1.578870 1.282709 -5.793440
v 1.593250 1.314039 -5.858440
v -1.156500 -2.475091 -7.402730
v -1.227020 -2.498141 -7.204580
v -1.027150 -2.463371 -7.601060
v -1.062546 -2.536840 -7.622113
v -1.126210 -2.477690 -7.499190
v -1.211626 -2.411346 -6.384858
v -0.808910 -2.478760 -7.761820
v -0.857980 -2.538131 -7.773510
v -0.898740 -2.578090 -7.725550
v 1.736554 1.175870 -6.485906
v 1.764850 1.264449 -6.384370
v 1.741210 1.320140 -6.334410
v 1.718420 1.282269 -6.234630
v 1.703620 1.247849 -6.237850
v 1.693250 1.197739 -6.240360
v 1.653590 1.271490 -5.933860
v 1.581250 1.187940 -6.103360
v 1.316900 1.078840 -5.753590
v 1.421744 1.191792 -5.761893
v 1.535120 1.279060 -5.760300
v 1.554490 1.318249 -5.827500
v 1.594231 1.225695 -5.897671
v 1.559077 1.222117 -5.858759
v -1.090208 0.091449 -5.886922
v -1.165080 -2.527251 -7.401110
v -1.196350 -2.461350 -7.204580
v -0.993642 -2.474981 -7.676800
v -1.118470 -2.483600 -7.548990
v 1.692571 0.091450 -7.601745
v -0.861433 -2.478340 -7.759310
v -0.908458 -2.541060 -7.767530
v -0.988822 -2.528121 -7.683130
v 1.748200 1.322980 -6.385950
v 1.715040 1.290959 -6.338300
v 1.592950 1.185290 -6.201470
v 1.638810 1.222350 -5.935060
v 1.573760 1.190570 -6.054470
v 1.514920 1.319160 -5.798820
v 1.537450 1.268950 -5.824740
v -1.182830 -2.579041 -7.403090
v -1.037600 -2.483531 -7.650030
v -1.093390 -2.494781 -7.591850
v -1.069530 -2.492316 -7.624680
v -1.127870 -2.533820 -7.540560
v -1.142740 -2.530290 -7.495390
v 1.650007 0.091450 -7.631417
v -0.907323 -2.479390 -7.763510
v -0.990024 -2.580510 -7.698440
v -1.026950 -2.537160 -7.659130
v 1.739886 1.173572 -6.588307
v 1.766800 1.263399 -6.487360
v 1.714780 1.297610 -6.390150
v 1.704460 1.242730 -6.341720
v 1.599480 1.184559 -6.251030
v 1.683110 1.191920 -6.345360
v 1.319479 1.191771 -5.757799
v 1.426830 1.272820 -5.735640
v 1.514850 1.270149 -5.813200
v 1.519090 1.225559 -5.825900
v 1.531810 1.194679 -5.912420
v 1.507780 1.198680 -5.867820
v -1.221600 -2.548501 -7.407920
v -1.104780 -2.541790 -7.580260
v -1.067420 -2.577811 -7.647890
v -1.166900 -2.580040 -7.498380
v -1.150530 -2.580821 -7.542850
v 1.603182 0.091449 -7.651935
v -0.903744 -2.474120 -7.746380
v -0.946055 -2.469900 -7.733460
v -1.008300 -2.547431 -7.735230
v -1.032820 -2.580570 -7.677840
v 1.761680 1.315580 -6.488290
v 1.710000 1.246300 -6.392440
v 1.688840 1.194880 -6.396160
v 1.551520 1.193190 -5.959290
v 1.424330 1.176499 -6.124800
v 1.421340 1.311400 -5.768160
v -0.156961 0.091450 -5.770701
v -1.221030 -2.497520 -7.410350
v -1.127990 -2.579781 -7.582470
v -1.095150 -2.570631 -7.616310
v -1.204400 -2.552711 -7.511140
v -1.183260 -2.551100 -7.557740
v 1.553648 0.091449 -7.664547
v 1.744523 1.171292 -6.689982
v -0.303859 -2.431797 -7.767859
v -1.011270 -2.498301 -7.739420
v -1.053520 -2.547431 -7.707410
v 1.769030 1.264820 -6.588800
v 1.724010 1.310189 -6.494410
v 1.620630 1.190719 -6.350060
v 1.629460 1.197170 -6.399740
v 1.430680 1.182160 -6.225010
v 1.422400 1.177019 -6.071940
v 1.319510 1.284410 -5.733790
v 1.420360 1.257830 -5.785240
v 1.472390 1.212229 -5.813210
v 1.420350 1.186270 -5.914170
v -1.182580 -2.464870 -7.410300
v -1.157990 -2.549130 -7.599980
v -1.188990 -2.502790 -7.561060
v -1.205930 -2.505461 -7.514410
v 1.501993 0.091449 -7.666810
v -0.996683 -2.466141 -7.709710
v -1.057380 -2.497880 -7.711290
v -1.093100 -2.546431 -7.674200
v 1.765410 1.323959 -6.591200
v 1.717520 1.257650 -6.498520
v 1.438090 1.187010 -6.273990
v 1.700010 1.203670 -6.499490
v 1.322610 1.172449 -6.126850
v 1.319200 1.176839 -6.183280
v 1.319460 1.315420 -5.768570
v 1.422300 1.204920 -5.803640
v 1.419760 1.181239 -5.966490
v 1.581543 1.266541 -5.856456
v -1.212547 0.091449 -6.188159
v -1.127380 -2.545780 -7.637880
v -1.160900 -2.503310 -7.597880
v -1.167180 -2.475040 -7.508050
v -1.143040 -2.471421 -7.563400
v 1.450209 0.091449 -7.666847
v 1.772500 1.266090 -6.688090
v -1.039930 -2.463100 -7.683290
v -1.097830 -2.496620 -7.675620
v 1.729820 1.307060 -6.598950
v 1.643760 1.205649 -6.502150
v 1.325140 1.201200 -6.234960
v 1.318590 1.171769 -6.070000
v 1.267470 1.184360 -6.169970
v 1.280120 1.170770 -6.118040
v 1.114602 1.191413 -5.763656
v 1.318330 1.260239 -5.780880
v 1.317440 1.178650 -5.908920
v 1.619732 1.267051 -5.891359
v -1.199023 0.091449 -6.071594
v -1.134090 -2.496790 -7.638050
v 1.398553 0.091449 -7.666132
v 1.775310 1.321910 -6.688130
v -1.077090 -2.463230 -7.649950
v 1.718260 1.257789 -6.603840
v 1.457470 1.203690 -6.370180
v 1.339930 1.235530 -6.282640
v 1.468620 1.217870 -6.417310
v 1.698980 1.207710 -6.606760
v 1.282060 1.233170 -6.251470
v 1.297346 1.175059 -5.957374
v 1.256040 1.167880 -6.057010
v 1.224460 1.189200 -6.143290
v 1.239270 1.169350 -6.103080
v 1.246150 1.229390 -6.212660
v 0.959426 1.092149 -5.761460
v 1.319720 1.192940 -5.801480
v 1.316560 1.176409 -5.960890
v -1.110960 -2.464911 -7.611980
v 1.734750 1.311480 -6.684570
v 1.349580 1.245820 -6.334440
v 1.316330 1.239320 -6.294080
v 1.648750 1.214460 -6.608010
v 1.206190 1.225330 -6.178120
v 1.271700 1.188339 -6.270130
v 1.236020 1.184559 -6.233700
v 1.112970 1.292420 -5.741100
v -0.796241 -0.975507 -5.804502
v -1.213424 -2.416013 -6.898619
v 1.297108 0.091449 -7.665804
v 1.750956 1.165597 -6.943708
v 1.373810 1.252519 -6.382490
v 1.305770 1.193310 -6.309130
v 1.494110 1.244470 -6.514070
v 1.400560 1.261180 -6.427560
v 1.721990 1.263560 -6.715280
v 1.700480 1.214840 -6.715800
v 1.196470 1.179659 -6.202530
v 1.230590 1.140499 -6.248460
v 1.267260 1.145339 -6.283080
v 0.961528 1.191095 -5.770279
v 1.113490 1.319659 -5.778240
v 1.367210 1.204450 -6.392080
v 1.337880 1.198230 -6.349770
v 1.304150 1.149430 -6.320330
v 1.441510 1.276379 -6.519540
v 1.649450 1.219769 -6.716530
v 1.391430 1.212120 -6.437120
v 1.191570 1.134799 -6.218540
v 1.118680 1.215739 -6.124840
v 1.135030 1.180230 -6.084330
v 1.279870 1.102560 -6.276450
v 1.241900 1.095909 -6.242320
v 1.112730 1.270670 -5.788420
v 1.755724 1.163291 -7.046559
v 1.782800 1.271839 -6.940710
v 1.365840 1.158090 -6.402890
v 1.335930 1.152320 -6.362490
v 1.330050 1.105760 -6.314220
v 1.513430 1.267099 -6.611960
v 1.431890 1.224720 -6.527420
v 1.392250 1.166039 -6.444090
v 1.097240 1.163550 -6.019230
v 1.203470 1.089270 -6.211630
v 1.111370 1.168970 -6.149510
v 1.072860 1.214239 -6.101100
v 1.087450 1.182080 -6.061030
v 1.269750 1.066110 -6.215530
v 1.302700 1.070880 -6.252420
v 0.960171 1.292250 -5.746390
v 1.113180 1.223600 -5.794100
v 1.110720 1.162520 -5.919490
v 1.113610 1.168390 -5.866120
v 1.114140 1.178640 -5.807400
v -0.954601 -0.975507 -5.828117
v -1.035253 0.091450 -5.858708
v 1.143638 0.091449 -7.671121
v 1.789360 1.318580 -6.936110
v 1.365530 1.106629 -6.356690
v 1.394170 1.115700 -6.396410
v 1.332850 1.086410 -6.283790
v 1.466690 1.287400 -6.614960
v 1.435310 1.177710 -6.531240
v 1.420410 1.127710 -6.435290
v 1.232720 1.060070 -6.181260
v 1.108510 1.122200 -6.166270
v 1.067220 1.165020 -6.125550
v 1.329140 1.038570 -6.230430
v 1.298170 1.034360 -6.191280
v 0.959310 1.319370 -5.782560
v 1.785480 1.270149 -7.044400
v 1.750400 1.331640 -6.933710
v -0.808138 -2.429840 -7.757698
v 1.437360 1.088940 -6.376770
v 1.411250 1.078369 -6.337020
v 1.358940 1.051849 -6.264260
v 1.521180 1.289420 -6.711730
v 1.458400 1.235260 -6.622870
v 1.462680 1.141790 -6.521520
v 1.462140 1.100020 -6.417500
v 1.702750 1.224210 -6.932960
v 1.728080 1.277619 -6.933200
v 0.989060 1.169960 -6.014680
v 1.263450 1.031150 -6.153370
v 1.120880 1.076670 -6.153960
v 1.065780 1.118270 -6.140660
v 0.978212 1.208750 -6.059150
v 1.361600 1.007259 -6.209260
v 1.327440 1.002090 -6.166420
v 0.958164 1.269199 -5.795980
v -0.782484 0.091449 -5.808640
v 1.771105 1.157538 -7.303329
v 1.791810 1.319380 -7.040780
v 1.449810 1.039790 -6.326070
v 1.474980 1.051059 -6.366840
v 1.393390 1.015970 -6.249130
v 1.474030 1.302780 -6.711250
v 1.465730 1.184049 -6.629520
v 1.494550 1.136330 -6.581360
v 1.494900 1.115499 -6.508530
v 1.651150 1.232110 -6.931710
v 1.497840 1.063969 -6.408630
v 0.936728 1.170869 -6.004150
v 1.219560 1.022470 -6.119370
v 1.146300 1.047909 -6.119790
v 1.293970 0.999463 -6.127910
v 1.079560 1.078110 -6.124470
v 0.972572 1.157019 -6.090180
v 0.927483 1.207200 -6.048010
v 1.392870 0.974449 -6.186380
v 0.957678 1.221359 -5.799320
v 0.952042 1.160410 -5.902690
v 0.955776 1.162070 -5.852160
v 0.957700 1.174139 -5.805440
v -1.196111 -2.416736 -7.205507
v 0.990615 0.091449 -7.681933
v 1.787950 1.270529 -7.147250
v 1.757530 1.332410 -7.038110
v -0.904189 -2.426348 -7.743939
v 1.510720 1.012969 -6.358830
v 1.486170 1.000839 -6.317060
v 1.430800 0.982038 -6.236620
v 1.464600 1.248819 -6.719630
v 1.503260 1.144530 -6.634050
v 1.531090 1.086810 -6.498110
v 1.533170 1.026980 -6.401830
v 1.732150 1.282040 -7.037580
v 1.702690 1.232149 -7.037820
v 1.254110 0.993618 -6.093340
v 1.103730 1.050879 -6.086690
v 0.971490 1.103580 -6.104210
v 0.923220 1.157099 -6.078760
v 1.392710 0.946932 -6.112940
v 0.600507 1.190447 -5.781343
v 1.788760 1.269009 -7.199040
v 1.796000 1.318789 -7.145280
v -0.948266 -2.423171 -7.731837
v 1.531330 0.975285 -6.301640
v 1.556340 0.988125 -6.344570
v 1.472650 0.956754 -6.221930
v 1.446330 0.955045 -6.184560
v 1.475390 1.198570 -6.726630
v 1.510840 1.312220 -6.865430
v 1.545650 1.110749 -6.636850
v 1.542040 1.102890 -6.590170
v 1.565190 1.267420 -6.927490
v 1.569400 1.056740 -6.490490
v 1.653270 1.243219 -7.035740
v 1.577510 1.003290 -6.389080
v 1.124200 1.012930 -6.056960
v 1.362390 0.943714 -6.077390
v 0.985873 1.062469 -6.081910
v 0.918351 1.101470 -6.094260
v 1.430850 0.925409 -6.086150
v 1.682416 1.053320 -7.594644
v 1.773282 1.156380 -7.354961
v 1.796980 1.317529 -7.197480
v 1.761930 1.337909 -7.142330
v -0.998283 -2.420341 -7.709817
v 1.604710 0.962688 -6.332040
v 1.579850 0.949132 -6.287810
v 1.509830 0.935525 -6.208170
v 1.483390 0.931578 -6.166610
v 1.509880 1.159420 -6.732030
v 1.467850 1.326519 -6.858880
v 1.502720 1.321220 -6.916480
v 1.583530 1.072370 -6.587650
v 1.588960 1.082119 -6.636670
v 1.608080 1.026579 -6.484430
v 1.624050 0.980122 -6.378000
v 1.737280 1.283819 -7.140360
v 1.707120 1.233929 -7.140330
v 1.320780 0.936825 -6.038800
v 1.006090 1.028949 -6.050690
v 1.401410 0.921546 -6.050360
v 0.924824 1.057660 -6.064180
v 0.597600 1.292790 -5.754040
v 0.800611 1.165630 -5.814850
v 1.758025 1.154025 -7.458986
v 1.791120 1.260199 -7.302850
v 1.761440 1.339219 -7.194410
v -1.041767 -2.418053 -7.683470
v 1.661290 0.938009 -6.325090
v 1.455090 1.270140 -6.865500
v 1.551670 1.129080 -6.736520
v 1.457870 1.337309 -6.908800
v 1.637100 1.059999 -6.634680
v 1.629680 1.050269 -6.582830
v 1.560100 1.281890 -7.030950
v 1.645330 0.996397 -6.480940
v 1.657680 1.250309 -7.139720
v 1.667120 0.948429 -6.377240
v 1.710600 1.236679 -7.192050
v 1.740490 1.285269 -7.191600
v 1.271600 0.916546 -6.013830
v 1.369690 0.919338 -6.017560
v 1.021870 0.992661 -6.020040
v 0.963015 1.024270 -6.037910
v 0.597787 1.318570 -5.790220
v -1.181094 -2.419385 -7.411416
v 1.794330 1.254889 -7.354900
v 1.800050 1.308159 -7.302910
v -1.079462 -2.418151 -7.650115
v 1.654040 0.915658 -6.275170
v 1.442180 1.279710 -6.914530
v 1.457310 1.215800 -6.872170
v 1.591560 1.097399 -6.740280
v 1.476590 1.332630 -7.017090
v 1.676270 1.028669 -6.634970
v 1.672270 1.023589 -6.581250
v 1.660590 1.254909 -7.190480
v 1.672190 0.895878 -6.385430
v 1.671320 0.886255 -6.334220
v 1.333280 0.899344 -6.001850
v 1.292350 0.878528 -5.984180
v 1.186900 0.899888 -5.968660
v 0.976016 0.987193 -6.006240
v 1.546550 0.840802 -6.027310
v 0.597251 1.266810 -5.802570
v -1.130157 0.091449 -5.920775
v -1.165060 -2.427040 -7.509863
v 1.710731 1.151831 -7.554310
v 1.800500 1.302479 -7.355750
v 1.763730 1.335229 -7.300470
v -1.112598 -2.419415 -7.611393
v 1.629370 0.879238 -6.182310
v 1.672580 0.871002 -6.283160
v 1.424560 1.306280 -6.974830
v 1.496470 1.178990 -6.882530
v 1.630150 1.064139 -6.741520
v 1.437640 1.362870 -7.003230
v 1.563540 1.296559 -7.137500
v 1.673270 0.903311 -6.436930
v 1.676180 0.909802 -6.488750
v 1.677400 0.843843 -6.392830
v 1.676630 0.835006 -6.341940
v 1.749380 1.286029 -7.294320
v 1.719550 1.244399 -7.291560
v 1.205330 0.860776 -5.936980
v 1.498760 0.831795 -5.964770
v 0.715143 1.083089 -6.073280
v 1.582350 0.808438 -6.012050
v 0.596612 1.217039 -5.812050
v 1.679150 1.150843 -7.596712
v 1.774020 1.246189 -7.481050
v 1.767680 1.329629 -7.353700
v 1.654950 0.841794 -6.187280
v 1.676420 0.823116 -6.291800
v 1.410960 1.271100 -6.991470
v 1.536630 1.146299 -6.892300
v 1.670310 1.031270 -6.738600
v 1.458560 1.336869 -7.119230
v 1.514130 1.317169 -7.139630
v 1.696200 0.928039 -6.640980
v 1.691770 0.922406 -6.590410
v 1.570450 1.300409 -7.192500
v 1.682590 0.858014 -6.494420
v 1.678700 0.851275 -6.443580
v 1.668560 1.263799 -7.292500
v 1.751950 1.283179 -7.346860
v 1.725220 1.243669 -7.341940
v 0.595860 1.162439 -5.984980
v 1.455630 0.824969 -5.932320
v 1.056270 0.883470 -5.917160
v 1.526860 0.791445 -5.942520
v 0.722832 1.033839 -6.038910
v 0.601370 1.136240 -6.066670
v 0.599745 1.203643 -6.042369
v 1.610600 0.768562 -6.002720
v 0.595575 1.164170 -5.823060
v 0.595246 1.155940 -5.877740
v 1.640890 1.150001 -7.632288
v 1.724580 1.234109 -7.572440
v 1.772130 1.292359 -7.496090
v 1.783350 1.250299 -7.444550
v 1.788580 1.299589 -7.454700
v 1.675430 0.798412 -6.192140
v 1.424830 1.226150 -7.007780
v 1.474720 1.189350 -6.977480
v 1.576780 1.113670 -6.901900
v 1.695480 0.870759 -6.595240
v 1.696150 0.876167 -6.645660
v 1.673690 1.267269 -7.343430
v 1.414280 0.820565 -5.908970
v 1.480720 0.783204 -5.908860
v 1.233320 0.788060 -5.875110
v 1.069520 0.849468 -5.878680
v 1.009500 0.880192 -5.903120
v 1.557270 0.751586 -5.922460
v 0.729874 0.993479 -6.005120
v 0.602970 1.090880 -6.074420
v 1.596420 1.149337 -7.659625
v 1.695970 1.227769 -7.616520
v 1.724350 1.278189 -7.579470
v 1.731660 1.314579 -7.487220
v 1.747220 1.319269 -7.453900
v 1.376530 1.342350 -7.081010
v 1.366690 1.293390 -7.086750
v 1.457520 1.191810 -7.024040
v 1.511740 1.155390 -6.990880
v 1.614330 1.078120 -6.911680
v 1.693240 0.934945 -6.741040
v 1.409090 1.373559 -7.172390
v 1.463640 1.340759 -7.155260
v 1.481830 1.340749 -7.207020
v 1.559650 1.308499 -7.302780
v 1.619720 1.283349 -7.344840
v 1.712740 1.226159 -7.441340
v 1.730740 1.270759 -7.453060
v 1.432980 0.782764 -5.873520
v 1.243340 0.752203 -5.841690
v 1.325770 0.790024 -5.896440
v 1.021320 0.845476 -5.866030
v 1.081890 0.811790 -5.838740
v 0.736223 0.954750 -5.971150
v 0.674974 1.026360 -6.032110
v 0.682237 0.987796 -5.998400
v 0.668152 1.056130 -6.052720
v 0.614958 1.049060 -6.061700
v 0.533144 0.091450 -7.723247
v 1.548071 1.148887 -7.677279
v 1.656380 1.224239 -7.651800
v 1.695290 1.273199 -7.620820
v 1.695500 1.300679 -7.565020
v 1.350200 1.354419 -7.125440
v 1.339000 1.306139 -7.130760
v 1.403270 1.386299 -7.087530
v 1.494920 1.159010 -7.039070
v 1.550820 1.122100 -7.003580
v 1.651930 1.041409 -6.922030
v 1.702170 0.885600 -6.745580
v 1.371150 1.400959 -7.129300
v 1.439110 1.364349 -7.227240
v 1.563400 1.289179 -7.348500
v 1.667460 1.240659 -7.437680
v 1.684140 0.634658 -6.362440
v 1.693090 0.638405 -6.412280
v 1.338500 0.756421 -5.856710
v 1.028720 0.803725 -5.834860
v 0.687188 0.947734 -5.967400
v 0.634830 0.982408 -5.994320
v 0.630208 1.020670 -6.026690
v 1.642360 0.630517 -5.994500
v 1.497951 1.148550 -7.689816
v 1.610990 1.221699 -7.679680
v 1.658990 1.266909 -7.656420
v 1.668570 1.298629 -7.595710
v 1.678060 1.257669 -7.549620
v -1.116737 -0.975508 -7.611292
v 1.675250 0.637931 -6.207880
v 1.679130 0.632001 -6.311710
v 1.309150 1.317689 -7.169830
v 1.317150 1.366839 -7.163910
v 1.383710 1.250729 -7.113450
v 1.362930 1.269139 -7.162860
v 1.533120 1.125659 -7.053530
v 1.586000 1.083879 -7.014190
v 1.335080 1.412399 -7.167940
v 1.362340 1.404349 -7.199810
v 1.401660 1.391239 -7.256420
v 1.503520 1.311709 -7.311450
v 1.512300 1.269729 -7.339130
v 1.618960 1.242369 -7.434870
v 1.697630 0.643731 -6.462690
v 1.702140 0.651767 -6.512950
v 1.696300 0.584072 -6.415640
v 1.689650 0.582290 -6.365140
v 1.658580 1.213189 -7.530130
v 1.035840 0.751791 -5.825620
v 0.638000 0.941802 -5.964310
v 1.446231 1.148487 -7.690061
v 1.563790 1.219169 -7.705240
v 1.615070 1.264149 -7.686090
v 1.641640 1.296579 -7.626410
v 1.678220 0.581062 -6.315180
v 1.674890 0.583118 -6.211130
v 1.339200 1.288999 -7.203060
v 1.285010 1.376309 -7.202680
v 1.277970 1.328289 -7.208910
v 1.388280 1.233029 -7.196310
v 1.407920 1.217399 -7.154280
v 1.570980 1.091210 -7.067830
v 1.620330 1.043210 -7.021930
v 1.696910 0.951959 -6.935550
v 1.332180 1.412599 -7.247580
v 1.300790 1.425169 -7.205700
v 1.448910 1.304259 -7.311000
v 1.372350 1.423559 -7.290390
v 1.709120 0.667108 -6.613380
v 1.473560 1.234509 -7.317100
v 1.567540 1.233229 -7.430460
v 1.701140 0.586167 -6.466400
v 1.709150 0.588642 -6.553098
v 1.627590 1.210069 -7.569190
v 1.637680 1.251869 -7.594510
v 1.463420 0.624945 -5.828220
v 1.257850 0.607985 -5.817140
v 0.755422 0.834070 -5.880610
v -0.013955 1.189309 -5.801710
v 1.394102 1.148498 -7.687022
v 1.510650 1.221109 -7.718400
v 1.568760 1.262489 -7.712490
v 1.600710 1.296229 -7.653350
v 1.368040 1.255649 -7.237870
v 1.301660 1.290509 -7.236800
v 1.254750 1.384369 -7.241400
v 1.248700 1.334029 -7.248760
v 1.412170 1.195479 -7.227070
v 1.433020 1.176869 -7.180070
v 1.604080 1.048740 -7.073390
v 1.704760 0.900796 -6.940480
v 1.300430 1.427989 -7.286510
v 1.267050 1.436289 -7.240810
v 1.401400 1.328139 -7.316490
v 1.334210 1.442149 -7.326200
v 1.521090 1.210869 -7.418220
v 1.697850 0.477062 -6.369370
v 1.592140 1.249259 -7.624150
v 1.584570 1.204489 -7.597340
v 1.617950 1.203409 -7.523180
v 1.362250 0.611962 -5.818070
v 0.763035 0.793858 -5.850090
v 0.701742 0.824904 -5.875280
v 1.646650 0.476756 -6.009060
v -0.168284 1.088889 -5.798610
v 1.455990 1.224459 -7.716610
v 1.518000 1.262719 -7.734170
v 1.557940 1.291469 -7.679240
v 1.337630 1.277919 -7.270980
v 1.421400 1.228349 -7.264680
v 1.267180 1.299989 -7.274700
v 1.216300 1.390879 -7.272990
v 1.214370 1.344229 -7.284170
v 1.436060 1.156449 -7.257900
v 1.464850 1.144949 -7.208640
v 1.683240 0.962053 -7.036150
v 1.722320 0.679934 -6.763200
v 1.261140 1.435179 -7.316370
v 1.229150 1.442989 -7.270590
v 1.362980 1.348369 -7.338630
v 1.437140 1.265989 -7.294570
v 1.379530 1.285669 -7.295960
v 1.291020 1.450669 -7.359390
v 1.488110 1.173689 -7.393570
v 1.454470 1.193089 -7.289040
v 1.707330 0.475406 -6.472160
v 1.538270 1.204469 -7.619920
v 1.547750 1.247699 -7.648540
v 1.575570 1.191379 -7.548810
v 1.597520 0.474833 -5.920440
v 1.561650 0.472995 -5.884000
v 1.051370 0.598646 -5.804560
v 0.776481 0.739437 -5.820370
v 0.705974 0.782470 -5.843300
v 0.647693 0.819564 -5.869820
v -0.015980 1.289039 -5.775530
v -1.178600 1.074069 -6.003600
v 1.289871 1.148575 -7.678460
v 1.403680 1.234349 -7.708910
v 1.462960 1.263509 -7.740400
v 1.512140 1.294599 -7.700580
v 1.301390 1.286859 -7.309490
v 1.233610 1.313139 -7.312180
v 1.165680 1.388289 -7.306410
v 1.170580 1.343759 -7.313620
v 1.491890 1.113709 -7.245970
v 1.453360 1.124069 -7.299050
v 1.672840 0.968271 -7.087110
v 1.698060 0.912819 -7.040430
v 1.220210 1.445529 -7.340150
v 1.190140 1.447229 -7.294600
v 1.338590 1.306529 -7.335080
v 1.334700 1.362619 -7.377490
v 1.244930 1.456529 -7.384000
v 1.455350 1.142249 -7.372600
v 1.524690 1.186019 -7.523270
v 1.572300 1.199999 -7.512230
v 1.477290 1.173719 -7.437570
v 1.529380 1.194559 -7.570360
v 1.488390 1.211619 -7.633010
v 1.499310 1.253519 -7.665370
v 1.477420 0.467446 -5.826060
v 1.268400 0.458396 -5.805570
v 0.649385 0.776862 -5.838260
v -0.166920 1.189030 -5.806591
v -0.015765 1.314200 -5.811160
v 1.238304 1.148611 -7.674309
v 1.408640 1.267899 -7.747410
v 1.464480 1.305349 -7.714580
v 1.263900 1.303199 -7.343320
v 1.191890 1.320979 -7.347310
v 1.119810 1.379979 -7.331840
v 1.126440 1.335619 -7.341910
v 1.510530 1.108789 -7.208700
v 1.533360 1.067819 -7.228340
v 1.687970 0.918844 -7.091660
v 1.728990 0.579258 -6.771670
v 1.176120 1.453529 -7.358910
v 1.152880 1.443959 -7.313220
v 1.304700 1.322019 -7.370040
v 1.297680 1.377559 -7.409440
v 1.196980 1.450109 -7.403460
v 1.444880 1.092959 -7.354730
v 1.476800 1.191099 -7.531060
v 1.424910 1.177519 -7.433060
v 1.481830 1.203529 -7.580870
v 1.450400 1.264239 -7.676100
v 1.437900 1.223629 -7.639710
v 1.373620 0.462012 -5.808410
v 0.702376 0.735426 -5.814310
v 0.647734 0.728524 -5.816010
v -0.016052 1.264549 -5.825120
v -0.467479 1.240346 -7.494675
v 1.299060 1.248569 -7.701330
v 1.413750 1.315199 -7.723530
v 1.226770 1.315409 -7.377630
v 1.145650 1.312419 -7.382240
v 1.112500 1.436549 -7.335000
v 1.074590 1.376639 -7.354950
v 1.083370 1.330719 -7.365710
v 1.506440 1.072599 -7.270240
v 1.731670 0.698678 -6.965350
v 1.129010 1.457099 -7.372930
v 1.266090 1.336689 -7.401740
v 1.257570 1.385749 -7.439370
v 1.149740 1.437879 -7.417120
v 1.421090 1.141879 -7.403620
v 1.415810 1.093359 -7.395830
v 1.429590 1.204529 -7.535050
v 1.373800 1.179579 -7.438670
v 1.434760 1.218569 -7.586160
v 1.389260 1.241069 -7.640060
v 1.401370 1.279919 -7.679390
v 1.064750 0.445353 -5.793970
v -0.169320 1.284180 -5.780110
v -0.017122 1.215170 -5.830870
v -1.159877 0.091450 -5.963904
v 1.134208 1.148651 -7.667408
v 1.246710 1.252419 -7.682630
v 1.302980 1.286439 -7.748460
v 1.205510 1.303649 -7.422480
v 1.097140 1.292979 -7.393420
v 1.070520 1.427869 -7.358270
v 1.593290 0.997547 -7.276770
v 1.726580 0.478498 -6.779310
v 1.082900 1.454499 -7.391450
v 1.248380 1.338299 -7.455300
v 1.221200 1.393659 -7.468260
v 1.102070 1.422529 -7.427060
v 1.365200 1.140749 -7.400990
v 1.373940 1.091029 -7.416250
v 1.384790 1.224859 -7.535590
v 1.327060 1.183209 -7.451000
v 1.388900 1.237569 -7.586500
v 1.340870 1.258449 -7.637680
v 0.798369 0.577702 -5.797870
v -0.321864 1.188665 -5.815207
v -0.168742 1.315080 -5.815850
v -0.018223 1.165020 -5.844040
v -0.318109 1.255436 -7.529366
v 1.307420 1.335289 -7.738300
v 1.250250 1.295989 -7.753560
v 1.109820 1.256869 -7.423120
v 1.159070 1.276349 -7.415950
v 0.980933 1.361409 -7.393130
v 0.988675 1.313559 -7.397130
v 1.561350 1.000509 -7.317170
v 1.620240 0.955006 -7.296440
v 1.728230 0.710493 -7.065760
v 1.634495 0.988110 -6.428529
v 1.219110 1.351059 -7.487850
v 1.176810 1.375069 -7.498060
v 1.318550 1.138409 -7.423740
v 1.443550 1.001499 -7.427720
v 1.485100 1.002749 -7.395440
v 1.329290 1.089619 -7.431710
v 1.340500 1.249349 -7.532420
v 1.288940 1.179239 -7.476130
v 1.283490 1.245179 -7.485630
v 1.343580 1.259839 -7.583680
v 1.298810 1.310579 -7.684100
v 1.292730 1.275599 -7.635090
v -0.012564 1.166409 -6.006010
v 0.650577 0.570729 -5.797870
v 0.699654 0.573183 -5.797880
v -0.012274 1.199180 -6.054940
v -0.011341 1.147429 -6.080980
v -0.168452 1.265920 -5.831050
v -0.016708 1.159729 -5.897830
v -1.219213 0.091449 -6.376070
v 1.140670 1.257839 -7.672540
v 1.253640 1.341159 -7.740710
v -0.145494 1.278024 -7.528633
v 1.213220 1.275529 -7.457780
v 1.257830 1.302189 -7.477180
v 1.122990 1.221509 -7.452440
v 1.167490 1.249799 -7.453610
v 1.003070 1.271649 -7.418930
v 0.979340 1.410749 -7.391770
v 1.593250 0.966901 -7.345260
v 1.723850 0.717495 -7.115540
v 1.446789 1.221240 -6.924370
v 0.990036 1.438209 -7.424970
v 1.005270 1.403869 -7.453880
v 1.286600 1.129349 -7.459350
v 1.402070 1.004849 -7.458290
v 1.505060 0.962927 -7.422100
v 1.462660 0.961253 -7.453480
v 1.288600 1.095089 -7.458460
v 1.300390 1.279069 -7.526800
v 1.233280 1.222129 -7.477110
v 1.246360 1.166159 -7.492440
v 1.296950 1.279769 -7.580930
v 1.245700 1.315729 -7.683460
v 1.242370 1.285609 -7.635440
v -0.010234 1.093009 -6.089780
v -0.323571 1.277259 -5.790080
v -0.169845 1.215870 -5.834990
v -0.023854 0.091449 -7.771398
v 0.980398 1.148736 -7.656063
v 0.484437 1.340913 -7.505459
v 1.144370 1.305139 -7.751000
v 1.017720 1.238099 -7.453720
v 1.139120 1.181289 -7.480640
v 1.186280 1.197779 -7.467950
v 0.864557 1.338529 -7.411870
v 1.725250 0.608192 -7.076870
v 0.945051 1.429959 -7.438840
v 0.943977 1.404949 -7.400840
v 1.134210 1.339629 -7.545930
v 1.189960 1.334739 -7.536940
v 0.957394 1.395699 -7.466210
v 1.247660 1.103709 -7.483280
v 1.358660 1.005329 -7.483760
v 1.420930 0.963547 -7.485050
v 1.255210 1.307679 -7.528110
v 1.198530 1.149259 -7.487390
v 1.249520 1.297979 -7.579450
v 0.094289 1.296492 -7.522963
v 0.811550 0.425300 -5.790760
v -0.010664 1.045990 -6.065620
v -0.322254 1.313500 -5.819860
v -0.170294 1.167340 -5.850740
v 1.149160 1.352579 -7.759850
v 0.756991 1.375878 -7.494669
v 1.031910 1.202669 -7.487140
v 1.153280 1.141749 -7.512360
v 1.222580 1.321209 -7.532520
v 1.193400 1.308639 -7.580710
v 1.138440 1.313499 -7.585580
v 1.205610 1.100009 -7.506370
v 1.314720 1.005149 -7.507330
v 1.142530 1.317219 -7.669500
v 1.140380 1.294139 -7.628210
v -0.163127 1.165050 -6.013130
v 0.710360 0.418739 -5.789940
v 0.659727 0.415763 -5.789480
v -0.012307 1.004950 -6.030860
v -0.160878 1.198820 -6.061030
v -0.160433 1.145689 -6.081570
v -0.322053 1.263110 -5.835940
v -0.168030 1.159430 -5.904860
v 0.982707 1.265499 -7.667740
v 1.145730 1.339419 -7.710940
v 1.046030 1.166979 -7.520980
v 1.162110 1.095769 -7.531400
v 0.866123 1.293979 -7.425850
v 0.869404 1.254799 -7.453710
v 1.698990 0.769518 -7.358340
v 1.725960 0.505144 -7.086890
v 1.031570 1.328039 -7.575180
v 1.271490 1.006379 -7.533140
v 1.329200 0.961727 -7.536030
v -0.013764 0.965355 -5.995980
v -0.160481 1.095209 -6.090940
v -0.322184 1.214450 -5.842500
v 0.987108 1.315479 -7.750630
v 0.879586 1.221759 -7.488830
v 1.059000 1.130329 -7.556330
v 0.751695 1.379209 -7.426970
v 0.758630 1.327379 -7.421960
v 0.980495 1.322079 -7.586460
v 1.283130 0.961985 -7.560180
v 1.530300 0.786825 -7.544710
v 1.572870 0.788696 -7.514130
v -0.015274 0.925845 -5.961570
v -0.160963 1.046970 -6.073170
v -0.632740 1.188124 -5.823996
v -0.321646 1.166000 -5.857260
v 0.781618 1.148094 -7.674858
v 0.990090 1.360279 -7.770630
v 0.890138 1.185629 -7.521150
v 1.070530 1.088799 -7.584960
v 1.184490 1.008179 -7.581910
v 0.766451 1.281519 -7.427320
v 0.774797 1.242929 -7.464150
v 0.751630 1.396939 -7.464410
v 1.648410 0.785163 -7.445360
v 1.708610 0.666590 -7.380730
v 0.985267 1.295789 -7.634640
v 1.487920 0.785817 -7.575270
v 0.986373 1.320259 -7.678010
v -0.314687 1.169100 -6.020450
v -0.162662 1.006960 -6.039090
v -0.310322 1.150570 -6.089430
v -0.312198 1.200570 -6.070220
v -0.784569 1.072550 -5.819400
v -0.318677 1.160949 -5.912690
v 0.988332 1.351599 -7.718620
v -0.331347 0.091449 -7.780585
v 0.900610 1.149919 -7.553440
v 0.783816 1.208209 -7.500860
v 1.192690 0.963509 -7.602170
v 1.559280 0.693240 -7.585410
v 1.602760 0.694909 -7.554360
v -0.370039 1.169510 -6.028620
v -0.164954 0.967023 -6.006130
v -0.310202 1.100850 -6.098250
v -0.363433 1.198120 -6.077790
v -0.360312 1.149449 -6.097490
v -0.632090 1.281900 -5.798280
v 0.775450 1.256229 -7.687110
v 0.910004 1.111979 -7.582550
v 0.793087 1.173249 -7.537750
v 1.091010 0.979879 -7.619550
v 1.669880 0.685819 -7.474000
v 1.403540 0.787131 -7.633430
v 1.516250 0.692518 -7.617240
v -0.019200 0.801875 -5.864040
v -0.167602 0.927294 -5.973500
v -0.314344 1.051409 -6.082200
v -0.359608 1.100250 -6.106150
v -0.784693 1.187814 -5.830281
v -0.629863 1.311440 -5.836530
v -0.415342 1.160210 -5.920750
v 0.778163 1.319249 -7.759460
v 0.917637 1.062379 -7.591680
v 0.802308 1.137959 -7.576200
v 1.717000 0.520431 -7.400560
v 0.775696 1.302389 -7.600250
v 1.354320 0.778200 -7.632810
v -0.020653 0.756237 -5.841280
v -0.322411 1.012820 -6.052870
v -0.364143 1.049700 -6.098040
v -0.934780 1.080260 -5.833180
v -0.629433 1.260350 -5.849370
v 0.777622 1.366109 -7.768330
v 0.809436 1.094269 -7.595250
v 0.780050 1.278799 -7.650290
v 1.417300 0.681490 -7.652780
v 1.585520 0.540351 -7.613880
v 1.631440 0.541600 -7.586770
v 0.778708 1.313199 -7.686030
v -0.020048 0.706805 -5.824840
v -0.318175 0.973255 -6.020680
v -0.376814 1.012630 -6.066800
v -0.508336 1.196210 -6.125660
v -0.503315 1.146940 -6.137790
v -0.786213 1.284000 -5.799390
v -0.629092 1.209260 -5.852840
v -1.210396 0.091449 -6.879396
v 0.519567 1.147265 -7.698825
v 0.777657 1.347219 -7.722390
v 0.816438 1.047229 -7.603490
v 0.932799 0.962548 -7.621720
v 1.201700 0.766556 -7.614500
v 1.693980 0.535319 -7.502280
v 1.364920 0.675383 -7.646340
v 1.536170 0.536373 -7.627270
v -0.536088 1.166380 -6.067900
v -0.176822 0.812154 -5.872290
v -0.391394 0.975650 -6.035590
v -0.500022 1.101279 -6.149670
v -0.550823 1.198079 -6.146980
v -0.546113 1.147640 -6.158500
v -0.937224 1.187496 -5.836940
v -1.034580 1.079270 -5.863420
v -0.785322 1.314650 -5.845070
v -0.627065 1.172850 -5.879460
v 0.482861 1.234059 -7.445140
v 0.485846 1.206199 -7.483490
v 0.475483 1.360779 -7.472210
v 0.475389 1.339949 -7.431700
v 0.480037 1.282099 -7.431930
v -0.570808 1.180120 -6.107170
v -0.178228 0.763212 -5.857530
v -0.406227 0.938654 -6.004090
v -0.505625 1.054790 -6.143730
v -0.543643 1.101799 -6.167620
v -0.586989 1.148710 -6.182410
v -0.592410 1.199679 -6.169640
v -0.987724 1.187166 -5.849138
v -1.081240 1.078150 -5.886560
v -0.785474 1.258229 -5.857340
v -0.619777 1.167799 -5.929170
v 0.516362 1.254529 -7.709390
v 0.829243 0.949625 -7.620320
v 0.489950 1.183309 -7.526340
v 1.203570 0.664540 -7.615230
v 0.510184 1.283789 -7.601060
v 1.431590 0.528896 -7.620740
v -0.610723 1.164469 -5.976780
v -0.613542 1.179569 -6.130280
v -0.587682 1.160069 -6.072880
v -0.010963 0.550760 -5.807880
v -0.179852 0.713465 -5.842870
v -0.521170 1.017390 -6.110140
v -0.551397 1.055189 -6.158790
v -0.585415 1.101150 -6.190180
v -0.947628 1.281540 -5.810720
v -1.035396 1.186694 -5.867781
v -1.122550 1.077000 -5.916670
v -0.785067 1.199980 -5.864350
v 0.516037 1.330359 -7.777520
v 0.494591 1.155329 -7.566060
v 0.517189 1.262789 -7.653930
v 1.378450 0.524814 -7.620020
v -0.631324 1.160900 -6.090500
v -0.535762 0.978319 -6.080140
v -0.566415 1.016330 -6.129670
v -0.595393 1.054590 -6.179330
v -0.671466 1.200649 -6.225440
v -0.665153 1.151430 -6.238220
v -1.000690 1.284670 -5.824180
v -0.941701 1.321010 -5.858410
v -1.081776 1.186144 -5.889973
v -0.836656 1.195760 -5.868830
v -1.154570 1.075590 -5.957580
v -0.778842 1.179020 -5.914620
v 0.514189 1.364149 -7.754940
v 0.943625 0.772546 -7.618390
v 0.499579 1.113459 -7.594140
v 0.518657 1.288329 -7.685540
v -0.696336 1.181440 -6.185210
v -0.549671 0.938302 -6.051500
v -0.581351 0.976544 -6.101430
v -0.435212 0.820087 -5.915930
v -0.610414 1.015130 -6.152960
v -0.663458 1.103029 -6.245230
v -0.711407 1.204690 -6.253690
v -0.702672 1.154330 -6.269390
v -0.993667 1.317199 -5.867310
v -1.049220 1.288480 -5.847070
v -0.942803 1.263180 -5.868830
v -1.123627 1.185422 -5.920032
v -0.827302 1.182440 -5.931130
v -0.768658 1.174250 -5.966260
v -1.198880 1.072680 -6.051380
v 0.516293 1.322579 -7.715500
v -0.792260 0.091449 -7.766088
v 0.505476 1.070309 -7.614730
v -0.757488 1.171579 -6.016100
v -0.714723 1.162639 -6.148740
v -0.738174 1.177180 -6.213810
v -0.004300 0.392062 -5.806310
v -0.197919 0.560569 -5.814990
v -0.596202 0.936761 -6.073190
v -0.626024 0.976258 -6.125190
v -0.440473 0.777845 -5.890690
v -0.681415 1.060700 -6.223740
v -0.701217 1.104200 -6.275500
v -1.023620 1.316069 -5.880880
v -0.995220 1.262509 -5.882650
v -1.092300 1.289410 -5.871610
v -0.943010 1.208580 -5.876490
v -1.155388 1.184493 -5.959846
v -0.816245 1.177270 -5.983130
v -1.190983 0.091449 -7.190782
v -1.219240 1.070619 -6.152350
v -1.179859 1.183448 -6.005104
v -0.892327 0.091449 -7.758034
v 0.511787 1.020929 -7.618600
v 0.842860 0.772223 -7.625910
v 0.939722 0.674386 -7.619610
v 1.189620 0.515240 -7.619190
v -0.804982 1.173230 -6.032940
v -0.732521 1.164880 -6.105690
v -0.758954 1.164410 -6.173290
v -0.641892 0.936833 -6.096980
v -0.443675 0.735139 -5.867480
v -0.697047 1.017380 -6.203580
v -0.720484 1.062029 -6.254560
v -0.781380 1.206179 -6.330680
v -0.770043 1.156680 -6.343160
v -1.053580 1.314939 -5.894440
v -0.994338 1.207450 -5.893540
v -1.133690 1.290330 -5.905270
v -0.932522 1.190179 -5.920190
v -0.920128 1.186520 -5.967300
v -1.201929 1.182377 -6.051670
v -0.942584 0.091449 -7.750030
v -0.777152 1.167420 -6.127670
v -0.589115 0.818068 -5.963230
v -0.657594 0.897094 -6.068390
v -0.714593 0.978351 -6.176610
v -0.736657 1.019140 -6.233020
v -0.772618 1.106799 -6.343890
v -0.801605 1.155930 -6.382910
v -0.807300 1.198519 -6.379150
v -1.100430 1.319679 -5.931540
v -1.045330 1.262320 -5.906390
v -1.043670 1.207309 -5.914760
v -0.979755 1.191910 -5.936850
v -1.169020 1.284479 -5.947810
v -0.907954 1.181759 -6.016420
v -0.966079 1.188050 -5.983470
v -1.225150 1.068640 -6.255300
v -1.225109 1.180101 -6.151818
v -1.201070 1.275570 -5.993250
v -0.990694 0.091450 -7.733076
v 0.523076 0.922968 -7.634920
v 0.357431 1.025779 -7.617550
v 0.841801 0.670529 -7.625600
v -0.895871 1.178110 -6.066610
v -0.850244 1.168830 -6.218170
v -0.601077 0.777426 -5.933360
v -0.731896 0.939034 -6.149380
v -0.755891 0.980113 -6.206560
v -0.793657 1.061990 -6.330320
v -0.803322 1.108840 -6.383210
v -0.804000 1.186329 -6.299150
v -0.845214 1.207710 -6.420680
v -0.828248 1.158939 -6.427820
v -1.137530 1.320809 -5.970760
v -1.091810 1.264770 -5.938170
v -1.025060 1.192070 -5.956940
v -1.087060 1.212290 -5.945380
v -0.954100 1.183720 -6.031830
v -1.011450 1.189849 -5.999880
v -1.227160 1.272529 -6.042860
v -1.168750 1.316630 -6.013140
v 0.155423 1.241499 -7.733990
v -1.033828 0.091450 -7.707357
v 0.928057 0.522651 -7.626590
v 0.081355 1.188459 -7.455200
v 0.084320 1.144969 -7.480400
v 0.090664 1.314009 -7.492620
v 0.076025 1.293529 -7.448300
v 0.077110 1.239779 -7.451930
v -0.942683 1.180420 -6.082420
v -0.868622 1.171530 -6.168310
v -0.896590 1.169840 -6.234940
v -0.210707 0.420108 -5.811670
v -0.687412 0.816673 -6.010620
v -0.590677 0.733545 -5.900340
v -0.748558 0.899266 -6.121910
v -0.773504 0.939928 -6.180810
v -0.448100 0.583388 -5.847990
v -0.820720 1.024230 -6.309990
v -0.829760 1.068169 -6.366880
v -0.827983 1.111060 -6.426850
v -0.887474 1.185979 -6.402240
v -0.827972 1.187610 -6.356320
v -0.887109 1.209339 -6.465740
v -0.855435 1.166870 -6.474240
v -1.128590 1.266410 -5.974750
v -1.064460 1.192309 -5.988810
v -1.122700 1.214360 -5.979540
v -1.000360 1.185179 -6.045560
v -1.055590 1.190040 -6.022130
v -1.168615 0.091449 -7.396779
v -1.225890 1.068730 -6.358770
v -1.224961 1.177785 -6.254909
v -1.258320 1.261670 -6.150040
v -1.193260 1.314110 -6.058320
v -1.157120 1.264179 -6.017110
v -1.072860 0.091449 -7.675380
v 0.086626 1.116819 -7.525800
v 0.102290 1.257829 -7.589930
v -0.990097 1.181880 -6.095410
v -0.915447 1.173710 -6.184670
v -0.944248 1.173110 -6.247900
v -0.848643 1.176710 -6.333500
v -0.702799 0.775845 -5.981720
v -0.791641 0.899633 -6.155100
v -0.830359 0.983605 -6.272480
v -0.858466 1.029590 -6.348590
v -0.853935 1.067190 -6.411370
v -0.854406 1.114060 -6.468980
v -0.902527 1.167070 -6.349890
v -1.103450 1.195120 -6.014310
v -1.146150 1.211179 -6.019320
v -1.046720 1.187770 -6.055440
v -1.154691 0.091449 -7.496333
v -1.220750 1.316769 -6.156510
v -1.181510 1.261559 -6.061300
v -0.042714 1.145600 -7.745248
v 0.538190 0.772188 -7.655860
v 0.821957 0.520725 -7.637840
v 0.090617 1.081819 -7.565060
v -0.024627 1.182059 -7.460870
v -0.019732 1.138059 -7.480990
v 0.106421 1.243839 -7.641790
v -0.031414 1.229549 -7.455520
v -0.967189 1.175430 -6.197290
v -1.039000 1.185789 -6.106210
v -0.985206 1.175160 -6.253390
v -0.719003 0.734597 -5.952450
v -0.774937 0.818232 -6.062430
v -0.852342 0.944345 -6.246940
v -0.883760 1.027650 -6.394180
v -0.887880 0.990454 -6.330760
v -0.875911 1.067520 -6.455390
v -0.876069 1.115659 -6.521080
v -0.958799 1.168509 -6.357930
v -0.922974 1.210809 -6.569080
v -0.894695 1.173030 -6.577600
v -0.945835 1.168720 -6.462000
v -1.172230 1.210739 -6.062300
v -1.126455 0.091449 -7.591803
v -1.224509 1.175452 -6.358714
v -1.253010 1.256649 -6.257290
v -1.195950 1.260170 -6.109470
v 0.123434 1.333879 -7.790780
v 0.119335 1.349149 -7.756870
v 0.096090 1.040729 -7.596880
v -0.015743 1.103219 -7.522790
v -0.047754 1.303479 -7.495490
v -0.040882 1.278799 -7.452980
v 0.111554 1.230059 -7.692450
v -1.025930 1.179680 -6.207340
v -1.088740 1.187660 -6.112600
v -1.026160 1.177209 -6.258880
v -0.789190 0.777171 -6.033350
v -0.874948 0.904737 -6.222810
v -0.458117 0.432565 -5.837000
v -0.913917 0.987796 -6.377320
v -0.906993 1.027979 -6.439500
v -0.917480 0.950909 -6.312920
v -0.897784 1.070160 -6.497500
v -0.894377 1.116979 -6.584020
v -1.015270 1.170290 -6.361230
v -0.963569 1.176239 -6.564450
v -1.007500 1.166589 -6.461060
v -1.092000 1.189690 -6.063950
v -1.185730 1.207129 -6.109280
v -1.224820 1.312790 -6.260000
v -1.205369 1.260730 -6.210250
v -0.047695 1.233569 -7.748660
v -0.144823 1.145330 -7.752221
v 0.113759 1.311969 -7.732120
v 0.544247 0.669716 -7.656480
v 0.101775 0.992252 -7.615240
v -0.011326 1.066229 -7.561550
v -0.127488 1.168699 -7.463470
v -0.121082 1.124609 -7.484710
v -0.043913 1.244059 -7.591410
v -0.134364 1.217449 -7.457360
v -1.083590 1.183419 -6.211850
v -1.139700 1.190960 -6.115260
v -1.080220 1.180799 -6.262460
v -0.805159 0.735977 -6.005270
v -0.846128 0.818292 -6.116710
v -0.944052 0.947792 -6.360130
v -0.938568 0.988033 -6.425210
v -0.928583 1.029950 -6.484760
v -0.946064 0.911319 -6.293550
v -0.929937 1.076270 -6.581320
v -1.071090 1.174240 -6.363120
v -1.012750 1.164739 -6.561500
v -1.064790 1.169129 -6.462320
v -1.136070 1.189880 -6.067370
v -1.219987 1.173113 -6.463038
v -1.244400 1.254850 -6.361220
v -1.204919 1.264830 -6.262140
v -1.195940 1.200580 -6.210700
v -0.050122 1.317449 -7.798670
v -0.005871 1.030679 -7.600110
v -0.115574 1.089459 -7.524430
v -0.145890 1.293449 -7.504620
v -0.143357 1.271299 -7.457820
v -0.042633 1.229579 -7.644480
v 1.706935 -1.104786 -6.400384
v -1.139990 1.187940 -6.212200
v -1.135550 1.185009 -6.263030
v -0.751396 0.593277 -5.875250
v -0.866324 0.777203 -6.091800
v -0.922253 0.823387 -6.179200
v -0.973011 0.907596 -6.340730
v -0.970970 0.948170 -6.412640
v -0.961157 0.990295 -6.473280
v -0.963823 1.037860 -6.574720
v -1.126930 1.178970 -6.364100
v -1.066860 1.165879 -6.562060
v -1.121540 1.171239 -6.463700
v 1.658568 -1.103765 -6.043801
v -1.223460 1.313120 -6.364030
v -0.148433 1.229179 -7.753960
v -0.050845 1.346179 -7.766230
v 0.112661 0.892216 -7.640920
v 0.001133 0.983206 -7.619420
v -0.110621 1.053109 -7.563770
v -0.144429 1.236599 -7.593120
v -0.040906 1.218989 -7.698280
v 1.714449 -1.105045 -6.502689
v -1.191950 1.193370 -6.262460
v 1.521136 -1.102600 -5.843632
v 1.609342 -1.103179 -5.893419
v 1.318480 -1.101502 -5.839012
v -0.884297 0.737079 -6.064450
v -0.944806 0.783185 -6.155350
v -0.997692 0.909265 -6.384740
v -0.996878 0.952854 -6.462850
v -1.001330 0.831900 -6.254500
v -0.999020 1.000980 -6.568730
v -1.182050 1.181620 -6.364180
v -1.121990 1.168650 -6.564040
v -0.924815 1.162600 -6.778400
v -1.177160 1.176190 -6.464840
v -1.217362 1.170734 -6.569003
v -1.242920 1.259470 -6.465680
v -1.198269 1.271160 -6.364570
v -1.200030 1.229100 -6.262300
v -0.045970 1.304759 -7.738700
v -0.150167 1.316999 -7.798110
v 0.554263 0.514106 -7.667270
v -0.105497 1.015379 -7.602430
v -0.280208 1.111769 -7.482240
v -0.284625 1.157159 -7.458930
v -0.143901 1.224189 -7.646940
v -0.291260 1.207049 -7.455020
v 1.624710 -1.103372 -5.944968
v 1.420466 -1.102034 -5.831799
v -0.967472 0.744539 -6.130200
v -1.028370 0.827164 -6.304140
v -1.034040 0.915835 -6.454480
v -1.025710 0.789705 -6.237870
v -1.033980 0.963544 -6.561670
v -0.920411 1.118989 -6.778170
v -1.198270 1.224069 -6.364500
v -1.176990 1.175340 -6.566610
v -1.194330 1.222200 -6.465530
v -1.218722 1.314460 -6.466200
v -0.348847 1.144914 -7.760686
v -0.150542 1.342629 -7.766400
v -0.098182 0.978372 -7.642180
v -0.309617 1.274379 -7.497610
v -0.298591 1.255919 -7.457840
v -0.143022 1.213039 -7.702680
v 1.118408 -1.100361 -5.807699
v -0.764052 0.442080 -5.851420
v -0.917849 0.661063 -6.007420
v -1.052670 0.825748 -6.351620
v -1.053580 0.784594 -6.290570
v -1.038830 0.750028 -6.200900
v -0.947839 1.078470 -6.778020
v -0.916093 1.119660 -6.829380
v -0.923106 1.167040 -6.832270
v -0.938354 1.207139 -6.807670
v -1.190450 1.224560 -6.568080
v -1.195829 1.269520 -6.465810
v -1.240020 1.258479 -6.569330
v -0.148918 1.298459 -7.748160
v 0.125697 0.745439 -7.684240
v -0.295619 1.064439 -7.504650
v -0.951631 0.595960 -5.942250
v -0.993260 0.665049 -6.064200
v -1.080350 0.782656 -6.341970
v -1.078980 0.742687 -6.277430
v -1.056270 0.746662 -6.233070
v -1.094610 0.830370 -6.444700
v -1.075430 0.926720 -6.591660
v -0.981771 1.043400 -6.777530
v -0.938959 1.077559 -6.830410
v -1.174720 1.182570 -6.668870
v -0.978426 1.193529 -6.851930
v -0.939452 1.209870 -6.841710
v -1.190609 1.272830 -6.568040
v -1.213710 1.312160 -6.568820
v -0.352674 1.220849 -7.761220
v -0.089665 0.881611 -7.668790
v -0.295750 1.028589 -7.538260
v -0.436515 1.147489 -7.429860
v -0.436172 1.099709 -7.441750
v -0.333856 1.220309 -7.588250
v -0.441733 1.195219 -7.430170
v 1.732367 -1.105803 -6.812653
v -1.026820 0.668433 -6.091880
v -1.108250 0.739542 -6.332950
v -1.125290 0.787311 -6.440520
v -1.084770 0.667595 -6.163250
v -1.015320 1.007450 -6.775480
v -0.971755 1.041280 -6.833030
v -0.896626 1.128080 -6.928420
v -0.903859 1.177400 -6.930990
v -1.011730 1.161330 -6.857290
v -1.188330 1.242740 -6.670340
v -1.215080 1.068820 -6.870290
v -0.355663 1.306989 -7.799830
v 0.134215 0.642736 -7.694640
v -0.297522 0.998539 -7.581240
v -0.441829 1.053849 -7.471400
v -0.462545 1.251989 -7.472160
v -0.447284 1.245199 -7.428700
v -0.342835 1.210599 -7.649890
v -1.035090 0.587682 -6.011360
v -1.106010 0.666004 -6.205530
v -1.126680 0.665469 -6.251050
v -1.156310 0.744658 -6.436900
v -1.048940 0.970962 -6.775640
v -1.134470 0.842680 -6.587070
v -1.007340 1.005200 -6.826990
v -0.916669 1.085209 -6.934430
v -0.892419 1.180349 -6.978430
v -0.884978 1.135360 -6.976740
v -0.927594 1.213960 -6.937590
v -1.061230 1.161790 -6.862560
v -1.203649 1.308050 -6.669990
v -0.963790 1.190009 -6.946490
v -0.357761 1.330379 -7.765880
v -0.297329 0.960274 -7.617350
v -0.528154 1.141279 -7.388620
v -0.533561 1.092809 -7.405580
v -0.447231 1.009039 -7.500450
v -0.348080 1.202319 -7.715630
v -0.534711 1.190389 -7.394330
v 0.859934 -1.098970 -5.806116
v -0.962297 0.455374 -5.871990
v -1.069730 0.586635 -6.048490
v -1.147930 0.665067 -6.296973
v -1.131050 0.585026 -6.127240
v -1.082780 0.934234 -6.778030
v -1.041240 0.969445 -6.823850
v -1.154860 0.796049 -6.588380
v -0.942979 1.045310 -6.944120
v -0.898608 1.089630 -6.982350
v -1.110890 1.161669 -6.867150
v -1.000130 1.162140 -6.954070
v -1.216254 1.163964 -6.870336
v -0.355134 1.287989 -7.748840
v -0.077055 0.732379 -7.708620
v -0.543386 1.048449 -7.430830
v -0.448801 0.963686 -7.526580
v -0.481229 1.207899 -7.557420
v -0.558116 1.235869 -7.439260
v -0.540456 1.241359 -7.397050
v 0.756728 -1.098416 -5.805820
v 0.705202 -1.098139 -5.805751
v -1.153790 0.584041 -6.170500
v -1.166880 0.582300 -6.220700
v -1.074220 0.933463 -6.827130
v -1.172940 0.747981 -6.589760
v -0.975005 1.009369 -6.956790
v -0.928857 1.052610 -6.994440
v -0.871565 1.147169 -7.024870
v -0.879793 1.096200 -7.028420
v -1.161850 1.170230 -6.871010
v -1.049050 1.160949 -6.962200
v -0.895326 1.213889 -7.029870
v -0.935536 1.184800 -7.041490
v -0.294590 0.869170 -7.661020
v 0.145691 0.488467 -7.706350
v -0.594009 1.047349 -7.402670
v -0.432611 0.930850 -7.568060
v -0.491038 1.203839 -7.608460
v -0.448682 1.203259 -7.668200
v -0.451828 1.196859 -7.725890
v -1.081220 0.456591 -5.961380
v -1.194380 0.592777 -6.440200
v -1.143900 0.854086 -6.786970
v -1.006990 0.972967 -6.970740
v -0.958202 1.014840 -7.009180
v -0.909512 1.057360 -7.041450
v -1.176910 1.215540 -6.872600
v -1.099800 1.162629 -6.968270
v -0.978819 1.162770 -7.051810
v -1.181480 1.266520 -6.873320
v -1.236930 1.255100 -6.873530
v -0.068552 0.630298 -7.716960
v -0.654700 1.137009 -7.312340
v -0.669595 1.096999 -7.333350
v -0.582460 1.196319 -7.537060
v -0.498267 1.200839 -7.661410
v -0.660842 1.183379 -7.315740
v 1.724961 -1.106434 -7.126484
v -1.118030 0.455854 -5.998660
v -1.182310 0.585021 -6.290590
v -1.179120 0.448675 -6.083030
v -1.165050 0.808524 -6.794780
v -1.129160 0.853189 -6.836940
v -1.045910 0.937376 -6.967590
v -0.992203 0.981878 -7.027460
v -0.940240 1.020670 -7.057200
v -0.830114 1.107859 -7.118900
v -0.827933 1.162179 -7.121110
v -1.154960 1.167400 -6.972770
v -1.208070 1.315220 -6.873800
v -0.894516 1.191309 -7.127290
v -0.841756 1.216149 -7.130640
v -0.692672 1.133359 -7.281760
v -0.702257 1.092069 -7.295650
v -0.684660 1.054589 -7.351320
v -0.581169 1.004219 -7.439810
v -0.591446 0.959463 -7.464910
v -0.446732 0.858836 -7.636260
v -0.592647 1.195639 -7.591610
v -0.698238 1.202699 -7.369970
v -0.673814 1.233159 -7.325890
v -0.698994 1.180089 -7.283870
v -1.175660 0.441973 -6.135130
v -1.148250 0.809313 -6.843180
v -1.198960 0.596135 -6.593180
v -1.023960 0.947666 -7.047720
v -0.973446 0.986855 -7.075820
v -0.861027 1.064499 -7.128680
v -1.170270 1.210649 -6.974480
v -1.176150 1.260769 -6.975690
v -0.926356 1.165819 -7.139430
v -1.187030 1.069639 -7.176090
v -1.219540 1.251250 -6.971500
v -1.198114 1.161820 -6.966636
v -0.298180 0.719729 -7.708550
v -0.719142 1.054739 -7.315060
v -0.699471 1.010819 -7.367480
v -0.605342 0.915710 -7.487520
v -0.600349 1.194619 -7.642150
v -0.502186 1.198379 -7.696280
v -0.744720 1.192849 -7.335060
v -0.716360 1.229439 -7.297640
v -0.735105 1.174699 -7.249920
v -0.729146 1.116969 -7.250230
v -1.156420 0.756746 -6.847910
v -1.110040 0.864230 -6.987440
v -1.005510 0.952293 -7.095370
v -0.896257 1.029819 -7.147270
v -0.763034 1.112839 -7.214250
v -0.767171 1.170019 -7.211020
v -1.013150 1.163179 -7.160980
v -0.967481 1.164049 -7.151270
v -1.193780 1.310279 -6.977590
v -0.613128 1.254699 -7.753360
v -0.813232 1.192579 -7.778880
v -0.955108 1.080759 -7.753310
v -0.058559 0.477098 -7.722010
v -0.751373 1.059189 -7.276870
v -0.737226 1.014209 -7.335170
v -0.717566 0.968333 -7.386720
v -0.760091 1.180659 -7.416780
v -0.752817 1.181659 -7.369510
v -0.606712 1.193609 -7.689590
v -0.782960 1.195139 -7.290750
v -0.749555 1.225809 -7.259500
v -0.610320 1.197649 -7.737160
v -1.201100 0.438573 -6.492460
v -1.125360 0.816586 -6.995800
v -1.078340 0.872702 -7.083370
v -0.927233 0.992155 -7.165950
v -0.784228 1.223909 -7.222790
v -0.778874 1.059709 -7.234370
v -1.060660 1.162439 -7.168200
v -1.182180 1.168729 -7.176160
v -1.000090 1.079249 -7.731770
v -0.914605 1.177580 -7.781210
v -0.312418 0.621884 -7.729670
v -0.771145 1.016059 -7.296320
v -0.757996 0.974542 -7.357840
v -0.736999 0.926339 -7.406360
v -0.634355 0.828457 -7.532900
v -0.809204 1.177289 -7.418370
v -0.805528 1.176959 -7.379600
v -0.788050 1.178839 -7.514560
v -0.823815 1.184569 -7.253870
v -1.202030 0.441225 -6.594520
v -1.141440 0.768980 -7.003180
v -1.055470 0.875665 -7.129740
v -0.956822 0.954076 -7.184730
v -1.097310 0.829756 -7.097580
v -0.804511 1.018939 -7.258130
v -1.108910 1.160609 -7.173830
v -0.819450 1.278769 -7.807360
v -1.041820 1.077399 -7.703850
v -0.961140 1.179182 -7.765291
v -0.794602 0.976626 -7.319140
v -0.780722 0.935937 -7.381660
v -0.728575 0.835519 -7.474710
v -0.797549 1.179869 -7.568080
v -0.812115 1.176399 -7.313200
v -1.177760 0.606887 -6.868450
v -1.072980 0.834248 -7.144070
v -1.113540 0.784857 -7.112410
v -0.830639 0.980274 -7.281640
v -1.151060 1.181149 -7.177780
v -1.163000 1.242609 -7.178610
v -0.864014 1.171609 -7.334530
v -1.171820 1.067519 -7.380430
v -1.211450 1.261069 -7.179920
v -0.822628 1.302439 -7.774840
v -1.078460 1.075049 -7.668550
v -1.000710 1.185369 -7.732590
v -0.921573 1.271589 -7.804720
v -0.814910 0.933825 -7.338430
v -0.780973 0.845904 -7.448370
v -0.858532 1.174109 -7.393280
v -0.804224 1.181859 -7.622640
v -0.850097 1.178129 -7.563050
v -0.848784 1.177649 -7.509230
v 1.712030 -1.107041 -7.443058
v -1.090630 0.791580 -7.159740
v -1.006920 0.860517 -7.224250
v -0.852259 0.937384 -7.300610
v -0.974888 1.169049 -7.359000
v -0.919461 1.170809 -7.349150
v -1.175010 1.303109 -7.179720
v -1.161750 1.068649 -7.483460
v -0.820224 1.242929 -7.758310
v -1.040190 1.182839 -7.701060
v -0.972007 1.276689 -7.794520
v -0.903766 1.298759 -7.765810
v -0.873139 1.242119 -7.752580
v -0.312961 0.473225 -7.738040
v -0.829356 0.857361 -7.424360
v -0.588884 0.638809 -7.688200
v -0.855718 1.176579 -7.452600
v -0.810651 1.185549 -7.678610
v -0.854123 1.179609 -7.617440
v -0.901651 1.177149 -7.559690
v -0.904072 1.175169 -7.507060
v -0.816545 1.191469 -7.736680
v 1.691612 -1.107033 -7.490663
v 1.561076 -1.106526 -7.581224
v 1.592000 -1.106597 -7.536914
v -1.168630 0.620965 -7.021350
v -1.029750 1.168659 -7.366800
v -1.173440 1.166579 -7.382030
v -1.130380 1.070619 -7.581630
v -1.077140 1.177229 -7.666680
v -1.013930 1.277579 -7.758580
v -0.934422 1.299889 -7.756180
v -0.869295 1.191959 -7.729750
v -0.863133 0.852406 -7.380160
v -0.855954 0.817137 -7.443030
v -0.809408 0.807176 -7.466570
v -0.775986 0.799795 -7.481740
v -0.715027 0.655733 -7.612560
v -0.908462 1.174239 -7.454430
v -0.860149 1.184379 -7.672880
v -0.903512 1.180389 -7.612070
v -0.952668 1.176749 -7.558040
v -0.957351 1.174009 -7.508760
v 1.530885 -1.106457 -7.624602
v -1.182730 0.454760 -6.888690
v -1.029500 0.805460 -7.243470
v -1.146710 0.642017 -7.162880
v -0.896752 0.850252 -7.338160
v -1.085370 1.168049 -7.374130
v -0.962813 1.173809 -7.459340
v -1.151140 1.167839 -7.535670
v -1.163530 1.167079 -7.485400
v -1.108240 1.172309 -7.628180
v -1.053460 1.273459 -7.722210
v -0.986959 1.302039 -7.730530
v -0.927220 1.242469 -7.743580
v -0.920612 1.188839 -7.719520
v -0.889020 0.811933 -7.400610
v 1.537051 0.629561 -5.878993
v 1.587621 0.621675 -5.912904
v -0.799097 0.669483 -7.561720
v -0.909255 1.183769 -7.664570
v -0.951488 1.180739 -7.605640
v -1.003380 1.178199 -7.559240
v -1.010360 1.176579 -7.512180
v -1.133150 0.650820 -7.209200
v -0.921769 0.808332 -7.358900
v -1.139380 1.184179 -7.380660
v -1.018010 1.172979 -7.464700
v -1.149830 1.243629 -7.380930
v -1.206100 1.263589 -7.384520
v -1.133670 1.169489 -7.584360
v -1.099000 1.273089 -7.691420
v -1.029070 1.301669 -7.699120
v -0.977060 1.245659 -7.719890
v -0.968606 1.193889 -7.701070
v -0.843167 0.678920 -7.542780
v -0.620585 0.495887 -7.736010
v -0.954938 1.184559 -7.651440
v -0.999094 1.182929 -7.610690
v -1.064800 1.178139 -7.518650
v -1.052480 1.181019 -7.562540
v 1.437986 -1.106049 -7.667288
v 0.037122 -1.094614 -5.834393
v -1.074560 1.175679 -7.472500
v -1.163640 1.303109 -7.380460
v -1.181350 1.262799 -7.547190
v -1.199840 1.261409 -7.493970
v -1.132910 1.268509 -7.646730
v -1.069310 1.301819 -7.666560
v -1.021450 1.246559 -7.693110
v -1.012020 1.194429 -7.677340
v -0.919694 0.682799 -7.487670
v -0.887507 0.685824 -7.522600
v -0.770732 0.524247 -7.670160
v -1.005560 1.188679 -7.644020
v -1.041560 1.182219 -7.605590
v -1.101310 1.192219 -7.576490
v -1.117780 1.191249 -7.530300
v 1.387612 -1.105794 -7.674433
v -1.082090 0.665046 -7.292670
v -1.156350 0.487181 -7.191390
v -1.134000 1.188569 -7.483640
v -1.144870 1.245159 -7.483160
v -1.158530 1.261279 -7.596080
v -1.146450 1.301859 -7.535410
v -1.154440 1.303029 -7.485000
v -1.101150 1.302019 -7.626490
v -1.059060 1.247539 -7.660430
v -1.047590 1.197079 -7.648940
v -0.948029 0.677572 -7.447740
v -0.861609 0.540627 -7.628860
v -1.075680 1.198879 -7.615850
v -1.116180 1.246299 -7.579160
v -1.135960 1.244809 -7.532710
v -0.978105 0.673357 -7.407250
v -1.128170 1.301479 -7.582880
v -1.091840 1.247709 -7.622780
v -0.900925 0.543266 -7.600730
v 1.182957 -1.104705 -7.678883
v -0.975848 0.547710 -7.538010
v -0.938236 0.544961 -7.569750
v 1.708850 -2.328351 -6.378090
v -0.219412 -1.093244 -5.837869
v 1.659720 -2.321470 -6.020990
v -1.010680 0.549697 -7.503360
v 1.708280 -2.329561 -6.482190
v 1.690920 -2.381721 -6.375600
v 1.522280 -2.320251 -5.886540
v 1.573020 -2.316271 -5.898950
v 1.318910 -2.328851 -5.848800
v -1.038750 0.545455 -7.461310
v 1.659860 -2.376360 -6.017680
v 1.693310 -2.380701 -6.481920
v 1.641520 -2.400171 -6.380690
v 1.421530 -2.327141 -5.872310
v 1.521790 -2.373880 -5.885900
v 1.616360 -2.315711 -5.925610
v 1.570630 -2.365041 -5.893490
v 1.320160 -2.381221 -5.867970
v 1.611700 -2.394670 -6.026970
v 0.928536 -1.103375 -7.695716
v 1.645510 -2.397381 -6.484880
v 1.589070 -2.396471 -6.384940
v 1.420820 -2.387420 -5.869450
v 1.514150 -2.387630 -5.932900
v 1.616730 -2.364090 -5.919140
v 1.555420 -2.389000 -5.934600
v 1.316410 -2.393570 -5.920770
v 1.110310 -2.328390 -5.860070
v 1.560950 -2.388690 -6.032050
v 1.594600 -2.397790 -6.487480
v 1.537640 -2.390341 -6.387600
v 1.421500 -2.391840 -5.925460
v 1.590860 -2.395611 -5.927810
v 1.111070 -2.377151 -5.884630
v -0.474835 -1.091869 -5.836041
v 1.517490 -2.356801 -6.032780
v 0.826586 -1.102843 -7.702658
v 1.702920 -2.327190 -6.795940
v 1.543010 -2.391051 -6.489870
v 1.317560 -2.379091 -6.029450
v 1.114430 -2.385761 -5.934850
v 1.696450 -2.371100 -6.796000
v 1.433730 -2.383821 -6.391980
v 1.417610 -2.384911 -6.030870
v 1.650790 -2.391970 -6.798760
v 1.439160 -2.380651 -6.494440
v 1.115370 -2.375530 -6.036930
v 0.857566 -2.329441 -5.874430
v 1.601070 -2.394780 -6.799060
v 1.330530 -2.386500 -6.395780
v 0.858119 -2.381270 -5.885450
v 1.550720 -2.395820 -6.800380
v 1.335100 -2.382550 -6.498580
v 0.757176 -2.329031 -5.878140
v 0.859101 -2.388470 -5.945320
v 0.706657 -2.309361 -5.865800
v -0.784330 -1.090216 -5.839609
v 0.571521 -1.101513 -7.721241
v 1.730050 -2.336890 -7.115940
v 0.758252 -2.377810 -5.898750
v 1.709120 -2.380461 -7.114690
v 1.449060 -2.383790 -6.802720
v 0.757541 -2.388071 -5.950750
v 1.660910 -2.401721 -7.113470
v 1.124010 -2.384450 -6.404120
v 1.610080 -2.401860 -7.112230
v 1.350447 -2.384068 -6.806618
v 1.127790 -2.382981 -6.507460
v 0.759366 -2.378830 -6.054050
v -0.987719 -1.089209 -5.879187
v 1.558980 -2.407990 -7.111350
v -1.121140 -1.088662 -5.958382
v 0.161215 -1.099335 -7.732389
v 1.716990 -2.339170 -7.438760
v 1.456670 -2.387501 -7.111510
v -1.144277 -1.088637 -6.005213
v -1.162609 -1.088642 -6.053572
v 1.693900 -2.336010 -7.487220
v 1.687030 -2.384501 -7.431920
v 1.139150 -2.386801 -6.815340
v 1.637340 -2.329540 -7.579700
v 1.593560 -2.328920 -7.614020
v -1.170040 -1.088711 -6.104162
v 1.676070 -2.383380 -7.482550
v 1.639810 -2.392740 -7.422560
v 1.358817 -2.385887 -7.114028
v 1.544660 -2.331040 -7.633690
v 1.634050 -2.378630 -7.579780
v 1.586130 -2.377940 -7.603500
v 1.635860 -2.406720 -7.471230
v 1.591760 -2.400210 -7.416070
v 1.541940 -2.385431 -7.627430
v 1.578160 -2.405941 -7.566380
v 1.621550 -2.395091 -7.573920
v 0.761217 -2.383550 -6.422610
v -1.184309 -1.089509 -6.513916
v -1.084497 -1.092336 -7.586315
v 1.586060 -2.402071 -7.465100
v 1.540840 -2.403410 -7.412550
v 1.446010 -2.330461 -7.662790
v 0.763259 -2.387321 -6.526230
v 0.043401 -2.330860 -5.840160
v -1.184959 -1.089727 -6.617282
v -0.095764 -1.097949 -7.729393
v 1.536170 -2.405510 -7.460690
v 1.395120 -2.324841 -7.667920
v 1.441050 -2.383910 -7.658010
v 1.530180 -2.409301 -7.553830
v 0.045247 -2.379720 -5.842820
v 1.439720 -2.393811 -7.413540
v 1.150170 -2.387260 -7.120800
v 1.391110 -2.365591 -7.640550
v 0.045941 -2.387950 -5.901640
v 1.431930 -2.405581 -7.462620
v 1.373050 -2.388401 -7.418390
v 1.433150 -2.402920 -7.561280
v -0.353347 -1.096562 -7.727424
v 1.190290 -2.341351 -7.689160
v 1.376460 -2.404630 -7.466090
v 0.775874 -2.384681 -6.833790
v 1.382430 -2.406040 -7.562710
v -0.215312 -2.339200 -5.822600
v -1.165629 -1.090492 -6.927025
v 1.192160 -2.397060 -7.677420
v -0.214611 -2.387630 -5.853710
v -0.213477 -2.390980 -5.905660
v 0.926168 -2.342620 -7.691540
v 1.177170 -2.398820 -7.574400
v -0.664702 -1.094905 -7.733819
v -0.211421 -2.394270 -5.957260
v -1.150494 -1.091234 -7.236183
v 0.925103 -2.394561 -7.683840
v 1.164390 -2.403481 -7.473070
v 1.162030 -2.389400 -7.424870
v -0.477851 -2.333730 -5.843410
v 0.821938 -2.344280 -7.698800
v -0.872626 -1.093752 -7.716927
v 0.791792 -2.391901 -7.139690
v -0.206388 -2.387400 -6.061020
v -0.475341 -2.379991 -5.869100
v 0.820185 -2.397450 -7.687820
v 0.919437 -2.402870 -7.587090
v -0.976736 -1.093160 -7.701377
v -0.472276 -2.389730 -5.919430
v -1.017199 -1.092868 -7.666439
v 0.816345 -2.402471 -7.590520
v -1.050522 -1.092604 -7.626577
v -1.098489 -1.092157 -7.537735
v -0.797870 -2.333560 -5.850770
v 0.563196 -2.334501 -7.695420
v 0.811015 -2.399611 -7.491890
v -0.795217 -2.384620 -5.857870
v 0.560940 -2.381031 -7.681300
v 0.807820 -2.387390 -7.443310
v -0.785185 -2.395221 -5.948080
v 0.557443 -2.398581 -7.597130
v -0.179446 -2.385510 -6.475100
v -1.007040 -2.327420 -5.883250
v -0.778516 -2.394400 -5.997260
v -0.172319 -2.387060 -6.578060
v -1.003880 -2.376101 -5.900260
v -0.766918 -2.382870 -6.098000
v -1.125770 -2.310760 -5.980780
v 0.153381 -2.339990 -7.714150
v -0.980674 -2.398270 -5.981120
v -1.149500 -2.302850 -6.026410
v -1.116900 -2.360861 -5.992460
v -1.160510 -2.298790 -6.076050
v -1.171070 -2.296320 -6.124700
v 0.154352 -2.390780 -7.695870
v -0.972029 -2.397181 -6.026220
v -1.151700 -2.351851 -6.030990
v -1.092450 -2.398970 -6.012090
v -1.169510 -2.349480 -6.077980
v -1.180890 -2.349221 -6.126850
v 0.149855 -2.396091 -7.644140
v -0.150833 -2.387331 -6.885680
v -1.137020 -2.393920 -6.039200
v -1.071470 -2.401150 -6.056250
v -1.151270 -2.392820 -6.084460
v -1.158600 -2.396851 -6.130440
v -0.961701 -2.395441 -6.121310
v -1.111970 -2.400851 -6.084220
v -1.109200 -2.396920 -6.132490
v -1.198220 -2.310050 -6.533880
v 0.142152 -2.397830 -7.540700
v -1.060410 -2.396600 -6.131110
v -1.190470 -2.358950 -6.532370
v -1.192380 -2.315250 -6.637560
v -0.107052 -2.339160 -7.718140
v -1.166030 -2.403410 -6.531530
v -1.188350 -2.366900 -6.636780
v -0.107121 -2.384901 -7.700230
v -1.108660 -2.405720 -6.529520
v -1.157760 -2.405981 -6.636230
v -0.107015 -2.401340 -7.651850
v -0.130950 -2.384871 -7.191860
v -0.738645 -2.385890 -6.509220
v -1.054360 -2.404330 -6.527470
v -1.101420 -2.407201 -6.631210
v -0.361770 -2.334450 -7.712620
v -1.158270 -2.312140 -6.940850
v -1.046820 -2.404160 -6.628110
v -0.361882 -2.385401 -7.701620
v -0.110338 -2.394970 -7.548870
v -0.732300 -2.386831 -6.611070
v -0.948517 -2.395601 -6.522280
v -1.164250 -2.360811 -6.938560
v -0.362591 -2.401950 -7.655620
v -0.112821 -2.395710 -7.497700
v -1.155690 -2.404950 -6.936530
v -0.941204 -2.397250 -6.623190
v -0.667195 -2.331531 -7.710490
v -1.179500 -2.310570 -7.246930
v -0.365970 -2.406651 -7.555400
v -0.667112 -2.385650 -7.710130
v -1.061060 -2.409520 -6.935470
v -1.167730 -2.360930 -7.245910
v -0.868408 -2.314600 -7.697710
v -0.666993 -2.411711 -7.671030
v -0.710622 -2.389020 -6.916740
v -1.011650 -2.407290 -6.933250
v -1.149830 -2.410541 -7.244900
v -0.967161 -2.310771 -7.682400
v -0.870265 -2.363690 -7.702480
v -1.014310 -2.308060 -7.659510
v -0.967918 -2.360111 -7.679270
v -0.869926 -2.405101 -7.686910
v -0.669753 -2.406530 -7.571920
v -0.912660 -2.391450 -6.927990
v -1.047040 -2.412320 -7.238720
v -1.092630 -2.309330 -7.591390
v -1.051520 -2.307621 -7.623430
v -1.014170 -2.356281 -7.655800
v -0.968956 -2.407620 -7.670950
v -0.671860 -2.406520 -7.521270
v -0.995426 -2.409410 -7.235430
v -1.121080 -2.312021 -7.548890
v -1.058220 -2.355911 -7.631920
v -1.087160 -2.358470 -7.591900
v -1.011300 -2.399991 -7.644850
v -0.866106 -2.407940 -7.579600
v -1.106210 -2.359931 -7.546000
v -1.068040 -2.404780 -7.583670
v -1.050630 -2.402320 -7.620180
v -0.959857 -2.410030 -7.575210
v -0.867694 -2.401980 -7.528530
v -0.690155 -2.388850 -7.219730
v -0.895869 -2.390720 -7.230630
v -1.076520 -2.407490 -7.537870
v -1.007790 -2.407080 -7.574740
v -0.964688 -2.409600 -7.527850
v -1.014570 -2.409920 -7.530270
v -1.076529 -0.975508 -7.666313
v -1.171380 -0.975507 -7.407515
v -1.072870 -0.975507 -5.870910
v -1.207812 -0.975508 -6.198944
v -1.144105 -0.975508 -5.936600
v -1.213450 -0.975508 -6.893810
v -1.193220 -0.975507 -7.200925
v -1.187465 -0.975507 -6.047866
v -1.155125 -0.975508 -7.509340
v -1.037645 -0.975508 -7.699908
v -1.169405 -0.975508 -5.980530
v -1.110790 -0.975507 -5.899785
v -1.200677 -0.975507 -6.114537
v -1.218270 -0.975507 -6.385965
v -1.028385 -0.975507 -5.848885
v 0.543880 -0.975508 -7.747435
v 1.513823 -0.975508 -7.681426
v 1.690713 -0.975508 -7.586682
v 1.310656 -0.975508 -7.699919
v 1.009388 -0.975508 -7.717974
v 1.463336 -0.975508 -7.688509
v 1.611566 -0.975508 -7.651466
v -0.993029 -0.975508 -7.724290
v 1.649061 -0.975508 -7.624576
v -0.321394 -0.975508 -7.766797
v 1.563450 -0.975508 -7.669764
v -0.944389 -0.975508 -7.740661
v 1.156608 -0.975508 -7.708284
v -0.789047 -0.975508 -7.755390
v -0.892956 -0.975508 -7.748671
v -0.015731 -0.975508 -7.768528
v 1.412493 -0.975508 -7.692476
v -0.046535 1.284632 -7.525914
v 1.729858 1.070836 -6.223408
v 1.734772 1.068752 -6.378201
v 1.773215 1.055668 -7.349694
v 1.771625 1.056363 -7.298097
v 1.754289 1.061204 -6.938651
v 1.715094 1.052980 -7.549301
v 1.332427 1.209621 -7.483514
v 1.759702 1.054269 -7.453568
v -0.041261 1.071252 -7.746691
v -0.565673 1.223592 -7.469619
v -0.347571 1.074439 -7.761117
v 1.547918 1.054719 -7.674096
v 0.981258 1.060614 -7.656636
v 1.596547 1.054213 -7.658369
v 1.394261 1.056318 -7.681262
v -0.806326 1.079212 -7.773814
v -0.906476 1.080253 -7.764881
v 1.290163 1.057400 -7.673556
v 1.497733 1.055241 -7.684682
v 1.446175 1.055777 -7.684610
v 1.641673 1.053743 -7.632606
v 1.134974 1.059015 -7.664709
v 0.520636 1.065406 -7.699985
v -0.811936 1.144029 -7.777287
v 1.758196 -2.542368 -6.120204
v 1.726777 -2.531576 -5.966811
v 1.758713 -2.538793 -6.222795
v 1.756760 -2.542298 -6.068414
vn 0.9980 0.0616 0.0157
vn -0.1509 -0.9885 -0.0057
vn -0.0763 -0.9970 0.0121
vn 0.9961 0.0776 -0.0415
vn 0.6279 -0.5061 0.5912
vn 0.4549 -0.5064 0.7326
vn 0.3090 -0.5497 0.7761
vn 0.5480 -0.5718 0.6105
vn -0.6534 -0.7188 -0.2373
vn -0.8815 -0.2960 -0.3678
vn -0.7822 -0.2661 -0.5634
vn -0.6383 -0.6409 -0.4264
vn -0.0131 -0.4897 0.8718
vn -0.0131 -0.4893 0.8720
vn -0.0120 0.3083 0.9512
vn -0.0080 0.3479 0.9375
vn -0.0519 -0.9984 -0.0222
vn -0.0668 -0.9972 -0.0340
vn -0.0361 -0.9991 -0.0241
vn -0.0369 -0.9992 -0.0154
vn -0.6661 -0.7449 -0.0377
vn -0.9622 -0.2683 -0.0470
vn -0.9363 -0.2943 -0.1917
vn -0.6631 -0.7356 -0.1386
vn 0.0001 -0.9990 -0.0436
vn 0.0037 -0.9995 -0.0326
vn 0.0256 -0.9982 -0.0537
vn 0.0234 -0.9988 -0.0419
vn -0.2149 -0.9692 -0.1200
vn -0.3490 -0.9074 -0.2342
vn -0.4610 -0.6783 -0.5721
vn -0.6100 -0.2436 -0.7540
vn -0.2517 -0.9631 -0.0950
vn -0.1742 -0.9839 -0.0398
vn 0.0410 -0.9978 -0.0512
vn 0.0553 -0.9976 -0.0421
vn 0.0210 -0.9983 -0.0550
vn -0.4842 -0.5854 0.6503
vn -0.4999 -0.5083 0.7013
vn -0.5581 -0.4909 0.6690
vn -0.4955 -0.6092 0.6191
vn -0.2445 -0.9694 -0.0230
vn -0.2134 -0.9768 -0.0170
vn 0.1817 -0.0112 0.9833
vn 0.3041 -0.2676 0.9143
vn 0.4132 -0.3107 0.8560
vn 0.4102 -0.0261 0.9116
vn -0.3077 -0.8679 -0.3900
vn -0.1207 -0.9848 -0.1252
vn -0.3367 -0.7292 -0.5958
vn -0.4628 -0.2591 -0.8477
vn 0.8981 0.4006 0.1813
vn 0.8681 0.3091 0.3884
vn 0.9140 0.1667 0.3700
vn 0.9795 0.0922 0.1790
vn -0.5712 0.8203 0.0307
vn -0.5536 0.8327 0.0164
vn -0.9658 0.2528 -0.0573
vn -0.9701 0.2399 -0.0357
vn 0.9434 0.3312 -0.0164
vn 0.9503 0.3110 -0.0167
vn 0.9958 0.0911 0.0072
vn 0.9779 0.2066 -0.0309
vn 0.4159 -0.5485 0.7254
vn 0.3918 -0.5349 0.7486
vn 0.3994 -0.5044 0.7655
vn 0.4743 -0.5191 0.7111
vn -0.0137 0.3173 0.9482
vn -0.0098 0.2806 0.9598
vn -0.0088 0.0006 1.0000
vn 0.6349 -0.6135 0.4697
vn 0.5205 -0.6998 0.4893
vn -0.2452 -0.8456 -0.4741
vn -0.0753 -0.9906 -0.1138
vn -0.2112 -0.7277 -0.6526
vn -0.0793 -0.9918 -0.1005
vn -0.0412 -0.9981 -0.0468
vn -0.0367 -0.9993 -0.0005
vn -0.1079 -0.9941 -0.0122
vn -0.1319 -0.9908 -0.0309
vn 1.0000 -0.0055 -0.0071
vn 1.0000 -0.0040 0.0064
vn 0.9979 -0.0030 -0.0648
vn 0.9956 -0.0060 -0.0939
vn -0.8861 0.0007 0.4634
vn -0.8511 0.0025 0.5251
vn -0.9117 -0.0053 0.4108
vn -0.9441 -0.0027 0.3297
vn -0.6568 -0.7539 -0.0154
vn -0.9758 -0.2179 -0.0152
vn -0.9709 -0.2394 -0.0100
vn -0.6535 -0.7567 -0.0187
vn -0.0057 -1.0000 0.0006
vn -0.0039 -1.0000 -0.0005
vn -0.1836 -0.9829 0.0119
vn -0.1553 -0.9879 0.0007
vn 0.8101 0.3223 0.4898
vn 0.8526 0.2247 0.4718
vn 0.7477 -0.5584 0.3594
vn 0.7609 0.2325 0.6058
vn 0.4717 -0.7121 0.5200
vn 0.3765 -0.7014 0.6052
vn 0.1863 0.2099 0.9598
vn 0.1527 -0.6276 0.7634
vn 0.2899 -0.6778 0.6757
vn 0.3818 0.2179 0.8982
vn -0.0398 -0.9992 -0.0004
vn -0.0278 -0.9996 -0.0010
vn -0.1223 -0.9925 0.0047
vn -0.0248 -0.9997 0.0057
vn -0.0146 -0.9999 -0.0000
vn -0.0293 -0.1658 0.9857
vn -0.0157 -0.1453 0.9893
vn 0.0357 -0.2636 0.9640
vn -0.0012 -0.3083 0.9513
vn -0.0499 -0.2506 0.9668
vn -0.0256 -0.9996 -0.0091
vn 0.0039 -0.9984 -0.0567
vn 0.9997 -0.0009 -0.0253
vn 0.9873 -0.0007 -0.1587
vn 0.9691 0.0035 -0.2467
vn 0.9991 0.0022 -0.0428
vn -0.9865 -0.1299 0.1001
vn -0.9376 -0.3084 0.1606
vn -0.8314 -0.4851 0.2709
vn -0.9318 -0.2661 0.2470
vn -0.1799 -0.9836 -0.0122
vn -0.2310 -0.9729 -0.0113
vn 0.1235 0.9891 0.0805
vn 0.1441 0.9879 0.0567
vn -0.0121 0.9991 0.0410
vn 0.0089 0.9985 0.0543
vn 0.7453 0.3235 0.5829
vn 0.6476 0.2210 0.7292
vn 0.5036 0.2349 0.8314
vn -0.1862 -0.8869 -0.4227
vn -0.0422 -0.7220 -0.6906
vn -0.0356 -0.9943 -0.1002
vn -0.0034 -0.6367 0.7711
vn -0.0165 -0.2429 0.9699
vn -0.0982 -0.2766 0.9559
vn -0.1302 -0.6362 0.7605
vn -0.6486 -0.7609 -0.0203
vn -0.9764 -0.2160 -0.0065
vn -0.9745 -0.2242 0.0105
vn -0.6700 -0.7423 0.0089
vn 0.7856 0.0550 -0.6163
vn 0.8268 0.0507 -0.5602
vn -0.0731 -0.9962 0.0471
vn -0.0255 -0.9990 0.0376
vn -0.0007 0.7314 -0.6820
vn 0.0350 0.7789 -0.6262
vn 0.0170 0.2042 -0.9788
vn -0.0446 0.1490 -0.9878
vn -0.0412 -0.9982 -0.0434
vn -0.0387 -0.9989 -0.0255
vn 0.6320 0.3431 0.6949
vn 0.4900 0.3419 0.8019
vn 0.0564 0.9841 0.1682
vn -0.0496 0.9987 0.0100
vn -0.1088 0.9935 -0.0321
vn -0.0875 0.9961 -0.0125
vn -0.0782 -0.9969 -0.0071
vn -0.0869 -0.9962 -0.0061
vn 0.6986 -0.0479 -0.7139
vn 0.6806 -0.0484 -0.7311
vn 0.4755 0.8628 -0.1714
vn 0.5820 0.7996 -0.1480
vn 0.0490 0.3287 -0.9432
vn 0.1171 0.3568 -0.9268
vn 0.0994 0.1446 -0.9845
vn 0.0345 0.0845 -0.9958
vn -0.1432 0.9422 0.3027
vn -0.3845 0.8778 0.2858
vn 0.5220 0.8513 0.0536
vn 0.5383 0.8427 0.0128
vn -0.8803 0.4285 0.2037
vn -0.8957 0.3836 0.2248
vn -0.8310 0.3521 0.4306
vn -0.8542 0.3252 0.4058
vn -0.0065 0.0080 0.9999
vn -0.0085 -0.0567 0.9984
vn 0.1639 -0.1589 0.9736
vn 0.0719 0.0032 0.9974
vn 0.8177 -0.3086 0.4859
vn 0.8495 0.1501 0.5058
vn 0.9318 0.0775 0.3545
vn 0.8481 -0.4191 0.3241
vn 0.3817 0.3112 0.8703
vn 0.1746 0.2952 0.9393
vn -0.1297 0.7424 -0.6573
vn -0.1578 0.2825 -0.9462
vn -0.2490 0.6930 -0.6765
vn -0.4278 0.0707 0.9011
vn -0.1474 0.1104 0.9829
vn 0.0109 0.6623 0.7492
vn -0.2512 0.6431 0.7234
vn 0.0312 -0.7634 -0.6451
vn -0.0587 -0.2531 -0.9657
vn -0.0055 -0.2856 -0.9583
vn -0.0085 -0.9997 -0.0230
vn 0.0127 -0.9900 -0.1404
vn -0.0226 0.0475 0.9986
vn -0.0311 -0.0855 0.9959
vn -0.0312 -0.0903 0.9954
vn -0.0387 0.0522 0.9979
vn -0.0533 -0.9986 0.0004
vn -0.0498 -0.9987 -0.0062
vn 0.5374 0.8428 0.0299
vn 0.0444 0.9990 -0.0003
vn -0.0015 0.9999 0.0138
vn 0.2743 0.9610 0.0339
vn -0.0093 -0.9947 0.1023
vn -0.1316 -0.9869 0.0929
vn 0.4873 -0.6344 -0.6001
vn 0.4971 -0.6158 -0.6113
vn 0.4742 -0.6166 -0.6284
vn 0.4639 -0.6262 -0.6266
vn -0.4850 -0.7536 -0.4437
vn -0.6319 -0.6106 -0.4773
vn -0.4589 -0.6459 -0.6101
vn -0.4088 -0.7390 -0.5355
vn 0.3146 -0.9482 0.0434
vn 0.9757 -0.2177 0.0232
vn 0.9691 -0.2467 -0.0055
vn 0.2833 -0.9578 0.0486
vn 0.9281 0.3722 -0.0141
vn 0.9922 0.1235 -0.0189
vn 0.0209 0.7413 -0.6708
vn 0.0319 0.1717 -0.9846
vn 0.0271 0.1525 -0.9879
vn -0.0105 0.6860 -0.7276
vn 0.0160 0.7369 -0.6758
vn -0.1164 -0.8803 -0.4600
vn -0.0211 -0.9171 -0.3981
vn -0.0332 -0.9117 -0.4095
vn -0.0058 -0.7447 -0.6674
vn 0.0016 -0.9830 -0.1836
vn -0.5734 -0.7598 -0.3064
vn -0.5625 -0.6904 -0.4549
vn -0.4817 -0.7690 -0.4202
vn -0.5435 -0.7894 -0.2854
vn 0.0006 -1.0000 0.0083
vn -0.0001 -1.0000 0.0069
vn -0.0003 -1.0000 0.0059
vn -0.0003 -1.0000 0.0037
vn 0.9327 0.3606 0.0035
vn 1.0000 0.0061 0.0078
vn 0.9140 0.4056 0.0041
vn -0.0013 -0.9983 -0.0584
vn 0.0019 -1.0000 0.0003
vn 0.7286 -0.6843 0.0314
vn 0.7275 -0.6852 0.0352
vn 0.7073 -0.6766 -0.2049
vn 0.6971 -0.6874 -0.2040
vn -0.0068 -0.9950 0.0991
vn 0.0239 0.0565 -0.9981
vn 0.0332 0.0726 -0.9968
vn 0.0155 -0.9921 0.1241
vn 0.7621 -0.6473 0.0115
vn 0.7587 -0.6511 0.0196
vn 0.9805 -0.1960 0.0134
vn 0.6038 0.7967 -0.0258
vn 0.9824 0.1839 0.0330
vn 0.9850 0.1701 0.0284
vn 0.6698 0.7418 -0.0326
vn 0.4114 -0.6332 -0.6556
vn 0.3723 -0.6322 -0.6795
vn 0.3692 -0.6325 -0.6809
vn 0.4207 -0.6282 -0.6546
vn -0.2209 0.9328 -0.2849
vn -0.2145 0.9561 -0.1994
vn -0.0810 0.9896 -0.1192
vn -0.4092 0.0066 0.9124
vn -0.4083 0.3181 0.8556
vn -0.2458 0.3399 0.9078
vn -0.2396 0.0126 0.9708
vn 0.0445 0.9584 -0.2818
vn 0.0093 0.2890 0.9573
vn 0.1378 0.1910 0.9719
vn -0.0476 0.9869 -0.1541
vn -0.0001 0.9999 -0.0107
vn -0.0004 1.0000 -0.0096
vn -0.0198 0.9998 -0.0072
vn -0.0242 0.9997 -0.0090
vn 0.0090 -0.9984 0.0555
vn 0.0040 -0.9986 -0.0530
vn 0.9878 0.0943 0.1242
vn 0.9699 -0.2111 0.1211
vn 0.9781 -0.1995 0.0593
vn 0.9929 0.1019 0.0614
vn -0.8166 -0.3634 -0.4485
vn -0.8354 -0.4399 -0.3295
vn -0.9589 -0.2010 -0.2002
vn -0.9321 0.3588 -0.0497
vn -0.9332 0.3576 -0.0347
vn -0.9493 0.3111 -0.0448
vn -0.9443 0.3250 -0.0513
vn -0.2565 0.9460 0.1981
vn -0.0283 0.9985 0.0467
vn -0.0410 0.9934 0.1073
vn -0.2048 0.9352 0.2890
vn 0.7880 0.0071 0.6156
vn 0.8686 0.0070 0.4954
vn -0.0062 0.2887 0.9574
vn -0.0038 0.2952 0.9554
vn 0.0300 0.2549 0.9665
vn 0.0198 0.2945 0.9555
vn 0.0012 -0.9999 0.0104
vn -0.0144 -0.5503 -0.8348
vn -0.0189 -0.3945 -0.9187
vn -0.1549 -0.4998 -0.8522
vn -0.0791 -0.5120 -0.8553
vn -0.0295 0.8197 0.5720
vn -0.0276 0.9988 0.0407
vn 0.0656 0.9969 0.0438
vn 0.0437 0.8601 0.5082
vn 0.0669 0.8343 0.5472
vn -0.0019 0.9486 0.3166
vn 0.0086 0.4496 0.8932
vn 0.1192 0.2045 0.9716
vn 0.0011 0.7532 0.6578
vn 0.0069 0.9973 0.0731
vn 0.0113 0.9993 0.0343
vn -0.0005 0.7484 0.6632
vn 0.9476 0.3143 0.0572
vn 0.9740 0.2222 0.0446
vn 0.6477 0.7615 0.0243
vn 0.0771 0.9950 -0.0637
vn 0.1082 0.9919 -0.0658
vn 0.0748 0.9958 -0.0526
vn 0.0679 0.9962 -0.0539
vn -0.0832 -0.9965 0.0066
vn -0.0010 1.0000 -0.0067
vn -0.0011 1.0000 -0.0046
vn -0.0057 1.0000 -0.0069
vn -0.0054 1.0000 -0.0053
vn 0.7276 0.6857 0.0213
vn 0.0038 0.2205 -0.9754
vn 0.0439 -0.2433 -0.9690
vn 0.0415 -0.2094 -0.9770
vn 0.0017 0.2666 -0.9638
vn 0.3479 -0.5791 -0.7373
vn 0.2186 -0.4229 -0.8794
vn 0.2097 -0.3596 -0.9092
vn -0.1467 0.8652 -0.4795
vn -0.2118 0.8913 -0.4008
vn -0.1598 0.9781 -0.1335
vn -0.1223 0.9893 -0.0800
vn 0.9998 -0.0085 0.0154
vn 1.0000 -0.0055 0.0065
vn 0.9999 -0.0035 0.0167
vn -0.9555 0.2937 -0.0292
vn -0.9337 0.3562 -0.0375
vn -0.8806 -0.4220 -0.2158
vn -0.6645 -0.7205 -0.1985
vn -0.6392 -0.7323 -0.2349
vn -0.6108 -0.7261 -0.3160
vn -0.8588 -0.3548 -0.3696
vn 0.2430 -0.9494 0.1992
vn 0.0775 -0.9892 0.1243
vn 0.1548 -0.9814 0.1136
vn -0.3478 0.9372 0.0250
vn 0.3647 0.9267 0.0906
vn 0.3153 0.9446 0.0910
vn -0.3994 0.9160 0.0389
vn 0.9991 0.0195 0.0364
vn 0.9996 0.0067 0.0269
vn 1.0000 0.0018 0.0091
vn 0.9995 0.0107 0.0308
vn -0.0061 -0.4044 -0.9146
vn -0.1447 -0.5355 -0.8321
vn -0.0502 -0.1937 -0.9798
vn 0.1098 -0.9916 0.0681
vn 0.0695 -0.9969 0.0374
vn 0.2126 -0.9752 0.0620
vn 0.6574 -0.7249 0.2058
vn -0.9981 -0.0023 0.0617
vn -0.9998 -0.0017 0.0174
vn -0.9998 -0.0169 0.0135
vn -0.9991 -0.0091 0.0409
vn 0.3902 0.4034 -0.8276
vn 0.4028 0.0041 -0.9153
vn 0.5377 0.0040 -0.8431
vn 0.4975 0.4030 -0.7682
vn 0.0357 -0.0029 0.9994
vn 0.0253 0.0173 0.9995
vn -0.0040 0.0038 1.0000
vn -0.0079 -0.0221 -0.9997
vn -0.0036 -0.0203 -0.9998
vn -0.0010 -0.0825 -0.9966
vn -0.0144 -0.0917 -0.9957
vn -0.0071 -0.9793 -0.2025
vn -0.0112 -0.6933 -0.7206
vn 0.0048 0.9990 0.0444
vn -0.0059 0.9993 0.0368
vn 0.0006 0.9997 -0.0261
vn 0.0106 0.9995 -0.0303
vn 0.0156 -0.9959 0.0889
vn 0.0837 -0.9937 0.0741
vn 0.0526 -0.9936 0.1000
vn 0.0215 -0.9937 0.1101
vn 0.7474 -0.6636 0.0322
vn 0.7555 -0.6550 0.0167
vn 0.9807 -0.1933 0.0304
vn 0.1034 0.7519 -0.6512
vn 0.1431 0.8756 -0.4614
vn 0.3752 -0.5100 0.7740
vn 0.3257 -0.5654 0.7578
vn 0.2945 -0.5415 0.7875
vn -0.0118 -0.9930 0.1173
vn -0.0699 -0.9904 0.1196
vn -0.0478 0.9986 -0.0213
vn -0.0480 0.9988 0.0097
vn 0.9665 0.2536 0.0393
vn 0.9618 0.2722 0.0308
vn -0.4820 0.8762 0.0003
vn -0.9130 0.4079 -0.0104
vn -0.9357 0.3527 -0.0101
vn -0.6739 0.7387 -0.0110
vn -0.0024 0.9998 -0.0221
vn 0.0041 0.9995 -0.0323
vn 0.0266 0.7533 -0.6571
vn -0.5037 -0.8346 -0.2230
vn -0.5158 -0.7924 -0.3255
vn -0.5787 -0.7893 -0.2053
vn 0.0017 0.8322 -0.5545
vn 0.0375 0.6782 -0.7339
vn 0.0040 -0.6002 -0.7998
vn 0.0308 -0.4620 -0.8863
vn -0.4137 -0.6307 -0.6566
vn -0.5348 -0.0274 -0.8446
vn -0.5793 0.0233 -0.8148
vn -0.4266 -0.5798 -0.6942
vn 0.9012 0.3545 0.2494
vn 0.2626 0.9596 0.1007
vn 0.1982 0.9787 0.0538
vn 0.9146 0.3358 0.2252
vn -0.0122 -0.9951 0.0984
vn -0.0245 -0.9938 0.1083
vn -0.0203 -0.9951 0.0965
vn -0.0100 -0.9958 0.0908
vn 0.0198 0.9900 -0.1396
vn 0.0334 0.9930 -0.1135
vn 0.0510 0.9875 0.1493
vn 0.0235 0.9896 0.1419
vn -0.4568 0.8613 0.2225
vn -0.9861 0.0421 0.1604
vn -0.9999 0.0156 0.0028
vn -0.4896 0.8601 0.1431
vn 0.0003 -0.2395 0.9709
vn -0.2480 -0.3968 0.8838
vn -0.3488 -0.5541 0.7559
vn -0.2688 -0.4490 0.8521
vn 0.2709 0.9595 0.0770
vn 0.2934 0.9534 0.0702
vn -0.4999 0.8653 0.0354
vn -0.4595 0.8868 0.0491
vn 0.9981 0.0090 0.0611
vn 0.9909 0.0065 0.1343
vn 0.9820 0.0044 0.1887
vn 0.9959 0.0058 0.0900
vn 0.4153 -0.5406 0.7316
vn 0.3639 -0.5363 0.7615
vn 0.3343 -0.5336 0.7769
vn 0.3793 -0.5007 0.7781
vn -0.0313 -0.0896 0.9955
vn -0.0273 -0.0923 0.9954
vn -0.0974 0.5251 0.8455
vn -0.0883 0.5057 0.8582
vn 0.1402 0.9812 0.1324
vn 0.3396 0.9075 0.2470
vn 0.2916 0.9098 0.2953
vn 0.0686 0.9860 0.1517
vn -0.5354 0.8351 -0.1266
vn -0.2978 0.9526 -0.0618
vn -0.2808 0.9595 -0.0221
vn -0.5233 0.8519 -0.0210
vn 0.6858 0.7256 0.0561
vn 0.8154 0.5771 0.0450
vn -0.0570 0.9983 0.0094
vn 0.0198 0.9994 -0.0295
vn 0.9688 0.2469 0.0223
vn 0.9643 0.2620 0.0389
vn 0.0665 -0.9958 0.0635
vn 0.1020 -0.9941 0.0374
vn -0.7435 -0.6427 0.1849
vn -0.7076 -0.6393 0.3009
vn -0.7088 -0.6451 0.2852
vn -0.8305 -0.5251 0.1857
vn 0.4054 0.0077 0.9141
vn 0.5391 0.0065 0.8422
vn -0.9127 0.4079 0.0244
vn -0.8911 0.4474 0.0757
vn -0.9937 -0.0017 0.1120
vn -0.0116 0.3298 -0.9440
vn 0.0181 0.8654 -0.5007
vn -0.0215 0.9701 -0.2416
vn -0.0403 0.6588 -0.7513
vn -0.1331 0.9911 0.0083
vn -0.4278 0.9003 0.0800
vn -0.0017 -0.9993 -0.0367
vn -0.0022 -0.9994 -0.0349
vn 0.0437 -0.9990 -0.0037
vn 0.0563 -0.9982 -0.0221
vn 0.0563 -0.9982 -0.0204
vn 0.0035 0.9992 -0.0386
vn -0.9887 0.1230 -0.0859
vn -0.9936 0.1068 -0.0357
vn 0.1504 0.9886 0.0066
vn 0.0118 -0.0142 -0.9998
vn 0.0157 -0.0751 -0.9971
vn 0.0079 -0.9999 -0.0085
vn 0.0091 -1.0000 0.0022
vn 0.0108 -0.9962 0.0864
vn 0.1859 -0.9806 -0.0616
vn 0.0784 -0.9951 -0.0608
vn 0.2067 -0.9694 -0.1324
vn -0.0485 0.9987 -0.0169
vn -0.0396 0.9979 -0.0520
vn -0.0117 0.9996 -0.0268
vn 0.0171 0.9998 0.0063
vn 0.0441 -0.9990 0.0070
vn 0.0555 -0.9982 0.0220
vn 0.0838 -0.9965 0.0076
vn -0.1654 -0.9860 0.0233
vn -0.7371 -0.6755 0.0221
vn -0.7058 -0.7082 0.0176
vn -0.1276 -0.9916 0.0226
vn -0.0148 -0.9980 -0.0607
vn -0.0021 -0.9977 -0.0674
vn -0.0013 -0.9981 -0.0614
vn -0.0264 -0.9984 -0.0492
vn 0.0058 -0.6982 -0.7159
vn -0.0046 -0.9822 -0.1878
vn 0.0037 -1.0000 0.0012
vn 0.0072 -0.9999 0.0119
vn 0.0087 -0.9999 0.0071
vn -0.4511 0.8693 -0.2021
vn -0.4535 0.8751 -0.1690
vn 0.2545 0.9491 0.1858
vn -0.3472 -0.4744 0.8090
vn -0.1113 -0.2076 0.9719
vn -0.1896 -0.2876 0.9388
vn 0.0934 -0.9956 0.0090
vn 0.1072 -0.9941 0.0136
vn -0.8266 -0.5624 0.0190
vn -0.9418 0.3361 -0.0067
vn -0.8023 -0.5967 -0.0176
vn -0.0045 0.9996 0.0287
vn -0.0294 0.7459 0.6654
vn 0.5857 0.8105 0.0105
vn 0.9824 0.1851 0.0267
vn 0.9581 0.2827 0.0471
vn 0.5093 0.8605 0.0117
vn 0.0873 0.8813 -0.4645
vn 0.1737 0.9062 -0.3856
vn 0.2793 0.9322 -0.2302
vn 0.1597 0.9728 0.1678
vn -0.0045 0.9997 -0.0225
vn -0.0034 0.9999 -0.0155
vn -0.0107 0.9998 -0.0159
vn -0.0002 0.9983 -0.0585
vn 0.0010 0.9960 -0.0898
vn 0.0160 0.8142 -0.5803
vn -0.9731 -0.1933 0.1251
vn -0.9867 0.1104 0.1193
vn -0.9973 0.0652 -0.0326
vn -0.9856 -0.1691 -0.0044
vn 0.9664 -0.1395 0.2160
vn 0.9551 0.2720 0.1175
vn 0.9721 -0.1912 0.1359
vn 0.0319 -0.9852 -0.1687
vn 0.0054 -0.9823 -0.1875
vn -0.9762 -0.0055 0.2166
vn -0.9581 -0.0170 0.2859
vn -0.9939 -0.0208 0.1080
vn -0.9965 -0.0060 0.0834
vn 0.9610 0.2619 0.0885
vn 0.9941 0.0725 0.0811
vn 0.9995 0.0083 0.0319
vn -0.0412 0.9180 -0.3944
vn 0.1858 0.9492 -0.2540
vn 0.3006 0.9475 -0.1087
vn 0.1694 0.9358 -0.3092
vn -0.8330 0.4924 -0.2525
vn -0.9548 0.0315 -0.2956
vn -0.8363 -0.0028 -0.5483
vn -0.7935 0.4526 -0.4068
vn -0.0083 -0.9999 -0.0060
vn 0.4989 0.8525 0.1560
vn 0.5936 0.8021 0.0649
vn -0.0056 1.0000 -0.0022
vn 0.0116 0.9996 0.0273
vn -0.0919 -0.0516 0.9944
vn -0.0866 -0.0534 0.9948
vn -0.0544 -0.0081 0.9985
vn -0.0690 -0.0157 0.9975
vn 0.0121 -0.1754 -0.9844
vn 0.0140 -0.2010 -0.9795
vn 0.0064 -0.9036 -0.4284
vn 0.0082 -0.8797 -0.4755
vn -0.0201 -0.9849 0.1718
vn -0.0197 -0.9980 0.0595
vn -0.0091 -1.0000 0.0033
vn -0.0215 -0.9998 0.0025
vn 0.0128 0.9999 -0.0072
vn 0.0302 0.9993 -0.0217
vn 0.0461 -0.9988 0.0164
vn 0.1971 -0.9802 0.0206
vn -0.0886 0.8661 0.4920
vn -0.0796 0.9801 -0.1818
vn -0.0758 0.9970 0.0162
vn -0.0730 0.7684 0.6358
vn 0.0120 -0.9952 0.0971
vn 0.3888 0.5648 -0.7278
vn 0.1559 0.7355 -0.6593
vn -0.0092 0.8599 -0.5104
vn 0.1074 0.9185 -0.3806
vn 0.3680 -0.6245 -0.6889
vn 0.2922 -0.6114 -0.7354
vn 0.2864 -0.5761 -0.7655
vn 0.3665 -0.6103 -0.7023
vn -0.0653 0.9605 0.2706
vn 0.0562 0.9503 -0.3062
vn 0.1658 0.9248 -0.3425
vn -0.0833 0.9657 0.2461
vn 0.1725 -0.9847 0.0234
vn 0.0406 -0.9991 0.0144
vn 0.0405 -0.9990 0.0163
vn 0.1684 -0.9855 0.0197
vn -0.9994 0.0008 -0.0354
vn -0.9968 0.0031 -0.0802
vn -0.9977 -0.0106 -0.0666
vn -0.9993 -0.0101 -0.0351
vn -0.0059 0.2885 0.9575
vn -0.0084 0.2883 0.9575
vn -0.0089 0.2889 0.9573
vn 0.0054 0.9412 -0.3377
vn 0.0100 0.9395 -0.3424
vn 0.0298 0.1752 -0.9841
vn 0.0273 0.1944 -0.9805
vn -0.9917 -0.1064 -0.0729
vn -0.9890 -0.0933 -0.1147
vn -0.9968 0.0177 -0.0777
vn -0.9984 0.0140 -0.0543
vn -0.9994 -0.0115 0.0324
vn -0.9997 -0.0088 0.0233
vn -0.9996 -0.0006 -0.0276
vn -0.9991 -0.0128 -0.0412
vn 0.0878 -0.9961 0.0118
vn 0.9965 0.0663 0.0512
vn 0.9817 -0.1853 0.0433
vn 0.9841 -0.1760 0.0237
vn 0.9989 0.0171 0.0444
vn 0.7534 -0.6570 0.0283
vn 0.7211 -0.6918 0.0371
vn -0.0340 -0.2123 0.9766
vn -0.0232 -0.1792 0.9835
vn -0.0266 -0.9843 0.1744
vn -0.0037 -0.9997 -0.0254
vn 0.4337 -0.6202 -0.6537
vn 0.4303 -0.6242 -0.6521
vn 0.3665 -0.6289 -0.6857
vn -0.9708 0.0009 0.2400
vn -0.2148 0.9766 -0.0106
vn -0.1831 0.9830 0.0115
vn -0.7410 0.6715 0.0063
vn -0.7569 0.6531 -0.0235
vn -0.0156 0.9999 -0.0011
vn -0.0093 0.9916 0.1293
vn -0.0197 0.9809 0.1935
vn -0.0153 0.9990 -0.0408
vn -0.9810 -0.1937 -0.0049
vn 0.5154 0.0716 -0.8539
vn 0.5935 0.7836 -0.1835
vn -0.9342 0.3565 -0.0157
vn -0.9327 0.3602 -0.0194
vn -0.9266 0.3759 -0.0110
vn -0.1786 -0.0114 0.9838
vn -0.0630 -0.0161 0.9979
vn -0.0463 0.1639 0.9854
vn -0.0470 -0.0246 0.9986
vn -0.0886 -0.0332 0.9955
vn -0.0607 -0.0427 0.9972
vn -0.0013 1.0000 -0.0010
vn 0.9606 -0.2235 -0.1651
vn 0.9377 -0.2877 -0.1948
vn 0.9011 -0.3666 -0.2314
vn 0.9920 -0.0865 -0.0915
vn 0.9990 -0.0152 -0.0420
vn 0.9843 -0.1501 -0.0931
vn -0.0179 -0.9998 0.0106
vn 0.9931 0.1176 0.0037
vn 0.9960 0.0891 0.0115
vn -0.1826 -0.9830 0.0207
vn -0.1772 -0.9841 -0.0108
vn -0.8582 -0.5129 0.0198
vn -0.8747 -0.4846 0.0094
vn -0.9357 0.3524 -0.0175
vn -0.0105 0.0034 0.9999
vn -0.0500 -0.0287 0.9983
vn 0.0107 -0.1548 -0.9879
vn -0.0011 -0.8943 -0.4474
vn -0.1595 -0.9869 0.0244
vn -0.7103 -0.7039 0.0008
vn 0.0699 0.9967 -0.0424
vn 0.6051 0.7961 -0.0096
vn 0.7814 -0.4667 0.4143
vn 0.6618 -0.5388 0.5213
vn 0.7472 -0.5462 0.3787
vn -0.0004 -0.3190 -0.9478
vn -0.0371 -0.1087 -0.9934
vn 0.0761 -0.6924 -0.7175
vn 0.0142 -0.6717 -0.7407
vn 0.0151 -0.1781 -0.9839
vn 0.0901 -0.2192 -0.9715
vn -0.9963 0.0808 -0.0291
vn 0.5990 -0.6850 0.4148
vn 0.5925 -0.7092 0.3819
vn 0.6641 -0.7127 0.2259
vn 0.6504 -0.7236 0.2310
vn -0.1941 0.9722 0.1314
vn -0.0196 0.9997 -0.0109
vn 0.9396 0.0319 0.3407
vn 0.1280 -0.7239 0.6779
vn 0.0952 -0.7077 0.7001
vn 0.0951 -0.7513 0.6531
vn 0.1181 -0.6967 0.7076
vn 0.7620 -0.6345 0.1293
vn 0.9704 -0.2402 0.0231
vn 0.9528 -0.2744 0.1301
vn -0.8022 -0.5899 0.0922
vn -0.8404 -0.5417 0.0187
vn -0.6272 -0.7788 -0.0116
vn -0.6831 -0.7258 0.0811
vn 0.0747 -0.4625 -0.8835
vn 0.0097 -0.5125 -0.8587
vn 0.0191 -0.0454 -0.9988
vn 0.0927 -0.0466 -0.9946
vn 0.8072 -0.5739 0.1376
vn 0.8334 -0.5239 0.1762
vn -0.0199 -0.7098 0.7041
vn -0.0412 -0.5771 0.8156
vn -0.0700 -0.6507 0.7561
vn -0.0607 -0.6991 0.7124
vn 0.0056 0.9898 -0.1420
vn 0.0087 0.9999 -0.0088
vn 0.0293 0.9877 -0.1538
vn 0.1951 0.0113 0.9807
vn 0.0394 0.7594 -0.6494
vn 0.0339 -0.0007 -0.9994
vn 0.0542 0.0087 -0.9985
vn 0.0560 0.0196 -0.9982
vn 0.0271 -0.0133 -0.9995
vn 0.0420 0.2381 -0.9703
vn 0.0363 0.1954 -0.9801
vn 0.0328 0.1977 -0.9797
vn 0.0378 0.1958 -0.9799
vn -0.9807 -0.0012 0.1957
vn -0.9999 0.0012 0.0144
vn -0.9857 -0.0467 0.1618
vn -0.6686 -0.7432 0.0244
vn -0.9598 -0.2806 0.0012
vn -0.9682 -0.2498 -0.0164
vn -0.5476 0.3656 -0.7527
vn -0.5891 -0.0177 -0.8079
vn -0.4507 -0.0099 -0.8926
vn -0.4213 0.3899 -0.8188
vn 0.0551 0.9974 -0.0458
vn 0.0551 0.9971 -0.0525
vn 0.0669 0.9964 -0.0511
vn 0.0612 0.9972 -0.0434
vn 0.0106 0.9939 -0.1096
vn 0.0125 0.9905 -0.1368
vn -0.0164 0.9973 0.0709
vn -0.0631 0.9970 -0.0454
vn -0.2544 0.9671 0.0056
vn -0.2884 0.8774 0.3833
vn -0.1242 0.9569 0.2625
vn -0.9980 0.0527 -0.0349
vn 0.7462 -0.6473 0.1557
vn 0.7299 -0.6667 0.1507
vn 0.0218 -0.9873 0.1576
vn 0.0074 -0.9885 0.1512
vn 0.0763 0.9950 -0.0642
vn 0.9693 0.2399 -0.0538
vn 0.0175 0.7880 0.6155
vn -0.0244 0.9964 0.0814
vn -0.0383 0.9988 0.0298
vn -0.0404 0.7808 0.6235
vn -0.0506 0.3527 0.9344
vn -0.0700 0.8301 0.5532
vn -0.0808 0.8681 0.4898
vn -0.4261 -0.5236 0.7378
vn -0.0465 -0.0059 -0.9989
vn 0.0053 0.0025 -1.0000
vn -0.0090 -0.0047 -0.9999
vn -0.0559 -0.0049 -0.9984
vn 0.6607 0.7505 0.0129
vn 0.9837 0.1780 0.0270
vn 0.9836 0.1776 0.0317
vn -0.1730 -0.9847 -0.0196
vn -0.1260 -0.9915 0.0322
vn -0.9515 -0.3024 0.0564
vn 0.3062 -0.0010 0.9520
vn 0.1316 -0.0037 0.9913
vn 0.0827 -0.0026 0.9966
vn 0.2429 -0.0006 0.9700
vn -0.6753 -0.0038 0.7375
vn -0.7112 0.0723 0.6993
vn -0.8513 0.1695 0.4965
vn -0.8189 -0.0011 0.5739
vn -0.0464 0.8069 -0.5888
vn -0.0767 0.8411 -0.5355
vn -0.1202 0.9911 -0.0565
vn -0.1226 0.9856 -0.1164
vn 0.5840 -0.1609 0.7956
vn 0.4431 -0.1255 0.8876
vn 0.4291 0.1251 0.8946
vn 0.5413 0.2080 0.8147
vn -0.0024 -1.0000 0.0004
vn -0.0600 -0.0200 0.9980
vn -0.0389 -0.0198 0.9990
vn -0.0008 -0.0113 0.9999
vn -0.0286 0.3429 0.9389
vn -0.0288 0.3401 0.9400
vn -0.0346 -0.0733 0.9967
vn -0.0373 0.0096 0.9993
vn -0.0300 0.9991 0.0305
vn -0.0759 0.9971 -0.0109
vn -0.2682 0.9576 -0.1054
vn -0.1044 0.9944 -0.0135
vn 0.4522 -0.8917 0.0189
vn 0.4218 -0.9061 0.0323
vn 0.0878 -0.1868 0.9785
vn -0.0316 -0.2211 0.9747
vn -0.0267 -0.6551 0.7550
vn 0.0148 -0.7146 0.6993
vn 0.1385 -0.4976 0.8563
vn -0.5305 -0.1775 -0.8289
vn -0.6613 -0.0316 -0.7494
vn -0.3532 -0.0282 -0.9351
vn -0.3394 -0.1880 -0.9217
vn 0.0153 0.0503 0.9986
vn 0.0044 0.2504 -0.9681
vn -0.3103 0.9506 -0.0103
vn -0.8740 0.4125 0.2567
vn -0.9097 0.4150 0.0143
vn -0.2541 0.9655 -0.0572
vn -0.3029 -0.8010 -0.5164
vn -0.3136 -0.8023 -0.5079
vn -0.0305 0.9993 0.0234
vn -0.0484 0.9984 0.0291
vn -0.0377 0.9991 0.0214
vn 0.4569 0.8867 0.0712
vn 0.4944 0.8678 0.0499
vn 0.0417 -0.9928 0.1123
vn -0.0689 -0.0873 0.9938
vn 0.0306 -0.1548 0.9875
vn -0.0645 -0.0447 -0.9969
vn -0.0315 -0.0084 -0.9995
vn 0.0327 0.0094 -0.9994
vn 0.7298 -0.6730 0.1202
vn 0.8473 -0.5101 0.1481
vn 0.8014 -0.5391 0.2591
vn 0.7092 -0.6829 0.1754
vn 0.0384 -0.6401 -0.7673
vn 0.0332 -0.5103 -0.8593
vn 0.0217 -0.5448 -0.8383
vn 0.0268 -0.6644 -0.7469
vn 0.0388 0.1872 -0.9816
vn 0.0754 0.9912 -0.1084
vn 0.0094 0.9991 -0.0421
vn -0.0152 0.9982 -0.0579
vn 0.0543 -0.9968 -0.0588
vn -0.9873 0.1022 -0.1217
vn -0.9323 -0.3016 0.1998
vn -0.6571 -0.7509 0.0660
vn -0.8099 -0.5501 0.2036
vn -0.0174 0.9994 0.0283
vn 0.0042 0.9958 -0.0912
vn 0.0021 0.9956 -0.0938
vn -0.0035 1.0000 0.0066
vn -0.0356 0.0238 -0.9991
vn -0.0527 0.0191 -0.9984
vn 0.2030 -0.6042 0.7705
vn 0.2302 -0.6787 0.6974
vn -0.2164 -0.7027 -0.6777
vn -0.2208 -0.6998 -0.6794
vn -0.1608 -0.6998 -0.6961
vn -0.0792 -0.6939 -0.7157
vn -0.0394 -0.0891 0.9952
vn -0.0314 -0.0919 0.9953
vn -0.0670 0.0458 0.9967
vn 0.0739 0.9511 0.3000
vn 0.1341 0.3454 0.9288
vn 0.0349 0.3266 0.9445
vn -0.0333 0.9531 0.3010
vn 0.0560 -0.6989 0.7130
vn 0.0100 -0.7522 0.6588
vn 0.0776 -0.8027 0.5913
vn 0.4703 -0.6260 -0.6221
vn 0.4946 -0.6373 -0.5910
vn 0.4965 -0.6427 -0.5834
vn 0.4669 -0.6356 -0.6148
vn 0.2464 0.9685 0.0358
vn 0.1554 0.9878 -0.0085
vn 0.1213 0.9925 -0.0166
vn 0.1171 0.9911 0.0631
vn 0.0105 -0.9999 -0.0046
vn 0.9496 0.3130 0.0177
vn 0.9488 0.3149 0.0240
vn 0.9980 0.0600 0.0204
vn 0.0116 0.5858 0.8104
vn 0.1212 0.6679 0.7343
vn 0.0210 -0.9992 0.0352
vn -0.0921 -0.9936 0.0655
vn -0.8723 -0.2704 0.4073
vn 0.2764 0.8530 0.4427
vn 0.1813 0.9593 0.2163
vn 0.2546 0.8965 0.3625
vn 0.9976 -0.0097 0.0692
vn 0.9996 -0.0093 0.0258
vn 0.9991 0.0026 0.0422
vn 0.9986 0.0013 0.0525
vn -0.0508 0.9982 0.0307
vn -0.6920 0.7197 -0.0566
vn -0.6649 0.7469 -0.0059
vn 0.9702 0.2347 0.0597
vn 0.8322 0.5506 0.0649
vn 0.9776 0.2018 0.0604
vn -0.3597 -0.3931 0.8463
vn -0.3800 -0.4700 0.7967
vn -0.3094 0.0148 -0.9508
vn -0.6746 0.0031 -0.7382
vn -0.0538 -0.9962 0.0684
vn -0.2752 -0.9445 0.1793
vn -0.3486 -0.9293 0.1220
vn -0.0841 -0.9958 0.0352
vn 0.0134 0.9590 -0.2830
vn -0.0095 0.9471 0.3208
vn -0.0128 0.9456 0.3250
vn -0.0025 0.9627 -0.2705
vn 0.9684 -0.1697 -0.1827
vn 0.9838 -0.1768 -0.0303
vn 0.9935 -0.1059 -0.0423
vn 0.9506 -0.1186 -0.2868
vn -0.1266 -0.0086 -0.9919
vn -0.1340 -0.0053 -0.9910
vn 0.8991 0.0845 -0.4295
vn 0.9729 0.0846 -0.2153
vn 0.8179 0.4086 -0.4050
vn 0.9204 0.3298 -0.2101
vn -0.0960 0.9953 -0.0110
vn -0.0085 0.9999 -0.0098
vn -0.0041 0.9999 -0.0102
vn -0.0678 0.9976 -0.0112
vn -0.0927 -0.0525 0.9943
vn 0.0017 -0.9153 -0.4029
vn -0.0154 -0.4705 0.8823
vn -0.0763 -0.4510 0.8893
vn 0.0326 -0.9432 -0.3307
vn -0.4582 -0.5802 0.6733
vn -0.4277 -0.5586 0.7107
vn -0.3940 -0.5734 0.7183
vn -0.0335 -0.9979 0.0555
vn -0.0365 -0.9976 0.0589
vn 0.6994 -0.6820 -0.2138
vn 0.7566 -0.6355 -0.1540
vn 0.7645 -0.6427 0.0495
vn 0.7262 -0.6867 0.0323
vn -0.0902 0.0084 0.9959
vn 0.1213 -0.7890 0.6024
vn 0.1119 -0.6851 0.7198
vn 0.0289 0.7645 -0.6440
vn 0.0063 0.9995 -0.0297
vn -0.8523 -0.4675 -0.2347
vn 0.2003 -0.9775 0.0658
vn 0.2473 -0.9677 0.0496
vn -0.8966 -0.4359 -0.0785
vn -0.9032 0.4124 -0.1194
vn -0.9090 0.4035 -0.1043
vn 0.0063 0.9455 -0.3255
vn 0.0337 0.1958 -0.9801
vn -0.0102 0.9627 -0.2704
vn -0.7305 -0.5709 0.3747
vn 0.0261 -0.0024 -0.9997
vn 0.0328 -0.0740 -0.9967
vn -0.0494 -0.9984 0.0276
vn -0.0342 -0.9993 0.0152
vn -0.6403 -0.5506 0.5355
vn -0.7999 -0.2665 0.5378
vn 0.4003 -0.5632 0.7229
vn 0.3650 -0.6013 0.7108
vn 0.3590 -0.5937 0.7201
vn -0.9871 -0.1601 0.0090
vn -0.9929 -0.1103 -0.0436
vn -0.9796 -0.2009 -0.0016
vn -0.9449 -0.3230 0.0534
vn -0.4396 -0.0822 -0.8944
vn -0.2716 -0.1535 -0.9501
vn -0.2856 0.3878 -0.8764
vn -0.4179 0.3799 -0.8252
vn 0.9155 -0.3096 0.2570
vn 0.0990 0.9949 -0.0184
vn 0.0980 0.9952 -0.0056
vn -0.0004 1.0000 0.0039
vn -0.0142 0.9998 0.0169
vn -0.5247 0.6982 -0.4871
vn -0.6115 0.6658 -0.4275
vn -0.1690 0.9751 -0.1439
vn -0.0120 0.9999 0.0010
vn 0.0494 0.0129 -0.9987
vn 0.0787 0.0228 -0.9966
vn 0.0307 -0.0010 -0.9995
vn -0.7542 0.4621 0.4665
vn -0.4985 0.8507 0.1667
vn -0.4184 0.9082 0.0103
vn -0.0727 -0.9897 0.1233
vn -0.2571 -0.9279 0.2699
vn 0.1481 0.9866 -0.0681
vn 0.9056 0.2135 -0.3664
vn 0.9566 0.2185 -0.1928
vn 0.1634 0.0043 0.9866
vn 0.3619 0.0035 0.9322
vn -0.8885 0.3828 -0.2531
vn 0.4170 -0.9088 0.0110
vn -0.8406 -0.5409 -0.0285
vn -0.0224 -0.6632 0.7481
vn -0.0398 -0.2558 0.9659
vn -0.0112 -0.3946 0.9188
vn -0.0043 -0.8592 0.5116
vn -0.8988 0.4329 -0.0690
vn -0.2978 0.9546 0.0119
vn -0.3192 0.9470 0.0364
vn -0.8932 0.4480 -0.0383
vn -0.2561 -0.2596 -0.9311
vn 0.0901 0.9958 -0.0141
vn 0.0660 0.9977 -0.0119
vn 0.0633 0.9979 -0.0164
vn 0.0328 0.9994 -0.0124
vn 0.0269 0.9988 -0.0400
vn -0.0991 0.9932 -0.0606
vn -0.0895 0.9957 -0.0246
vn -0.0533 0.8495 -0.5249
vn -0.0751 0.8488 -0.5234
vn -0.2202 0.9181 0.3295
vn -0.1969 0.9143 0.3540
vn 0.2363 0.9105 -0.3392
vn 0.2687 0.9074 -0.3232
vn -0.0504 -0.9962 0.0715
vn -0.0450 -0.9973 0.0581
vn 0.0080 0.2940 -0.9558
vn 0.0146 0.2937 -0.9558
vn 0.0498 -0.0090 -0.9987
vn 0.0661 0.0196 -0.9976
vn 0.0282 0.0014 -0.9996
vn 0.0382 -0.0129 -0.9992
vn 0.1156 -0.0074 0.9933
vn 0.3382 0.0171 0.9409
vn -0.6941 -0.2974 0.6556
vn -0.4635 -0.6382 0.6148
vn -0.1509 -0.9716 0.1821
vn 0.0009 0.9999 0.0148
vn 0.1371 0.9876 0.0759
vn -0.8966 0.4427 0.0042
vn -0.9147 0.4034 -0.0246
vn -0.5684 -0.0039 0.8227
vn -0.5540 0.3057 0.7743
vn -0.3167 0.4386 -0.8410
vn -0.3168 0.0047 -0.9485
vn -0.1942 0.0328 -0.9804
vn -0.1704 0.6129 -0.7716
vn 0.0214 -0.9922 0.1226
vn 0.0060 -0.9868 0.1620
vn -0.0545 -0.0836 0.9950
vn -0.1435 0.5325 0.8342
vn -0.0054 0.8665 -0.4991
vn -0.0492 0.8703 -0.4901
vn 0.0186 0.7751 -0.6316
vn 0.0728 0.9616 -0.2648
vn 0.0613 0.8779 -0.4749
vn 0.0475 0.9957 -0.0799
vn 0.0709 0.9953 -0.0660
vn 0.9949 0.0708 0.0713
vn -0.1267 0.3494 -0.9284
vn -0.1230 -0.1935 -0.9734
vn -0.0375 -0.2444 -0.9690
vn 0.0055 -0.1313 -0.9913
vn -0.0129 0.2785 -0.9604
vn -0.9909 -0.1320 -0.0273
vn -0.9934 -0.1112 -0.0270
vn -1.0000 0.0046 -0.0041
vn 0.0027 1.0000 -0.0063
vn -0.0029 0.9999 -0.0146
vn -0.0471 -0.9973 0.0570
vn -0.0844 -0.9933 0.0784
vn -0.3904 0.3321 -0.8586
vn -0.1101 0.5853 -0.8033
vn -0.1431 -0.3760 -0.9155
vn -0.3473 -0.4411 -0.8275
vn -0.0586 -0.9970 0.0514
vn -0.1358 -0.9661 0.2196
vn -0.3148 -0.6059 0.7306
vn -0.5574 -0.3234 0.7647
vn -0.9673 -0.1862 -0.1725
vn -0.9800 -0.0179 -0.1983
vn -0.9959 -0.0011 -0.0909
vn -0.9839 -0.1662 -0.0651
vn -0.0378 -0.6681 0.7431
vn -0.0436 -0.7135 0.6993
vn -0.0911 -0.7007 0.7076
vn -0.1034 -0.6369 0.7640
vn -0.1785 -0.9821 0.0595
vn -0.1272 -0.7073 -0.6954
vn -0.1694 -0.6434 -0.7465
vn -0.3178 -0.6545 -0.6860
vn -0.2350 -0.7728 -0.5895
vn 0.3997 0.1384 -0.9061
vn 0.3352 0.6585 -0.6739
vn 0.6283 0.4729 -0.6177
vn 0.7461 0.1108 -0.6566
vn -0.8890 0.4574 -0.0218
vn 0.0027 -0.9829 0.1839
vn -0.1276 0.9894 -0.0700
vn -0.0640 0.9975 -0.0310
vn -0.0882 -0.1534 -0.9842
vn -0.1192 -0.1153 -0.9862
vn -0.1668 -0.5325 -0.8298
vn -0.1152 -0.4920 -0.8630
vn -0.0386 -0.9970 0.0675
vn 0.7583 -0.5644 -0.3263
vn 0.7881 -0.5328 -0.3083
vn 0.7464 -0.5685 -0.3460
vn 0.7470 -0.5709 -0.3406
vn -0.0028 -0.9974 0.0726
vn 0.7608 0.3987 -0.5121
vn -0.0608 -0.9784 0.1976
vn -0.1739 -0.6068 0.7756
vn -0.3509 -0.3369 0.8737
vn -0.1891 0.0239 0.9817
vn -0.2055 0.0057 0.9786
vn 0.0553 0.9171 0.3949
vn 0.0067 0.9052 0.4249
vn -0.6297 -0.7600 0.1606
vn -0.6417 -0.7435 0.1883
vn -0.6951 -0.6730 0.2528
vn -0.7091 -0.6802 0.1857
vn 0.2669 -0.9611 -0.0709
vn 0.1833 -0.9802 -0.0752
vn -0.8114 -0.3790 0.4450
vn -0.8509 -0.4652 0.2441
vn -0.0095 -0.9842 0.1769
vn 0.0481 -0.9863 0.1577
vn -0.9763 -0.2163 -0.0014
vn -0.1389 -0.9901 0.0181
vn -0.3475 0.4371 0.8296
vn -0.4180 0.4685 0.7783
vn -0.1686 0.9814 -0.0920
vn -0.1446 0.9801 -0.1361
vn -0.0767 -0.9844 0.1581
vn 0.4476 -0.6443 -0.6201
vn 0.4841 -0.6506 -0.5850
vn 0.6718 0.3724 -0.6403
vn -0.0659 0.9978 -0.0082
vn -0.0804 0.9968 -0.0036
vn -0.1848 -0.3191 0.9295
vn 0.0590 -0.9941 -0.0913
vn 0.0030 -0.9999 -0.0118
vn 0.9946 0.1037 0.0025
vn -0.1865 -0.9822 -0.0216
vn -0.1920 0.9681 -0.1611
vn -0.0771 0.9968 -0.0226
vn -0.0956 0.9953 -0.0133
vn 0.8315 0.0254 -0.5549
vn 0.6820 0.0034 -0.7314
vn 0.2233 0.9434 -0.2451
vn 0.2355 0.9456 -0.2242
vn 0.6688 0.2009 -0.7157
vn 0.7614 0.1480 -0.6312
vn 0.0881 0.6826 -0.7255
vn 0.0913 0.9712 -0.2200
vn 0.1796 0.5894 -0.7876
vn 0.0306 -0.6438 -0.7646
vn 0.0395 -0.6676 -0.7435
vn 0.0117 -0.6329 -0.7741
vn 0.1008 -0.9948 0.0139
vn -0.0316 -0.0015 0.9995
vn 0.0032 0.1673 0.9859
vn -0.0235 0.1773 0.9839
vn 0.0461 -0.9932 -0.1073
vn -0.0580 0.9727 0.2248
vn -0.0589 0.9817 0.1814
vn 0.0282 0.1825 -0.9828
vn 0.9991 0.0154 0.0389
vn 0.9986 0.0082 0.0529
vn 0.0520 -0.6362 -0.7698
vn 0.0250 -0.6319 -0.7746
vn 0.0599 -0.6350 -0.7702
vn 0.0613 0.0267 -0.9978
vn 0.6744 -0.6547 -0.3414
vn 0.6574 -0.6712 -0.3425
vn 0.0260 0.2754 -0.9610
vn 0.0128 0.2110 -0.9774
vn 0.0278 0.0316 -0.9991
vn 0.9989 0.0018 0.0459
vn -0.9939 -0.0893 -0.0645
vn -0.9966 -0.0643 -0.0510
vn -0.9919 -0.0435 -0.1196
vn -0.9975 -0.0110 -0.0694
vn -0.4748 -0.7585 -0.4464
vn 0.0254 0.0233 0.9994
vn 0.0021 0.1052 0.9945
vn 0.6930 0.1330 -0.7086
vn 0.5427 0.1615 -0.8243
vn -0.9462 0.2471 0.2090
vn 0.1981 0.1601 -0.9670
vn 0.3249 -0.9457 0.0104
vn -0.8812 -0.4723 -0.0223
vn -0.1771 -0.9837 0.0312
vn -0.0403 0.9873 0.1536
vn -0.0568 0.5331 0.8442
vn -0.0465 0.6692 0.7417
vn -0.0188 0.9946 -0.1023
vn 0.0962 -0.0098 0.9953
vn -0.0008 -0.0539 0.9985
vn -0.0652 0.5283 0.8465
vn 0.0996 -0.1396 -0.9852
vn 0.0631 -0.0439 -0.9970
vn 0.1102 -0.1111 -0.9877
vn 0.8751 -0.4835 -0.0205
vn 0.4246 0.1716 -0.8890
vn -0.7457 -0.4174 0.5193
vn -0.6432 -0.6116 0.4607
vn 0.0041 -0.6074 0.7944
vn -0.3671 0.9283 -0.0590
vn 0.9922 0.1250 0.0001
vn 0.9927 0.1202 0.0056
vn -0.8008 0.2947 0.5214
vn -0.8982 -0.2044 0.3893
vn -0.9264 -0.1179 0.3575
vn -0.8880 0.2578 0.3807
vn -0.0107 0.3636 0.9315
vn -0.0098 0.9685 -0.2490
vn 0.0180 0.2855 -0.9582
vn 0.0180 -0.1180 -0.9929
vn -0.0786 -0.9969 0.0025
vn -0.3476 -0.3538 0.8683
vn -0.4539 -0.3970 0.7978
vn -0.8119 0.5380 -0.2266
vn -0.9661 0.0276 -0.2568
vn -0.9907 0.1149 -0.0725
vn -0.7501 0.6597 -0.0469
vn -0.9385 0.0937 -0.3324
vn -0.8888 0.1435 -0.4353
vn -0.3595 0.9329 -0.0221
vn -0.3769 0.9261 0.0170
vn 0.1627 -0.9867 0.0006
vn 0.1654 -0.9861 -0.0167
vn 0.8447 -0.3089 -0.4370
vn 0.9106 -0.3268 -0.2529
vn 0.6753 -0.7122 -0.1913
vn 0.6693 -0.6561 -0.3486
vn -0.0082 1.0000 -0.0021
vn -0.0541 0.9970 0.0560
vn -0.0360 0.9882 -0.1486
vn 0.3130 0.1839 -0.9318
vn 0.2907 0.3812 -0.8776
vn -0.0169 -0.2345 0.9720
vn -0.1434 0.9817 -0.1252
vn -0.0809 0.9967 -0.0041
vn -0.0510 0.9985 0.0219
vn -0.0763 0.9969 -0.0176
vn 0.1838 0.3712 -0.9102
vn 0.0880 0.0198 -0.9959
vn 0.0855 -0.0364 -0.9957
vn 0.0455 -0.5666 -0.8227
vn 0.0670 -0.3915 -0.9177
vn 0.0322 -0.1153 -0.9928
vn -0.9239 0.3824 -0.0117
vn -0.9178 0.3970 0.0060
vn 0.9749 -0.0518 0.2167
vn 0.8694 -0.2596 0.4204
vn 0.7961 -0.3501 0.4936
vn -0.3599 -0.8059 -0.4701
vn -0.2987 -0.8720 -0.3878
vn -0.1390 -0.7890 -0.5984
vn -0.1890 -0.7724 -0.6064
vn 0.0957 0.8791 0.4669
vn -0.0558 -0.6776 0.7333
vn -0.0297 -0.7193 0.6940
vn -0.0310 -0.0050 0.9995
vn -0.0003 -0.0084 1.0000
vn -0.0662 -0.0244 0.9975
vn -0.0680 -0.0912 0.9935
vn -0.0012 -0.2247 -0.9744
vn 0.4095 -0.6516 -0.6385
vn 0.4647 -0.6593 -0.5911
vn 0.4921 -0.6282 -0.6026
vn 0.4740 -0.6195 -0.6257
vn -0.7723 -0.5702 -0.2801
vn -0.7075 -0.6840 -0.1777
vn -0.3822 -0.8389 -0.3875
vn -0.4912 -0.8082 -0.3248
vn 0.0336 -0.5075 0.8610
vn 0.0818 -0.2457 -0.9659
vn 0.0826 -0.3646 -0.9275
vn 0.0447 -0.3896 -0.9199
vn 0.0482 -0.2299 -0.9720
vn -0.0600 0.9525 0.2986
vn 0.7543 -0.0004 -0.6565
vn 0.7477 0.0090 -0.6640
vn 0.8799 0.0077 -0.4752
vn 0.9201 -0.0005 -0.3917
vn -0.0107 0.1400 -0.9901
vn 0.0106 -0.1510 -0.9885
vn -0.0034 -0.2364 -0.9716
vn -0.0469 -0.0291 -0.9985
vn -0.0511 -0.1332 -0.9898
vn -0.0384 -0.0301 -0.9988
vn -0.9926 0.0153 -0.1204
vn -0.2360 0.4762 0.8471
vn -0.1188 0.9783 -0.1698
vn 0.0082 0.9994 -0.0344
vn 0.0104 0.9997 -0.0240
vn -0.0250 0.9518 0.3058
vn 0.0338 -0.5733 -0.8187
vn -0.0081 -0.6591 -0.7520
vn 0.0024 0.9977 -0.0681
vn -0.0280 0.8265 0.5623
vn -0.0593 0.7511 0.6575
vn 0.0153 0.2156 -0.9764
vn -0.0255 0.1326 -0.9908
vn -0.0263 0.0329 -0.9991
vn 0.0066 0.0313 -0.9995
vn -0.0792 0.4892 0.8686
vn -0.0255 -0.0751 0.9969
vn 0.1551 -0.4869 0.8596
vn 0.2982 -0.4213 0.8565
vn 0.2436 -0.4555 -0.8563
vn 0.1932 -0.6587 -0.7272
vn 0.2493 -0.6652 -0.7038
vn 0.2848 -0.4468 -0.8481
vn -0.0200 -0.1652 0.9861
vn -0.0182 -0.9844 0.1748
vn 0.2733 -0.3730 0.8867
vn -0.0506 0.9955 -0.0803
vn -0.0656 0.9888 -0.1344
vn 0.1337 0.9906 -0.0291
vn 0.0888 0.9956 -0.0312
vn 0.8597 0.2836 -0.4248
vn 0.9300 0.2940 -0.2206
vn 0.0314 0.3145 -0.9487
vn 0.0608 0.7357 -0.6746
vn 0.0219 0.8107 -0.5851
vn 0.9238 0.3829 -0.0022
vn 0.4151 -0.4891 0.7671
vn 0.3919 -0.4400 0.8080
vn 0.5405 -0.4814 0.6901
vn 0.5190 -0.5019 0.6919
vn 0.3287 -0.5205 0.7880
vn 0.2621 -0.5421 0.7984
vn -0.1843 -0.3848 0.9044
vn -0.0722 -0.4136 0.9076
vn -0.5914 -0.6934 0.4117
vn -0.5538 -0.6203 0.5554
vn 0.0337 0.1891 -0.9814
vn 0.0258 -0.5380 -0.8425
vn 0.0015 -0.5861 -0.8102
vn 0.0116 -0.4924 -0.8703
vn -0.0201 0.0267 -0.9994
vn 0.0072 0.0142 -0.9999
vn 0.0107 0.8024 -0.5967
vn 0.0707 0.8203 -0.5675
vn 0.0293 0.8611 -0.5076
vn 0.0541 0.7721 -0.6332
vn 0.6578 0.0767 -0.7493
vn 0.6490 0.3013 -0.6986
vn 0.2605 0.9284 -0.2649
vn 0.3654 0.9005 -0.2358
vn 0.2468 0.9358 0.2518
vn -0.3733 0.9191 -0.1263
vn -0.2881 0.9430 -0.1668
vn -0.8162 -0.1639 -0.5540
vn -0.7089 -0.1440 -0.6905
vn -0.7669 -0.0006 -0.6418
vn -0.0282 0.3394 0.9402
vn 0.0288 0.9401 -0.3398
vn -0.0027 -0.9167 -0.3996
vn -0.0030 -0.2813 -0.9596
vn 0.0643 0.9971 -0.0401
vn 0.0635 0.9968 -0.0484
vn -0.0755 0.3604 0.9297
vn -0.0857 0.0088 0.9963
vn -0.0468 -0.1062 0.9932
vn -0.0360 0.3188 0.9471
vn -0.1437 0.2885 0.9466
vn -0.1491 -0.1225 0.9812
vn 0.9980 -0.0419 0.0477
vn 0.9858 -0.1659 0.0249
vn 0.9873 -0.1555 0.0325
vn 0.9943 -0.0988 0.0405
vn 0.7011 -0.6658 0.2553
vn 0.6518 -0.6445 0.3998
vn 0.4582 0.8857 0.0749
vn 0.4018 0.9076 0.1219
vn -0.0575 0.7473 -0.6620
vn -0.0777 0.9914 -0.1053
vn -0.0560 0.9906 -0.1248
vn -0.0313 0.7379 -0.6742
vn 0.0319 0.9505 -0.3092
vn 0.0484 0.1748 -0.9834
vn 0.0689 0.1600 -0.9847
vn 0.0433 0.9365 -0.3480
vn 0.0718 -0.5180 -0.8523
vn -0.0248 0.9990 0.0368
vn -0.0030 0.9991 0.0413
vn 0.9323 0.0052 0.3615
vn 0.8342 0.0047 0.5515
vn 0.8044 0.0047 0.5941
vn 0.8956 0.0054 0.4448
vn -0.0349 0.9990 -0.0283
vn -0.0585 0.9970 -0.0514
vn 0.0978 -0.9950 0.0203
vn 0.0553 -0.9982 0.0218
vn 0.0528 -0.9984 0.0204
vn -0.0588 -0.3131 0.9479
vn -0.0696 -0.4505 0.8900
vn -0.0652 0.8904 -0.4504
vn -0.2652 -0.0072 -0.9642
vn -0.2636 -0.0065 -0.9646
vn 0.2772 0.0062 -0.9608
vn 0.1739 0.0076 -0.9847
vn 0.0393 0.9992 0.0080
vn 0.0923 0.9957 0.0005
vn -0.0008 -0.6949 -0.7191
vn 0.0079 -0.6828 -0.7305
vn 0.0014 -0.2566 0.9665
vn 0.5550 -0.5567 -0.6181
vn 0.6386 -0.5335 -0.5545
vn 0.5478 -0.6259 -0.5552
vn 0.7000 -0.7045 0.1169
vn 0.6753 -0.7253 0.1342
vn -0.0568 0.0996 -0.9934
vn -0.0905 -0.0742 0.9931
vn -0.0667 -0.0438 0.9968
vn 0.0472 0.9477 -0.3157
vn 0.1608 0.1751 -0.9713
vn 0.8118 -0.5207 0.2643
vn -0.1035 0.9932 -0.0538
vn 0.1608 0.9699 0.1828
vn 0.0540 0.9902 0.1286
vn 0.1042 0.9803 0.1678
vn 0.4989 0.6995 0.5117
vn 0.9652 0.0055 0.2614
vn 0.9937 0.0054 0.1117
vn -0.9952 -0.0680 0.0698
vn -0.9731 -0.2104 0.0937
vn 0.1269 -0.3257 -0.9369
vn 0.0870 0.9950 -0.0482
vn 0.2969 -0.1371 0.9450
vn 0.1254 -0.2281 0.9655
vn -0.9904 0.1352 -0.0281
vn -0.9997 0.0048 -0.0244
vn -0.9785 0.2061 -0.0037
vn -0.0015 -0.0004 1.0000
vn 0.0238 -0.0061 0.9997
vn -0.0447 0.0889 0.9950
vn -0.0844 0.7536 0.6519
vn -0.0741 0.1415 0.9872
vn -0.0024 -0.9983 -0.0579
vn -0.0217 -0.6156 0.7877
vn 0.9919 -0.1182 0.0460
vn 0.9909 -0.1290 0.0375
vn 0.9825 -0.1801 0.0481
vn 0.9803 -0.1930 0.0417
vn 0.9942 -0.0954 0.0503
vn 0.7082 -0.6284 0.3217
vn 0.9968 0.0030 -0.0803
vn 0.9998 0.0010 -0.0212
vn 0.0508 -0.6214 0.7818
vn 0.0729 -0.5654 0.8216
vn -0.1490 -0.9888 0.0028
vn -0.1069 -0.9941 0.0170
vn -0.0326 -0.9943 0.1018
vn 0.4082 -0.5234 -0.7479
vn 0.4007 -0.6219 -0.6728
vn 0.0331 -0.6262 -0.7790
vn -0.0453 -0.6956 -0.7170
vn 0.1899 0.8979 0.3971
vn 0.1005 0.9692 0.2249
vn 0.2699 0.8448 0.4620
vn -0.2182 0.0061 0.9759
vn -0.0949 0.0022 0.9955
vn -0.8042 0.3147 -0.5042
vn -0.9077 0.3203 -0.2711
vn -0.6501 0.7294 -0.2129
vn -0.0029 1.0000 0.0010
vn -0.0096 0.9999 0.0108
vn -0.0050 1.0000 -0.0075
vn 0.0035 0.9996 -0.0281
vn -0.0320 -0.6613 0.7494
vn -0.2380 -0.4696 0.8502
vn 0.0410 -0.9963 -0.0751
vn 0.0557 -0.9875 -0.1471
vn -0.0141 -0.2629 -0.9647
vn -0.0405 0.1479 -0.9882
vn 0.1000 0.2743 -0.9564
vn 0.0295 0.9578 -0.2860
vn 0.0352 0.2797 -0.9594
vn -0.0337 0.3318 0.9428
vn -0.0075 -0.4751 0.8799
vn 0.0322 -0.1014 -0.9943
vn -0.8791 -0.4758 0.0275
vn 0.5269 0.2096 -0.8237
vn 0.5937 0.2090 -0.7771
vn 0.0693 0.9953 -0.0675
vn 0.0642 0.9939 -0.0895
vn 0.0704 0.9872 -0.1428
vn 0.0770 0.9948 -0.0669
vn -0.0145 -0.9818 0.1895
vn -0.1172 -0.0947 0.9886
vn -0.2501 -0.1009 0.9629
vn 0.0758 -0.0942 -0.9927
vn 0.1226 -0.0553 -0.9909
vn -0.9965 -0.0626 -0.0559
vn -0.9936 -0.0689 -0.0891
vn -0.9967 -0.0664 -0.0476
vn 0.0187 0.9987 0.0475
vn -0.9773 -0.2120 -0.0042
vn 0.1308 -0.6499 0.7487
vn 0.1031 -0.6877 0.7187
vn -0.1745 -0.6362 -0.7515
vn -0.0174 -0.7153 -0.6986
vn -0.0398 -0.4910 -0.8703
vn -0.1010 -0.3902 -0.9152
vn 0.3063 -0.4825 0.8206
vn -0.0753 0.9960 -0.0492
vn -0.0564 0.9971 -0.0512
vn -0.2294 -0.7111 -0.6646
vn -0.1441 -0.6814 -0.7176
vn -0.0023 -0.9999 -0.0129
vn 0.4204 0.9018 0.1004
vn 0.3827 0.9192 0.0933
vn 0.3908 0.9182 0.0647
vn -0.0545 -0.0370 -0.9978
vn -0.0489 -0.0283 -0.9984
vn -0.0755 0.8887 0.4522
vn -0.0557 0.4252 0.9034
vn -0.0665 0.9862 0.1518
vn -0.0826 0.9851 0.1506
vn 0.0575 0.9975 -0.0413
vn 0.0403 0.1922 -0.9805
vn 0.0378 0.9358 0.3504
vn -0.0047 0.9421 0.3354
vn -0.0012 -0.9848 -0.1735
vn 0.3421 -0.6456 0.6828
vn -0.8821 -0.0028 -0.4711
vn -0.8302 -0.0151 -0.5573
vn -0.9537 -0.0067 -0.3006
vn -0.9650 -0.0037 -0.2623
vn -0.0626 0.9980 -0.0030
vn -0.0336 -0.2771 0.9602
vn -0.1817 -0.4131 0.8924
vn -0.1783 -0.5686 0.8031
vn 0.4118 -0.1731 0.8947
vn 0.1699 -0.1751 0.9698
vn 0.5959 0.0033 0.8030
vn 0.4628 0.0016 0.8865
vn 0.4142 0.0008 0.9102
vn 0.5605 0.0022 0.8281
vn 0.3613 -0.7250 -0.5864
vn 0.2235 -0.7016 -0.6766
vn 0.2890 -0.2616 -0.9209
vn 0.4866 -0.2879 -0.8248
vn 0.0747 -0.9904 -0.1160
vn 0.0532 -0.0129 -0.9985
vn 0.0847 -0.6271 -0.7744
vn 0.1202 -0.6401 -0.7588
vn -0.9164 0.1973 0.3482
vn 0.4739 -0.7005 -0.5335
vn 0.1286 -0.9829 -0.1320
vn 0.9890 -0.1441 0.0342
vn 0.9899 -0.1375 0.0336
vn 0.7598 0.6306 -0.1580
vn 0.7447 0.6644 -0.0628
vn 0.3342 0.0212 -0.9423
vn 0.2443 -0.0085 -0.9697
vn 0.1109 -0.9637 -0.2430
vn 0.0643 -0.9647 -0.2552
vn 0.6204 -0.3034 -0.7232
vn -0.0693 0.9797 0.1883
vn 0.0320 0.9990 -0.0298
vn -0.0245 0.2941 0.9555
vn -0.4423 -0.0075 0.8968
vn -0.5878 0.0637 0.8065
vn -0.6546 -0.0060 0.7560
vn -0.3866 -0.2427 0.8898
vn -0.4961 -0.3473 0.7958
vn -0.4704 -0.4809 0.7399
vn 0.5831 -0.6569 -0.4780
vn -0.0208 0.0027 0.9998
vn 0.9557 0.0044 0.2944
vn -0.9654 0.0032 -0.2608
vn -0.8767 -0.0002 -0.4811
vn -0.2613 -0.4376 0.8604
vn -0.4206 -0.4308 0.7985
vn 0.7439 -0.3020 -0.5961
vn -0.9991 -0.0002 -0.0434
vn -0.9999 -0.0042 0.0116
vn -0.9727 -0.1207 0.1981
vn -0.0453 0.2465 0.9681
vn -0.0416 -0.0947 0.9946
vn -0.0462 0.2806 0.9587
vn -0.0200 -0.1358 0.9905
vn 0.7199 -0.6777 0.1500
vn 0.7168 -0.6830 0.1405
vn 0.7155 -0.6846 0.1395
vn 0.0002 -1.0000 -0.0025
vn 0.3268 0.1987 -0.9240
vn 0.4931 0.1999 -0.8467
vn 0.1425 0.9373 -0.3181
vn 0.0853 0.9596 -0.2681
vn -0.4360 -0.0051 -0.8999
vn -0.5143 -0.0166 -0.8574
vn -0.3537 -0.0618 -0.9333
vn -0.4245 0.3064 0.8520
vn -0.2710 0.3154 0.9094
vn -0.5388 -0.3966 0.7432
vn 0.1172 -0.9737 -0.1953
vn 0.1480 -0.9845 -0.0944
vn 0.1209 -0.9819 -0.1457
vn -0.6544 -0.3801 0.6537
vn 0.5732 -0.1911 -0.7968
vn 0.5053 -0.0988 -0.8573
vn 0.4108 -0.4796 -0.7754
vn 0.4632 -0.5175 -0.7195
vn -0.0681 0.8536 -0.5165
vn -0.9946 -0.0620 -0.0828
vn -0.9933 -0.0661 -0.0947
vn -0.9906 -0.0849 -0.1076
vn 0.6772 -0.7325 -0.0693
vn 0.3593 0.9314 0.0581
vn -0.1382 -0.6789 0.7212
vn -0.1189 -0.6830 0.7207
vn -0.0556 0.9984 -0.0116
vn -0.0457 0.9988 0.0192
vn -0.5513 0.3233 0.7691
vn -0.7369 -0.3585 0.5730
vn -0.6864 0.3086 0.6585
vn -0.0020 1.0000 -0.0089
vn -0.0027 -0.9998 -0.0213
vn -0.0057 -0.9996 -0.0273
vn -0.0148 -0.2221 0.9749
vn 0.0095 -0.9617 0.2741
vn -0.0000 -0.9887 0.1502
vn 0.0708 -0.9975 -0.0018
vn 0.9403 -0.3276 -0.0928
vn -0.1256 0.9920 -0.0110
vn -0.9528 0.2987 -0.0538
vn -0.9405 0.3160 -0.1249
vn -0.1115 0.9932 -0.0342
vn 0.0232 0.0023 -0.9997
vn -0.6930 -0.6469 0.3184
vn -0.9227 -0.3418 0.1785
vn -0.8455 -0.2682 0.4617
vn -0.6838 -0.6074 0.4043
vn -0.0610 0.0471 -0.9970
vn -0.0122 0.0210 -0.9997
vn -0.7557 0.3139 0.5747
vn -0.6822 0.2996 0.6670
vn -0.5569 0.8305 0.0123
vn -0.9571 0.2897 0.0034
vn -0.9582 0.2857 -0.0175
vn 0.3466 0.2534 -0.9032
vn 0.2091 0.2703 -0.9398
vn -0.0715 0.9907 -0.1155
vn -0.1144 0.9812 -0.1552
vn 0.2685 0.0444 0.9623
vn 0.1610 -0.9868 0.0153
vn -0.0109 0.9994 0.0329
vn -0.0219 0.9992 0.0335
vn 0.2800 -0.9596 -0.0276
vn 0.0738 0.9860 -0.1497
vn -0.0285 0.9993 0.0229
vn -0.0372 -0.1243 0.9916
vn -0.0457 -0.1818 0.9823
vn 0.0129 -0.4619 0.8869
vn 0.0386 -0.7312 0.6810
vn 0.3816 -0.0007 -0.9243
vn 0.5517 -0.0004 -0.8341
vn 0.6135 -0.0038 -0.7897
vn 0.4590 0.0011 -0.8884
vn -0.7669 0.2777 0.5786
vn -0.0439 0.9989 -0.0136
vn -0.0312 0.1106 0.9934
vn -0.0199 0.1466 0.9890
vn 0.0107 -0.9044 -0.4265
vn 0.7098 -0.7033 -0.0383
vn 0.7405 -0.6719 -0.0099
vn 0.9635 0.2637 0.0465
vn -0.8655 -0.4943 0.0808
vn -0.0577 0.9983 -0.0123
vn 0.0084 -0.3594 0.9331
vn 0.0793 -0.7127 0.6970
vn 0.0819 -0.7714 0.6311
vn 0.0302 -0.4679 0.8833
vn -0.0028 -0.9863 -0.1648
vn -0.5835 -0.7026 -0.4073
vn -0.3518 -0.8528 -0.3859
vn -0.3185 -0.8451 -0.4294
vn -0.6821 -0.6371 -0.3589
vn 0.0799 -0.9967 0.0169
vn 0.6865 -0.6643 0.2956
vn 0.9557 -0.2921 -0.0374
vn -0.1070 -0.0670 -0.9920
vn 0.8450 -0.5068 0.1707
vn 0.7485 -0.6481 0.1402
vn -0.9201 0.3855 0.0693
vn 0.0717 -0.0084 -0.9974
vn -0.0728 0.9094 -0.4094
vn -0.2185 0.9754 0.0295
vn -0.3445 0.9385 0.0226
vn 0.7908 0.4320 -0.4337
vn 0.7423 0.4211 -0.5213
vn -0.0797 -0.1634 0.9833
vn 0.2618 0.9614 0.0841
vn 0.0724 -0.3219 -0.9440
vn 0.0647 -0.2701 -0.9606
vn 0.3090 -0.9509 0.0197
vn 0.0428 0.9981 -0.0435
vn 0.0604 0.9968 -0.0531
vn 0.0057 0.9947 -0.1023
vn 0.5172 0.0075 0.8558
vn -0.0858 0.8975 0.4326
vn -0.0676 0.4749 0.8774
vn 0.1737 -0.9847 0.0149
vn 0.8193 -0.5506 0.1598
vn 0.8509 -0.5251 0.0179
vn -0.8725 -0.4878 0.0301
vn -0.9964 0.0022 -0.0846
vn 0.9484 -0.0080 -0.3169
vn -0.9303 0.3669 -0.0019
vn 0.3565 -0.9336 0.0369
vn 0.6319 -0.6161 0.4702
vn 0.6062 -0.5915 0.5317
vn 0.5760 -0.5764 0.5796
vn 0.6041 -0.5772 0.5495
vn 0.0247 0.8023 -0.5965
vn 0.0105 0.3396 -0.9405
vn 0.4688 0.8704 -0.1505
vn 0.3578 0.9329 -0.0399
vn -0.9240 0.3822 0.0127
vn -0.0822 0.9952 -0.0531
vn -0.9099 -0.0254 -0.4140
vn -0.8865 -0.1742 -0.4286
vn -0.0657 -0.3941 0.9167
vn -0.0037 -0.4784 0.8782
vn -0.0286 -0.3010 0.9532
vn 0.9418 0.1072 0.3187
vn 0.9442 -0.0305 0.3280
vn 0.9912 -0.0133 0.1316
vn 0.1433 -0.3765 0.9152
vn 0.2295 -0.5694 0.7893
vn 0.9931 -0.0952 0.0680
vn 0.9877 -0.1200 0.1005
vn 0.9590 -0.2529 0.1282
vn 0.9792 -0.1780 0.0974
vn -0.7189 -0.0186 -0.6949
vn -0.6572 0.3689 -0.6573
vn -0.7522 0.3734 -0.5429
vn -0.5728 -0.3929 -0.7194
vn 0.0540 0.0235 -0.9983
vn 0.0679 0.0202 -0.9975
vn 0.1167 0.0083 -0.9931
vn 0.0668 0.0040 -0.9978
vn 0.0228 -0.2629 -0.9646
vn 0.9776 -0.2085 0.0300
vn 0.8673 0.4963 0.0376
vn 0.9795 -0.1983 0.0359
vn -0.0853 0.2097 -0.9740
vn 0.9301 0.3671 0.0093
vn 0.0195 0.2009 -0.9794
vn 0.0370 0.1903 -0.9810
vn 0.9847 -0.1675 0.0473
vn 0.1987 0.9787 -0.0516
vn 0.1518 0.9867 -0.0573
vn 0.5443 -0.5514 0.6322
vn -0.0135 0.3681 0.9297
vn -0.0119 0.3725 0.9279
vn -0.8035 -0.0056 0.5953
vn -0.9090 -0.0020 0.4167
vn 0.9654 0.0028 -0.2606
vn 0.9485 0.3132 -0.0469
vn 0.0300 0.3066 -0.9514
vn 0.9308 0.3655 0.0020
vn 0.9998 0.0030 0.0185
vn 0.0827 -0.0009 -0.9966
vn 0.2108 -0.0011 -0.9775
vn 0.2934 0.0062 -0.9560
vn 0.1745 0.0117 -0.9846
vn 0.7194 0.0038 0.6945
vn 0.6988 0.0032 0.7153
vn 0.4844 -0.2568 -0.8363
vn 0.6013 -0.2209 -0.7678
vn 0.5965 -0.1625 -0.7860
vn 0.4403 -0.1832 -0.8790
vn 0.6370 0.0083 0.7708
vn 0.7425 0.0081 0.6698
vn 0.8544 -0.1305 -0.5029
vn 0.7470 -0.1491 -0.6478
vn 0.7926 -0.0080 -0.6096
vn -0.4995 -0.8303 -0.2473
vn -0.8108 -0.5399 -0.2261
vn 0.8854 -0.3081 -0.3480
vn 0.9219 -0.3120 -0.2297
vn 0.8543 -0.2805 -0.4375
vn 0.0487 -0.9987 0.0171
vn -0.0243 -0.0357 -0.9991
vn -0.3732 0.0123 0.9277
vn -0.3681 0.0052 0.9298
vn -0.3622 0.9321 -0.0014
vn 0.4706 -0.6145 0.6331
vn 0.4779 -0.6071 0.6348
vn -0.8932 -0.4400 0.0926
vn -0.8974 -0.4381 -0.0526
vn 0.2567 -0.6890 0.6778
vn 0.0882 -0.6906 0.7179
vn -0.5210 0.8526 0.0404
vn 0.2262 0.9679 0.1098
vn -0.5251 0.0146 0.8509
vn -0.5588 0.0037 0.8293
vn 0.0316 0.0057 0.9995
vn -0.5340 -0.7166 -0.4487
vn -0.8186 -0.2776 -0.5028
vn 0.9233 0.3766 -0.0751
vn 0.8619 0.4375 -0.2563
vn 0.1488 0.9460 0.2880
vn 0.2341 0.9485 -0.2136
vn -0.0439 -0.9990 -0.0059
vn 0.1874 -0.9821 0.0205
vn -0.9942 -0.1064 -0.0162
vn -0.1490 0.9593 -0.2397
vn 0.8408 -0.1866 0.5081
vn 0.8393 0.1460 0.5236
vn 0.6950 0.2421 0.6770
vn 0.7252 -0.1545 0.6709
vn -0.0019 -0.4704 0.8825
vn -0.0084 -0.4721 0.8815
vn -0.0181 -0.9998 0.0064
vn -0.9273 -0.1662 0.3353
vn -0.6427 -0.7556 0.1268
vn -0.6635 -0.7477 0.0250
vn -0.8573 -0.4787 0.1897
vn -0.7623 0.6466 -0.0306
vn -0.7506 0.6604 -0.0203
vn -0.9572 0.2890 -0.0133
vn 0.1725 -0.5628 -0.8084
vn 0.1586 -0.4736 -0.8663
vn 0.3926 -0.0076 -0.9197
vn 0.5713 0.0036 -0.8207
vn 0.0330 -0.5921 0.8052
vn 0.0631 -0.4946 0.8669
vn -0.1846 -0.9828 0.0094
vn -0.2056 -0.9785 0.0176
vn 0.5456 0.8371 0.0405
vn 0.9904 -0.1316 0.0425
vn -0.5418 0.0026 0.8405
vn -0.3766 0.0055 0.9264
vn 0.0126 0.0441 -0.9989
vn 0.9526 0.1193 0.2799
vn 0.9380 -0.2069 0.2781
vn 0.9799 -0.1960 0.0368
vn 0.8944 0.4464 0.0285
vn 0.0045 -0.6347 -0.7727
vn -0.0152 -0.6466 -0.7627
vn -0.0888 -0.6775 -0.7301
vn -0.0732 -0.6729 -0.7361
vn 0.1291 -0.3750 -0.9180
vn 0.3510 -0.3133 -0.8824
vn 0.2927 -0.2131 -0.9322
vn 0.1019 -0.2162 -0.9710
vn -0.0697 0.9959 -0.0585
vn 0.5081 -0.6361 -0.5807
vn 0.5602 -0.5796 -0.5919
vn 0.5414 -0.5499 -0.6360
vn 0.4968 -0.6029 -0.6243
vn 0.8610 -0.4196 0.2872
vn 0.9264 -0.3421 0.1573
vn 0.9041 -0.3464 0.2501
vn -0.7019 -0.0086 0.7122
vn -0.6694 0.7352 -0.1064
vn 0.6262 0.3030 0.7183
vn 0.6447 -0.1382 0.7519
vn -0.4148 0.5339 -0.7368
vn -0.5146 0.6547 -0.5538
vn -0.0225 -0.9997 0.0129
vn -0.9997 -0.0092 0.0242
vn -0.8752 -0.1261 0.4670
vn -0.8502 0.2351 0.4710
vn 0.1009 -0.1776 0.9789
vn 0.0494 0.9980 -0.0391
vn -0.0095 0.9999 -0.0100
vn 0.8595 0.0057 0.5110
vn -0.6265 -0.7789 0.0268
vn -0.6097 -0.7867 -0.0963
vn -0.6713 -0.7350 -0.0953
vn -0.3978 -0.1167 0.9100
vn -0.2792 0.9535 0.1132
vn 0.0299 0.2137 -0.9764
vn 0.0325 0.0019 -0.9995
vn 0.0192 0.0048 -0.9998
vn -0.0678 -0.0230 -0.9974
vn -0.0837 0.0204 -0.9963
vn 0.0431 -0.9706 0.2368
vn -0.1860 0.9659 -0.1801
vn -0.0080 0.9999 -0.0072
vn -0.0351 0.9990 -0.0270
vn 0.0288 0.9885 0.1487
vn 0.0937 0.9320 0.3501
vn 0.0072 0.0125 -0.9999
vn 0.0275 0.0212 -0.9994
vn -0.2008 0.9295 -0.3092
vn -0.0002 0.9993 -0.0382
vn -0.3206 0.9463 -0.0411
vn -0.3177 0.9430 -0.0991
vn -0.6549 -0.7541 0.0491
vn -0.6088 -0.7909 -0.0625
vn 0.1232 -0.9699 0.2101
vn 0.0656 -0.9688 0.2390
vn 0.1847 -0.9827 0.0142
vn -0.9035 -0.0001 -0.4285
vn -0.9753 -0.0004 -0.2209
vn -0.0730 0.9891 0.1278
vn -0.0361 -0.3031 -0.9523
vn -0.0212 0.9990 0.0400
vn -0.0696 0.9965 -0.0460
vn -0.0661 0.9966 -0.0490
vn -0.0535 0.9985 -0.0148
vn -0.1587 0.9430 -0.2926
vn 0.5734 0.2842 0.7684
vn -0.6780 0.2984 -0.6718
vn -0.6232 0.2645 -0.7359
vn 0.7194 0.6787 0.1473
vn 0.9705 0.2010 0.1329
vn 0.9795 0.1921 0.0613
vn 0.7419 0.6665 0.0730
vn 0.3520 0.9341 0.0592
vn 0.6448 -0.5692 0.5101
vn 0.7699 -0.2417 0.5906
vn -0.1132 0.9801 -0.1629
vn 0.4015 0.2118 0.8910
vn -0.5368 0.2139 -0.8162
vn 0.9762 0.2156 0.0230
vn 0.8715 -0.2936 0.3927
vn -0.3001 0.3092 0.9024
vn -0.3035 -0.1273 0.9443
vn -0.8541 -0.5088 -0.1075
vn -0.9704 -0.2321 -0.0669
vn -0.9935 -0.1032 -0.0486
vn -0.7915 -0.0008 0.6112
vn -0.9100 -0.0008 0.4146
vn 0.5863 -0.2054 0.7836
vn -0.8492 0.5274 -0.0280
vn -0.3994 0.2275 -0.8881
vn 0.0695 0.9966 -0.0445
vn 0.0534 0.9981 -0.0319
vn 0.0660 0.9969 -0.0418
vn 0.0680 0.9967 -0.0437
vn -0.1767 0.5853 -0.7913
vn -0.1114 0.6766 -0.7279
vn -0.1190 0.0403 -0.9921
vn -0.2181 -0.0064 -0.9759
vn 0.7771 -0.2722 0.5674
vn 0.7068 -0.4883 0.5119
vn 0.6887 -0.4282 0.5851
vn 0.6943 -0.1951 0.6927
vn 0.1707 -0.9835 0.0593
vn 0.0994 -0.9865 0.1298
vn -0.0273 -0.3143 -0.9489
vn 0.0255 -0.1991 -0.9796
vn -0.4031 0.3603 0.8412
vn -0.4032 -0.1099 0.9085
vn 0.3289 0.8838 0.3328
vn 0.1519 0.8296 0.5373
vn 0.2843 0.9284 0.2391
vn 0.1491 -0.9883 0.0327
vn -0.7802 -0.4680 -0.4150
vn -0.4224 -0.0067 -0.9064
vn -0.5768 -0.0059 -0.8169
vn -0.5865 -0.0031 -0.8099
vn -0.5235 -0.4553 -0.7202
vn -0.3696 -0.8631 -0.3442
vn -0.3491 -0.8653 -0.3598
vn -0.3487 -0.8699 -0.3489
vn -0.3482 -0.8769 -0.3315
vn -0.3143 0.9493 0.0017
vn 0.0024 0.9942 0.1079
vn -0.8849 0.4649 -0.0266
vn -0.6018 -0.1650 -0.7814
vn -0.4400 -0.2020 -0.8750
vn -0.7035 -0.4582 -0.5433
vn -0.8206 0.3868 -0.4207
vn 0.0781 0.5658 -0.8208
vn -0.3026 -0.5376 0.7870
vn -0.1341 -0.5809 0.8029
vn -0.5537 0.3214 -0.7682
vn -0.6290 -0.4660 -0.6222
vn 0.0867 -0.9835 0.1590
vn -0.0659 0.9978 -0.0056
vn -0.0191 0.9997 -0.0122
vn 0.3678 0.9099 0.1920
vn 0.4093 0.9071 0.0979
vn 0.5160 0.8563 0.0205
vn -0.6610 -0.4661 -0.5881
vn 0.1766 -0.9717 0.1570
vn -0.7817 0.3434 -0.5205
vn -0.6540 0.3367 -0.6774
vn 0.2744 0.8742 0.4006
vn 0.0541 0.9903 0.1282
vn -0.0040 0.9981 0.0612
vn -0.7381 0.3578 -0.5720
vn -0.2992 0.9524 -0.0582
vn -0.1950 0.9791 -0.0578
vn 0.0598 0.3756 -0.9248
vn -0.9820 0.1825 -0.0496
vn -0.9894 -0.1332 -0.0587
vn -0.2058 0.9458 -0.2512
vn -0.2536 0.8631 -0.4367
vn 0.6829 0.0081 0.7304
vn 0.7030 -0.2775 -0.6548
vn 0.6483 -0.2437 -0.7213
vn -0.4182 0.8983 -0.1352
vn 0.0223 -0.5249 0.8509
vn -0.1292 0.9892 -0.0688
vn -0.1376 0.9818 -0.1311
vn -0.7093 0.3315 -0.6220
vn -0.6450 0.3765 -0.6649
vn 0.7512 -0.1896 -0.6323
vn 0.8489 -0.1718 -0.4998
vn -0.7517 0.2910 -0.5919
vn -0.0657 0.9166 -0.3943
vn -0.5622 0.3988 -0.7245
vn -0.6522 0.0213 -0.7578
vn -0.6900 -0.0316 -0.7231
vn 0.1644 0.7288 0.6647
vn 0.3085 0.8580 0.4107
vn 0.0092 -0.6124 -0.7905
vn -0.4938 0.3908 -0.7768
vn -0.5247 -0.0893 0.8466
vn -0.6915 -0.0825 0.7177
vn -0.7045 0.0090 0.7097
vn -0.8488 0.1963 -0.4909
vn -0.8014 0.2509 -0.5430
vn -0.7336 -0.1134 -0.6700
vn -0.4476 0.8907 0.0797
vn -0.9847 0.0336 -0.1713
vn -0.5042 -0.5552 -0.6614
vn -0.4992 -0.5525 -0.6675
vn -0.7875 -0.2143 -0.5778
vn -0.7776 -0.1762 -0.6036
vn -0.5214 -0.6271 -0.5787
vn 0.1629 0.8832 0.4397
vn -0.3898 -0.7737 -0.4995
vn -0.3883 -0.7364 -0.5540
vn -0.2316 0.9389 -0.2548
vn -0.5178 -0.7064 -0.4825
vn -0.4943 -0.7017 -0.5131
vn -0.3734 -0.7315 -0.5705
vn -0.5220 -0.8376 -0.1613
vn -0.5878 -0.7884 -0.1814
vn -0.9672 -0.1954 -0.1626
vn -0.4289 -0.7316 -0.5299
vn -0.4370 -0.7691 -0.4664
vn -0.1495 -0.0750 -0.9859
vn 0.1638 -0.6432 -0.7480
vn 0.1612 -0.6335 -0.7568
vn -0.4383 -0.7578 -0.4834
vn -0.4400 -0.7472 -0.4981
vn -0.4224 -0.6975 -0.5789
vn -0.3513 -0.7879 -0.5058
vn -0.4489 -0.7611 -0.4682
vn -0.4350 -0.7987 -0.4158
vn 0.2270 0.9736 0.0252
vn -0.5195 -0.6636 -0.5383
vn -0.5526 -0.6555 -0.5147
vn -0.4660 -0.7004 -0.5406
vn -0.4084 -0.8268 -0.3869
vn -0.7739 0.3191 0.5470
vn -0.8179 -0.0956 0.5674
vn 0.2932 0.9561 0.0009
vn -0.9617 0.2121 -0.1734
vn -0.9704 0.2354 -0.0545
vn 0.2842 0.9585 0.0238
vn 0.5514 0.8334 0.0364
vn -0.4484 -0.7525 -0.4824
vn -0.4349 -0.7573 -0.4871
vn -0.3511 -0.8542 -0.3835
vn -0.3277 -0.8382 -0.4359
vn -0.4166 -0.7871 -0.4550
vn -0.9909 -0.1294 -0.0359
vn -0.2760 -0.7701 -0.5751
vn 0.0367 0.7934 -0.6076
vn 0.9754 -0.2182 0.0303
vn -0.3221 -0.8382 -0.4401
vn -0.1552 -0.7159 -0.6807
vn 0.0051 -0.0760 0.9971
vn -0.0421 0.3020 0.9524
vn 0.0090 -0.6103 -0.7921
vn 0.0080 -0.6010 -0.7992
vn -0.0046 0.9709 -0.2396
vn -0.0780 0.3447 0.9355
vn -0.0571 -0.4316 -0.9003
vn -0.0547 -0.1839 -0.9814
vn 0.9097 0.4153 0.0063
vn -0.3478 -0.8395 -0.4175
vn -0.5119 -0.8213 -0.2517
vn 0.3714 -0.0019 -0.9285
vn 0.7263 -0.0051 -0.6873
vn 0.6675 -0.2375 -0.7057
vn 0.3742 -0.1916 -0.9073
vn 0.0367 0.7339 0.6782
vn -0.3129 -0.8618 -0.3992
vn -0.0788 -0.6161 -0.7837
vn -0.6237 -0.1404 -0.7690
vn -0.6215 0.0084 -0.7834
vn -0.2291 0.9556 -0.1853
vn -0.4972 0.3695 0.7850
vn -0.6412 0.3758 0.6691
vn -0.0029 0.0056 -1.0000
vn 0.0153 0.0013 -0.9999
vn 0.1011 0.0163 -0.9947
vn -0.0774 -0.7224 -0.6871
vn 0.0042 -0.7046 -0.7096
vn -0.1709 -0.8224 -0.5426
vn -0.3101 -0.7218 -0.6188
vn -0.8457 -0.5301 -0.0613
vn -0.5397 -0.8343 -0.1126
vn 0.8416 -0.5151 -0.1623
vn 0.9214 -0.3718 -0.1131
vn 0.9565 -0.2731 0.1024
vn 0.8572 -0.5083 0.0821
vn -0.7462 -0.5966 -0.2954
vn -0.0001 -0.3087 -0.9511
vn -0.0006 -0.5448 -0.8386
vn 0.0530 -0.0046 0.9986
vn 0.0958 0.0178 0.9952
vn 0.0129 -0.6107 0.7918
vn 0.0571 -0.6759 0.7348
vn -0.9566 0.0574 0.2858
vn -0.9864 -0.1462 -0.0749
vn 0.5544 -0.1497 0.8187
vn 0.9257 0.3783 -0.0023
vn 0.3476 0.9370 0.0332
vn 0.9680 0.2455 -0.0511
vn -0.6504 -0.7485 0.1296
vn -0.7067 -0.6915 0.1494
vn -0.0686 0.8757 -0.4779
vn -0.9950 -0.0798 -0.0593
vn -0.9547 -0.2479 -0.1645
vn -0.0400 -0.0052 0.9992
vn -0.0027 0.7214 0.6925
vn -0.0107 0.6347 0.7727
vn 0.1856 0.9023 -0.3891
vn 0.2321 0.9424 -0.2407
vn 0.9979 0.0234 0.0600
vn -0.9935 -0.0904 -0.0696
vn 0.0024 1.0000 0.0075
vn -0.0108 0.9990 -0.0439
vn 0.6857 -0.5074 0.5218
vn 0.7056 -0.5089 0.4932
vn 0.6839 -0.5591 0.4686
vn 0.6563 -0.5303 0.5368
vn -0.1573 -0.7177 -0.6783
vn 0.2386 -0.0214 -0.9709
vn -0.7135 0.6525 0.2551
vn -0.6198 0.5021 0.6031
vn -0.7806 -0.5998 0.1759
vn -0.7989 -0.5622 0.2137
vn -0.6687 -0.7268 0.1570
vn -0.9817 -0.1323 -0.1368
vn -0.9936 -0.0227 -0.1111
vn -0.9203 -0.0842 -0.3820
vn -0.9983 -0.0581 -0.0006
vn -0.9925 -0.0623 -0.1055
vn -0.4378 -0.5170 -0.7355
vn 0.9998 0.0202 -0.0092
vn 0.9910 -0.0475 -0.1254
vn -0.9939 -0.0662 -0.0880
vn 0.7211 -0.5954 -0.3543
vn 0.7236 -0.5821 -0.3710
vn 0.6688 -0.6424 -0.3741
vn 0.6784 -0.6457 -0.3503
vn -0.7538 -0.0009 -0.6571
vn -0.0250 -0.0383 -0.9990
vn 0.0882 -0.0333 -0.9955
vn -0.1729 0.9828 -0.0653
vn -0.1750 0.9141 -0.3658
vn -0.6561 0.3816 -0.6511
vn -0.5375 0.7820 -0.3156
vn -0.1728 0.9846 -0.0246
vn 0.0649 0.9815 0.1801
vn -0.2414 0.9470 0.2119
vn 0.9197 -0.1691 -0.3543
vn 0.5598 0.8256 -0.0700
vn 0.5214 0.8532 -0.0143
vn 0.9602 0.2791 -0.0072
vn 0.9765 0.1753 -0.1252
vn -0.7430 -0.6561 0.1322
vn 0.0742 -0.2435 0.9671
vn -0.0505 -0.2009 0.9783
vn -0.6353 -0.7532 0.1704
vn -0.7043 -0.6918 0.1591
vn -0.7029 -0.1224 -0.7007
vn -0.4352 0.5575 -0.7069
vn -0.7229 0.6899 -0.0384
vn -0.7235 0.1838 -0.6655
vn -0.2386 -0.5283 -0.8148
vn -0.8197 -0.0327 -0.5719
vn 0.0170 -0.6371 -0.7706
vn -0.0254 -0.6096 -0.7923
vn -0.0015 -0.6360 -0.7717
vn -0.0707 0.9251 -0.3730
vn -0.1134 0.9449 -0.3071
vn -0.0144 0.3115 -0.9501
vn 0.6707 0.4081 -0.6194
vn -0.7416 0.2442 0.6248
vn -0.8479 -0.3035 0.4346
vn -0.0361 0.9388 0.3426
vn 0.5108 0.8582 0.0498
vn -0.0851 0.8968 0.4342
vn 0.4594 0.8837 0.0898
vn -0.6236 -0.7717 0.1250
vn -0.0731 -0.1538 -0.9854
vn 0.2922 -0.6313 -0.7184
vn 0.0440 -0.5561 -0.8300
vn 0.5672 0.3514 -0.7449
vn -0.2121 0.9726 0.0949
vn -0.7692 -0.3838 0.5109
vn -0.7213 0.1892 0.6663
vn -0.7467 -0.6511 0.1358
vn -0.1934 0.8602 0.4719
vn 0.4037 0.9123 0.0686
vn -0.9914 -0.0520 -0.1202
vn -0.9877 -0.0586 -0.1446
vn -0.0299 0.9994 0.0157
vn 0.0091 1.0000 0.0015
vn -0.1458 0.9893 -0.0100
vn 0.4776 0.3289 -0.8147
vn -0.1070 0.9928 0.0547
vn 0.8031 -0.5248 -0.2822
vn 0.7429 -0.5611 -0.3650
vn 0.7402 -0.5663 -0.3624
vn 0.8863 -0.4140 -0.2074
vn -0.6136 -0.7660 0.1919
vn -0.7440 0.1442 0.6525
vn -0.7500 -0.3637 0.5525
vn -0.7747 -0.6323 -0.0064
vn 0.2747 0.9487 0.1563
vn -0.2494 0.8435 0.4757
vn -0.6616 -0.7498 0.0098
vn -0.9938 -0.0494 -0.0997
vn -0.9932 -0.0316 -0.1124
vn -0.4802 0.7721 0.4163
vn -0.5958 0.5075 0.6225
vn 0.7027 -0.4791 0.5260
vn 0.8170 -0.4215 0.3934
vn 0.8850 -0.2363 0.4012
vn 0.6307 -0.6148 -0.4736
vn 0.6056 -0.6478 -0.4621
vn -0.0443 0.9982 0.0411
vn -0.0543 -0.9960 0.0713
vn 0.4031 0.2879 -0.8687
vn -0.0991 0.9913 0.0871
vn 0.5473 -0.2951 0.7832
vn 0.6325 -0.2742 0.7244
vn -0.5851 -0.7800 -0.2221
vn -0.4906 -0.8359 0.2461
vn -0.7067 0.0722 0.7038
vn -0.7342 -0.3895 0.5561
vn -0.8127 -0.5622 -0.1531
vn -0.7601 -0.6318 0.1517
vn 0.1366 0.9741 0.1804
vn -0.2506 0.8269 0.5033
vn -0.9960 -0.0215 -0.0871
vn -0.9957 -0.0394 -0.0836
vn 0.2499 0.9270 0.2797
vn 0.0232 0.8862 0.4627
vn -0.4531 0.5381 0.7107
vn -0.3292 0.8064 0.4912
vn 0.3020 -0.5517 0.7775
vn 0.3621 -0.5535 0.7500
vn 0.0069 0.0301 -0.9995
vn -0.1687 0.9844 -0.0490
vn -0.3114 0.9206 -0.2354
vn -0.4318 -0.5567 0.7097
vn -0.5434 -0.3256 0.7737
vn -0.4160 -0.2330 0.8790
vn -0.6733 0.0001 0.7394
vn 0.2503 0.1767 -0.9519
vn -0.0236 0.9969 0.0745
vn -0.2158 -0.9600 -0.1782
vn -0.6830 -0.4393 -0.5836
vn -0.5010 -0.8413 0.2030
vn -0.5987 -0.0103 0.8009
vn -0.6096 -0.4640 0.6428
vn -0.8796 -0.4726 -0.0542
vn -0.8919 -0.4334 0.1294
vn 0.0808 0.9847 0.1543
vn -0.2639 0.7877 0.5566
vn -0.4836 -0.3585 -0.7985
vn -0.0517 -0.6903 -0.7216
vn 0.8486 -0.4537 -0.2721
vn -0.0441 0.9909 0.1275
vn -0.3642 0.5345 0.7627
vn 0.5767 0.7736 0.2626
vn 0.3583 0.3319 0.8726
vn 0.1544 0.6904 0.7067
vn 0.4477 0.8089 0.3812
vn -0.1396 0.8348 0.5325
vn -0.3109 0.5878 0.7469
vn -0.1601 0.9861 0.0440
vn 0.9220 -0.1900 -0.3373
vn 0.7838 -0.4809 -0.3930
vn -0.0066 0.9955 0.0942
vn 0.3525 -0.6279 -0.6939
vn -0.0234 0.7597 0.6498
vn 0.0611 0.9969 -0.0494
vn 0.1016 -0.0103 -0.9948
vn 0.1023 0.9947 0.0123
vn -0.1294 -0.9629 -0.2369
vn -0.8956 0.0129 -0.4446
vn -0.4231 -0.8842 0.1980
vn -0.5030 -0.0874 0.8599
vn -0.4324 -0.5591 0.7074
vn 0.0472 0.9913 0.1230
vn -0.2703 0.7451 0.6097
vn 0.2972 -0.7150 -0.6328
vn 0.0131 0.9857 0.1679
vn 0.0561 0.8547 0.5161
vn -0.1065 0.6405 0.7605
vn 0.1912 0.9765 -0.0998
vn -0.1032 -0.9575 -0.2695
vn -0.1900 -0.9357 0.2974
vn -0.4661 -0.1300 0.8751
vn -0.2962 -0.5862 0.7541
vn -0.0389 0.9986 0.0347
vn -0.3442 0.6378 0.6890
vn 0.3284 -0.6962 -0.6384
vn 0.1816 0.9614 0.2067
vn 0.0662 0.6714 0.7381
vn 0.2160 0.8533 0.4747
vn 0.7752 -0.3107 0.5501
vn 0.0988 -0.9922 -0.0764
vn 0.0406 -0.8047 0.5923
vn -0.4209 0.5349 0.7326
vn -0.2030 0.9770 -0.0649
vn 0.0002 0.9999 -0.0168
vn 0.0174 0.9998 0.0053
vn -0.1326 0.9909 -0.0209
vn 0.4986 -0.7024 -0.5080
vn -0.3400 0.5294 0.7773
vn -0.5450 -0.2018 0.8138
vn -0.8733 0.4473 0.1931
vn 0.3326 0.8784 0.3433
vn -0.0032 0.7813 0.6241
vn 0.3124 0.9307 0.1903
vn -0.7475 0.0021 0.6642
vn -0.7347 -0.0035 -0.6784
vn -0.9663 -0.0012 0.2575
vn 0.4611 -0.7836 0.4165
vn 0.5567 -0.6575 0.5077
vn 0.9252 -0.1883 -0.3295
vn -0.2358 0.2465 0.9400
vn -0.5157 -0.5547 0.6530
vn 0.4003 0.9046 0.1466
vn 0.9167 0.0157 -0.3992
vn 0.8870 -0.0037 -0.4617
vn 0.3176 -0.6298 0.7089
vn 0.6154 0.5312 -0.5824
vn -0.5189 0.1689 0.8380
vn -0.3081 0.5831 0.7517
vn 0.4317 0.8997 0.0646
vn 0.6241 -0.6215 0.4735
vn 0.0423 -0.0095 -0.9991
vn 0.0520 0.0244 -0.9983
vn 0.4513 -0.3663 0.8137
vn 0.8300 0.2838 0.4802
vn 0.2821 -0.4985 0.8197
vn -0.3401 0.2419 0.9087
vn -0.5954 0.1146 0.7952
vn 0.1867 -0.1522 0.9706
vn -0.1387 -0.0464 0.9892
vn 0.3993 0.9143 -0.0673
vn -0.0037 -0.2740 0.9617
vn 0.7099 -0.0364 0.7033
vn 0.6864 -0.0377 0.7262
vn 0.5861 -0.0008 0.8102
vn 0.6552 -0.0344 0.7547
vn 0.4337 -0.6212 -0.6527
vn 0.1555 -0.1545 0.9757
vn 0.0027 -0.1128 0.9936
vn 0.1071 -0.3510 0.9302
vn -0.8560 -0.0992 0.5074
vn -0.6260 -0.3503 0.6967
vn 0.5682 0.8201 -0.0684
vn -0.1353 -0.3320 0.9335
vn -0.9933 0.0012 -0.1159
vn -0.9920 0.0045 -0.1259
vn -0.0304 0.9880 -0.1515
vn -0.1962 0.9796 -0.0430
vn -0.2083 0.9780 -0.0052
vn -0.6931 0.7208 -0.0110
vn -0.6413 0.7628 0.0831
vn 0.4551 0.8199 -0.3475
vn 0.3089 0.7797 -0.5446
vn 0.3953 -0.1717 0.9024
vn -0.9325 -0.1850 -0.3103
vn 0.8160 -0.0368 0.5769
vn 0.4267 -0.5905 -0.6850
vn 0.3721 -0.6128 -0.6971
vn 0.1565 0.8144 0.5588
vn 0.1228 0.9233 0.3639
vn -0.9923 -0.0326 -0.1197
vn -0.0708 0.9968 -0.0370
vn 0.0264 -0.2773 0.9604
vn -0.0342 0.9993 0.0155
vn -0.0776 0.9968 0.0177
vn -0.8366 -0.2651 0.4793
vn -0.5606 -0.0986 0.8222
vn -0.3483 -0.0316 0.9368
vn 0.3357 0.1227 0.9340
vn -0.5980 0.3032 -0.7420
vn -0.5908 0.3665 -0.7188
vn -0.0268 0.9996 -0.0080
vn -0.1165 0.9905 0.0728
vn -0.2929 0.9259 0.2386
vn 0.7830 -0.2416 -0.5732
vn 0.9568 -0.1948 0.2160
vn 0.6736 -0.5954 -0.4380
vn -0.0586 0.9792 -0.1945
vn 0.1343 -0.4780 -0.8681
vn -0.9890 -0.0018 0.1480
vn -0.6630 -0.1167 0.7395
vn 0.2344 0.9005 -0.3662
vn 0.4502 0.2261 -0.8638
vn -0.1554 0.9081 0.3888
vn 0.4249 -0.0119 -0.9052
vn 0.2785 -0.6444 -0.7121
vn -0.0667 0.9699 -0.2341
vn 0.3604 -0.4574 -0.8130
vn 0.3331 -0.6424 -0.6902
vn 0.9655 0.0019 -0.2605
vn 0.3542 -0.6304 -0.6908
vn 0.0081 -0.0545 -0.9985
vn 0.0294 0.9990 -0.0341
vn -0.0320 -0.0880 0.9956
vn 0.6890 -0.2865 0.6657
vn 0.1614 0.9506 -0.2650
vn 0.2734 0.6372 -0.7206
vn 0.0684 0.9963 -0.0513
vn -0.4106 0.3592 -0.8381
vn 0.0358 -0.1763 -0.9837
vn 0.0654 0.9971 -0.0400
vn 0.8198 0.1138 -0.5613
vn 0.4296 0.8622 -0.2686
vn 0.2081 0.9463 -0.2474
vn 0.3978 0.6331 -0.6640
vn 0.0889 0.9777 -0.1902
vn 0.0566 0.9960 -0.0687
vn 0.0443 0.9990 0.0042
vn 0.2507 0.9224 -0.2937
vn 0.7735 -0.3117 -0.5519
vn 0.3095 0.9409 -0.1375
vn 0.8301 0.1679 -0.5318
vn 0.1698 0.9556 -0.2406
vn 0.6423 0.1788 -0.7453
vn 0.1260 0.9766 -0.1743
vn 0.5272 0.5987 -0.6030
vn 0.0593 0.9960 -0.0664
vn 0.0492 0.9968 -0.0635
vn 0.1610 0.9680 -0.1925
vn 0.6217 -0.6165 -0.4831
vn 0.8231 -0.2990 -0.4829
vn -0.3192 0.9190 0.2316
vn 0.7585 0.1750 -0.6277
vn 0.1665 0.9719 -0.1664
vn 0.6307 0.5685 -0.5282
vn 0.0602 0.9963 -0.0616
vn 0.0645 0.9959 -0.0634
vn 0.8311 0.1919 -0.5219
vn 0.5892 -0.6598 -0.4664
vn 0.6954 -0.6096 -0.3805
vn 0.2223 0.9531 -0.2055
vn 0.6516 0.6204 -0.4365
vn 0.0580 0.9970 -0.0504
vn 0.6407 -0.6755 -0.3650
vn 0.7036 -0.6273 -0.3338
vn 0.6489 -0.6796 -0.3421
vn 0.3654 0.7336 0.5729
vn 0.0512 0.9971 0.0567
vn 0.2532 0.7470 0.6148
vn 0.6702 -0.6572 -0.3449
vn 0.7117 -0.5895 -0.3821
vn 0.7525 0.5727 -0.3253
vn -0.0869 0.0511 0.9949
vn -0.1096 -0.0644 0.9919
vn 0.6316 -0.6227 -0.4618
vn 0.5954 -0.6578 -0.4612
vn 0.6721 -0.6556 -0.3442
vn 0.6697 -0.6543 -0.3513
vn 0.7226 -0.5998 -0.3436
vn 0.0869 0.9932 -0.0777
vn 0.5999 -0.6563 -0.4576
vn 0.6676 -0.6591 -0.3464
vn 0.6640 -0.6596 -0.3523
vn 0.2558 0.9564 -0.1411
vn 0.0930 0.1449 -0.9851
vn 0.9944 -0.1057 0.0100
vn -0.8849 0.1919 -0.4244
vn -0.9198 0.2189 -0.3256
vn -0.9953 -0.0024 -0.0969
vn -0.9944 -0.0155 -0.1050
vn 0.9710 -0.2362 -0.0376
vn -0.9988 0.0023 -0.0490
vn -0.9907 0.1357 -0.0137
vn 0.6594 -0.6011 -0.4515
vn 0.7474 -0.5623 -0.3538
vn 0.7444 -0.6387 -0.1950
vn 0.9655 -0.2597 -0.0175
vn 0.7757 -0.6308 0.0216
vn 0.8116 0.0271 0.5836
vn 0.0918 0.0007 -0.9958
vn 0.9655 -0.0529 0.2549
vn -0.1244 0.3129 -0.9416
vn -0.1386 -0.2027 -0.9694
vn 0.7714 -0.5527 -0.3152
vn 0.8454 -0.4824 0.2295
vn 0.9295 -0.3073 0.2041
vn 0.0536 0.9976 -0.0429
vn 0.7382 -0.6484 0.1858
vn 0.7003 -0.6970 0.1541
vn -0.1306 0.9914 -0.0089
vn -0.2230 0.9723 -0.0707
vn 0.6787 -0.1404 0.7208
vn 0.6377 -0.4865 0.5972
vn 0.6215 0.2370 0.7467
vn 0.8916 0.3485 0.2891
vn 0.6100 -0.5271 0.5916
vn -0.3483 0.8942 -0.2814
vn 0.0903 0.9713 0.2200
vn 0.6929 0.2113 0.6894
vn 0.7145 -0.2297 0.6608
vn 0.6333 -0.5407 0.5536
vn 0.5570 -0.5634 0.6102
vn -0.4198 0.8485 -0.3221
vn 0.1790 0.9524 0.2468
vn 0.7720 0.1825 0.6089
vn -0.6751 0.2838 -0.6809
vn 0.5828 -0.6074 0.5399
vn 0.5017 -0.5977 0.6253
vn -0.3881 0.8936 -0.2255
vn 0.1709 0.9657 0.1957
vn 0.5676 -0.6078 0.5554
vn 0.0849 0.9756 -0.2025
vn 0.5476 -0.6254 0.5558
vn -0.0222 0.9993 0.0295
vn -0.2539 0.9570 -0.1405
vn -0.0120 0.9982 0.0580
vn -0.0101 0.9989 0.0456
vn -0.0269 0.9994 0.0228
vn -0.8124 0.2530 -0.5254
vn 0.1508 0.9349 0.3213
vn 0.0746 0.7993 0.5962
vn -0.0055 0.9953 0.0962
vn 0.0116 0.9978 0.0648
vn 0.0138 0.9979 0.0638
vn 0.0048 0.9993 0.0359
vn 0.1317 0.9369 0.3239
vn 0.1806 0.8018 0.5697
vn 0.2975 0.3374 0.8931
vn 0.0312 0.9951 0.0939
vn 0.0308 0.9959 0.0850
vn 0.0322 0.9973 0.0652
vn 0.0285 0.9981 0.0542
vn 0.1858 0.9380 0.2925
vn 0.4614 0.2989 0.8354
vn 0.3125 0.7645 0.5639
vn 0.0712 0.9914 0.1101
vn 0.1206 0.9889 0.0873
vn 0.1315 0.9854 0.1086
vn 0.2068 0.9564 0.2062
vn 0.5690 0.2661 0.7781
vn 0.3944 0.7467 0.5357
vn 0.6232 0.7053 0.3381
vn 0.6515 0.7194 0.2409
vn 0.2323 0.9725 0.0157
vn 0.1944 0.9572 0.2145
vn 0.6849 0.2533 0.6832
vn 0.6049 0.6573 0.4495
vn 0.8657 0.2461 0.4359
vn 0.9305 0.2304 0.2848
vn -0.4965 -0.0292 -0.8676
vn 0.1848 0.9755 0.1196
vn 0.7861 0.2486 0.5659
vn -0.2702 0.3900 -0.8803
vn 0.0727 0.9974 0.0022
vn 0.9674 -0.0611 -0.2457
vn 0.8625 0.2336 -0.4490
vn 0.9566 0.1372 -0.2572
vn 0.5506 0.7653 -0.3334
vn 0.6064 0.7800 -0.1546
vn 0.5198 0.8072 0.2799
vn 0.4525 0.7396 0.4983
vn 0.5099 0.1072 0.8536
vn 0.6657 0.1112 0.7379
vn 0.8297 0.2397 0.5042
vt 0.988851 0.814529
vt 0.979466 0.815203
vt 0.978085 0.803794
vt 0.987267 0.803064
vt 0.853515 0.523241
vt 0.853437 0.519250
vt 0.867639 0.516855
vt 0.867933 0.521720
vt 0.961406 0.950605
vt 0.965990 0.953001
vt 0.962733 0.958327
vt 0.958966 0.955619
vt 0.779003 0.986169
vt 0.845136 0.987320
vt 0.845029 0.992728
vt 0.778657 0.991925
vt 0.950434 0.939225
vt 0.951284 0.950163
vt 0.946024 0.949307
vt 0.945298 0.939331
vt 0.965924 0.935593
vt 0.971384 0.936972
vt 0.970350 0.942316
vt 0.965021 0.940800
vt 0.780858 0.953290
vt 0.764389 0.958022
vt 0.699116 0.954413
vt 0.699769 0.949222
vt 0.970835 0.955102
vt 0.966852 0.960654
vt 0.955044 0.959212
vt 0.958245 0.962769
vt 0.957233 0.953591
vt 0.956231 0.949355
vt 0.688979 0.947906
vt 0.690890 0.938085
vt 0.701321 0.938951
vt 0.765765 0.356046
vt 0.784170 0.353642
vt 0.784382 0.358058
vt 0.766059 0.360648
vt 0.976950 0.938423
vt 0.975547 0.944061
vt 0.514858 0.537313
vt 0.365408 0.542400
vt 0.364045 0.531129
vt 0.514972 0.525720
vt 0.961645 0.966129
vt 0.952760 0.955376
vt 0.950540 0.961994
vt 0.953391 0.966104
vt 0.989012 0.948775
vt 0.983435 0.960377
vt 0.978934 0.958175
vt 0.984026 0.946864
vt 0.693096 0.438438
vt 0.690440 0.447168
vt 0.685929 0.445498
vt 0.688328 0.436954
vt 0.993148 0.930279
vt 0.990874 0.941929
vt 0.985662 0.940953
vt 0.988796 0.929421
vt 0.887042 0.514707
vt 0.885877 0.499090
vt 0.890965 0.499283
vt 0.891828 0.514451
vt 0.002676 0.804238
vt 0.002954 0.769568
vt 0.007010 0.765990
vt 0.969463 0.963356
vt 0.966364 0.966464
vt 0.956171 0.970224
vt 0.948261 0.957690
vt 0.941861 0.965881
vt 0.937314 0.961386
vt 0.946814 0.953423
vt 0.950368 0.934093
vt 0.955637 0.934295
vt 0.955454 0.939398
vt 0.146630 0.530854
vt 0.006721 0.532179
vt 0.006948 0.521444
vt 0.146696 0.519631
vt 0.252519 0.002288
vt 0.348525 0.000977
vt 0.348421 0.006586
vt 0.252536 0.009401
vt 0.967149 0.919507
vt 0.973134 0.920501
vt 0.972802 0.925956
vt 0.966790 0.924892
vt 0.910157 0.860529
vt 0.910052 0.824133
vt 0.942179 0.822546
vt 0.942702 0.859583
vt 0.979751 0.966191
vt 0.975676 0.963202
vt 0.972182 0.959987
vt 0.971675 0.968777
vt 0.963199 0.969566
vt 0.959108 0.973196
vt 0.946364 0.985447
vt 0.945016 0.980299
vt 0.954679 0.975877
vt 0.957245 0.980604
vt 0.944908 0.918322
vt 0.950419 0.923643
vt 0.944212 0.886553
vt 0.912407 0.919512
vt 0.910988 0.887239
vt 0.868316 0.388025
vt 0.877586 0.388060
vt 0.880025 0.402611
vt 0.880302 0.427181
vt 0.870535 0.426775
vt 0.950479 0.918376
vt 0.781205 0.942818
vt 0.250896 0.527148
vt 0.250950 0.515899
vt 0.345013 0.511478
vt 0.345112 0.522784
vt 0.784893 0.395483
vt 0.767038 0.394484
vt 0.767258 0.375738
vt 0.785432 0.374919
vt 0.979222 0.921621
vt 0.978661 0.927251
vt 0.952494 0.534493
vt 0.947764 0.541519
vt 0.943080 0.538920
vt 0.948108 0.531703
vt 0.975580 0.971903
vt 0.966947 0.973613
vt 0.962382 0.977547
vt 0.950880 0.973349
vt 0.932629 0.967645
vt 0.931872 0.961856
vt 0.929279 0.771952
vt 0.930147 0.766088
vt 0.940776 0.767976
vt 0.939116 0.773424
vt 0.968069 0.886869
vt 0.974574 0.887327
vt 0.974304 0.898489
vt 0.968330 0.897913
vt 0.972165 0.771016
vt 0.975767 0.775541
vt 0.968739 0.781169
vt 0.965087 0.776493
vt 0.946397 0.066130
vt 0.920570 0.067482
vt 0.920488 0.060803
vt 0.946271 0.059300
vt 0.931084 0.951113
vt 0.931172 0.956458
vt 0.970675 0.977106
vt 0.965177 0.981517
vt 0.701238 0.473579
vt 0.695204 0.480887
vt 0.684093 0.472556
vt 0.688821 0.465703
vt 0.956104 0.918513
vt 0.955911 0.923841
vt 0.711658 0.349685
vt 0.714905 0.346135
vt 0.719240 0.352334
vt 0.716165 0.355992
vt 0.933865 0.745278
vt 0.945978 0.747892
vt 0.944745 0.753068
vt 0.932957 0.750661
vt 0.717536 0.386941
vt 0.717998 0.398046
vt 0.713737 0.398043
vt 0.713008 0.386712
vt 0.640801 0.948907
vt 0.645325 0.946825
vt 0.650486 0.959306
vt 0.646303 0.961545
vt 0.514545 0.594698
vt 0.369402 0.595550
vt 0.367788 0.560919
vt 0.514723 0.560301
vt 0.903189 0.546863
vt 0.908479 0.546572
vt 0.906708 0.559845
vt 0.901629 0.559626
vt 0.959331 0.985100
vt 0.947704 0.990341
vt 0.672077 0.497010
vt 0.667324 0.498454
vt 0.670580 0.493514
vt 0.971756 0.287501
vt 0.958235 0.290632
vt 0.957399 0.284489
vt 0.969337 0.281119
vt 0.927191 0.967723
vt 0.933511 0.973316
vt 0.928399 0.973743
vt 0.925900 0.956782
vt 0.926434 0.962253
vt 0.348117 0.760720
vt 0.357787 0.799527
vt 0.357729 0.865943
vt 0.347894 0.882607
vt 0.950331 0.897279
vt 0.950602 0.907801
vt 0.936666 0.576425
vt 0.931496 0.575105
vt 0.935411 0.555948
vt 0.939896 0.557715
vt 0.911486 0.803469
vt 0.939122 0.806019
vt 0.861257 0.652637
vt 0.865932 0.651296
vt 0.867794 0.660257
vt 0.863259 0.661825
vt 0.765552 0.486132
vt 0.769840 0.485476
vt 0.770736 0.492487
vt 0.766247 0.492494
vt 0.649814 0.908806
vt 0.655589 0.908183
vt 0.656203 0.919270
vt 0.650497 0.920185
vt 0.993559 0.924158
vt 0.988749 0.923421
vt 0.688570 0.563059
vt 0.683872 0.563188
vt 0.682118 0.532657
vt 0.686291 0.531841
vt 0.687674 0.545325
vt 0.944568 0.976139
vt 0.929901 0.979670
vt 0.934653 0.979070
vt 0.916507 0.968564
vt 0.915934 0.963220
vt 0.737644 0.447666
vt 0.738079 0.457851
vt 0.733471 0.458051
vt 0.733384 0.447318
vt 0.840675 0.890056
vt 0.873075 0.888261
vt 0.874390 0.921251
vt 0.841590 0.922037
vt 0.001467 0.563586
vt 0.005381 0.576210
vt 0.000977 0.576081
vt 0.842050 0.943459
vt 0.781546 0.922182
vt 0.887946 0.590579
vt 0.892749 0.590438
vt 0.890209 0.612141
vt 0.885254 0.611984
vt 0.914399 0.758054
vt 0.915349 0.748238
vt 0.927044 0.749558
vt 0.925571 0.759659
vt 0.660903 0.897081
vt 0.661183 0.907703
vt 0.655235 0.897222
vt 0.939000 0.632079
vt 0.943001 0.632305
vt 0.943745 0.641766
vt 0.940585 0.641554
vt 0.886812 0.660563
vt 0.889588 0.669841
vt 0.885705 0.671357
vt 0.882628 0.662117
vt 0.672672 0.488907
vt 0.674817 0.485614
vt 0.680759 0.492569
vt 0.007600 0.975686
vt 0.003953 0.975733
vt 0.003832 0.970498
vt 0.007501 0.970335
vt 0.665384 0.507124
vt 0.661395 0.508125
vt 0.657920 0.500438
vt 0.662379 0.499531
vt 0.761891 0.136748
vt 0.762524 0.149311
vt 0.694232 0.152088
vt 0.693706 0.139691
vt 0.931214 0.760265
vt 0.942353 0.762460
vt 0.661722 0.462576
vt 0.654770 0.459617
vt 0.658835 0.452124
vt 0.666138 0.455499
vt 0.774043 0.484923
vt 0.766517 0.470629
vt 0.770607 0.469621
vt 0.635768 0.816725
vt 0.640799 0.817446
vt 0.639194 0.840657
vt 0.633991 0.840173
vt 0.910758 0.644708
vt 0.918809 0.648182
vt 0.917023 0.655690
vt 0.913036 0.654444
vt 0.005836 0.680343
vt 0.001739 0.680369
vt 0.001881 0.674899
vt 0.005945 0.674895
vt 0.922622 0.995595
vt 0.921580 0.990708
vt 0.933612 0.988904
vt 0.935005 0.993687
vt 0.781782 0.889798
vt 0.653264 0.302222
vt 0.654726 0.311379
vt 0.647526 0.312011
vt 0.645136 0.303147
vt 0.946634 0.341422
vt 0.942032 0.341073
vt 0.944050 0.326502
vt 0.948290 0.326807
vt 0.674508 0.282204
vt 0.699323 0.281220
vt 0.699138 0.286949
vt 0.673704 0.287480
vt 0.849143 0.285911
vt 0.848934 0.275375
vt 0.880507 0.275129
vt 0.880796 0.286889
vt 0.941005 0.577339
vt 0.939737 0.586452
vt 0.935233 0.585643
vt 0.934186 0.631957
vt 0.935892 0.641182
vt 0.931610 0.640903
vt 0.929331 0.632059
vt 0.956386 0.907949
vt 0.878554 0.220026
vt 0.877354 0.182693
vt 0.921638 0.181320
vt 0.922207 0.218562
vt 0.936772 0.604562
vt 0.956314 0.445259
vt 0.965449 0.444096
vt 0.967622 0.460834
vt 0.958892 0.462809
vt 0.747179 0.683608
vt 0.749500 0.671777
vt 0.761424 0.686400
vt 0.922989 0.467149
vt 0.922676 0.483790
vt 0.920126 0.483961
vt 0.919380 0.466694
vt 0.006678 0.537620
vt 0.146597 0.536484
vt 0.146407 0.572111
vt 0.638916 0.852128
vt 0.633736 0.852021
vt 0.726646 0.433542
vt 0.731637 0.433227
vt 0.731594 0.439292
vt 0.729470 0.446670
vt 0.725365 0.445849
vt 0.678969 0.780395
vt 0.684117 0.780659
vt 0.679627 0.785824
vt 0.688462 0.381366
vt 0.692675 0.379944
vt 0.695973 0.389407
vt 0.691601 0.390273
vt 0.345482 0.567195
vt 0.250672 0.570152
vt 0.250868 0.532789
vt 0.345159 0.528355
vt 0.757115 0.531569
vt 0.757588 0.527283
vt 0.761805 0.532372
vt 0.679884 0.790836
vt 0.680009 0.800801
vt 0.670068 0.800320
vt 0.668508 0.789864
vt 0.148426 0.028313
vt 0.148368 0.048539
vt 0.008108 0.047811
vt 0.008562 0.030915
vt 0.002404 0.477763
vt 0.006554 0.477796
vt 0.006725 0.483089
vt 0.002631 0.483018
vt 0.250284 0.723768
vt 0.346808 0.722125
vt 0.250290 0.763829
vt 0.785714 0.556310
vt 0.785210 0.563892
vt 0.771683 0.562821
vt 0.772526 0.554914
vt 0.899525 0.964569
vt 0.900125 0.970142
vt 0.920568 0.086318
vt 0.877198 0.087574
vt 0.889632 0.074598
vt 0.920822 0.073740
vt 0.706154 0.799781
vt 0.695507 0.800328
vt 0.695348 0.789913
vt 0.705819 0.789113
vt 0.661702 0.853127
vt 0.661212 0.886129
vt 0.655972 0.853001
vt 0.657477 0.301922
vt 0.658906 0.311127
vt 0.895723 0.495913
vt 0.890434 0.483674
vt 0.895621 0.483870
vt 0.912356 0.793001
vt 0.938771 0.795237
vt 0.949762 0.614545
vt 0.950727 0.623583
vt 0.946129 0.623373
vt 0.945585 0.614314
vt 0.684120 0.400580
vt 0.689030 0.400058
vt 0.691407 0.418679
vt 0.686976 0.420741
vt 0.693366 0.563084
vt 0.690350 0.617297
vt 0.685675 0.616925
vt 0.741365 0.437868
vt 0.742193 0.447608
vt 0.736804 0.437927
vt 0.954365 0.361278
vt 0.956222 0.341877
vt 0.960732 0.342224
vt 0.958842 0.361437
vt 0.725240 0.506527
vt 0.720900 0.506434
vt 0.721312 0.494756
vt 0.725584 0.494884
vt 0.909681 0.566364
vt 0.913680 0.560647
vt 0.913254 0.572490
vt 0.909069 0.572386
vt 0.841600 0.787277
vt 0.874303 0.790163
vt 0.873443 0.800759
vt 0.841283 0.798223
vt 0.949019 0.261453
vt 0.955769 0.260998
vt 0.955769 0.273030
vt 0.949626 0.273349
vt 0.717927 0.404124
vt 0.723229 0.404816
vt 0.722617 0.421552
vt 0.717625 0.421095
vt 0.782508 0.336180
vt 0.783299 0.340400
vt 0.764437 0.342330
vt 0.763649 0.337857
vt 0.698534 0.399117
vt 0.700583 0.419430
vt 0.696049 0.419186
vt 0.694093 0.399580
vt 0.346111 0.644413
vt 0.346222 0.661097
vt 0.250300 0.664477
vt 0.250352 0.648378
vt 0.871209 0.499727
vt 0.871593 0.510203
vt 0.852975 0.510983
vt 0.851627 0.502636
vt 0.909152 0.427227
vt 0.909263 0.387545
vt 0.914609 0.387292
vt 0.914066 0.426634
vt 0.697883 0.439759
vt 0.710969 0.443480
vt 0.708871 0.454545
vt 0.695283 0.449056
vt 0.917441 0.572804
vt 0.921920 0.573335
vt 0.920704 0.583949
vt 0.916134 0.583801
vt 0.683305 0.420189
vt 0.680650 0.400829
vt 0.951627 0.632797
vt 0.951652 0.642439
vt 0.946937 0.641978
vt 0.947189 0.632514
vt 0.685094 0.790673
vt 0.685194 0.800761
vt 0.753524 0.392977
vt 0.753948 0.377602
vt 0.762656 0.376006
vt 0.762587 0.394078
vt 0.005805 0.696044
vt 0.001699 0.696050
vt 0.001541 0.690947
vt 0.005684 0.690912
vt 0.004499 0.030669
vt 0.004578 0.019567
vt 0.008634 0.019804
vt 0.877395 0.061953
vt 0.877429 0.068422
vt 0.790598 0.067291
vt 0.790457 0.060063
vt 0.920340 0.614162
vt 0.915449 0.614265
vt 0.898914 0.958876
vt 0.915306 0.957627
vt 0.675161 0.932875
vt 0.680603 0.937530
vt 0.675458 0.937628
vt 0.949465 0.588366
vt 0.955622 0.589334
vt 0.955135 0.614575
vt 0.949266 0.605574
vt 0.785032 0.567726
vt 0.771409 0.566802
vt 0.781864 0.819205
vt 0.705959 0.821476
vt 0.782054 0.797139
vt 0.670279 0.938149
vt 0.675287 0.945916
vt 0.673132 0.947956
vt 0.664045 0.262637
vt 0.675775 0.263004
vt 0.675755 0.269210
vt 0.664512 0.268246
vt 0.674861 0.923066
vt 0.675277 0.918130
vt 0.681001 0.917898
vt 0.964089 0.848462
vt 0.969310 0.848695
vt 0.968793 0.859791
vt 0.963724 0.859363
vt 0.914793 0.952143
vt 0.876201 0.953833
vt 0.875506 0.943119
vt 0.913815 0.941361
vt 0.877385 0.969772
vt 0.876975 0.964622
vt 0.781310 0.857451
vt 0.704185 0.886383
vt 0.705088 0.854503
vt 0.918666 0.550253
vt 0.918720 0.561486
vt 0.913985 0.546449
vt 0.869552 0.325487
vt 0.867491 0.334796
vt 0.864840 0.325421
vt 0.695188 0.821685
vt 0.684526 0.821615
vt 0.644192 0.886382
vt 0.638628 0.886469
vt 0.644990 0.852382
vt 0.893086 0.275068
vt 0.893488 0.286978
vt 0.641476 0.190818
vt 0.635971 0.191086
vt 0.636084 0.154007
vt 0.642136 0.154083
vt 0.669569 0.302411
vt 0.673170 0.301810
vt 0.674283 0.306661
vt 0.674905 0.311859
vt 0.669718 0.311488
vt 0.698114 0.226139
vt 0.766112 0.224218
vt 0.767528 0.261593
vt 0.699453 0.262969
vt 0.758963 0.067257
vt 0.758941 0.060929
vt 0.659620 0.736887
vt 0.666220 0.733118
vt 0.671233 0.740878
vt 0.664717 0.744637
vt 0.904307 0.572308
vt 0.907472 0.584652
vt 0.902827 0.584529
vt 0.699113 0.959469
vt 0.764088 0.963368
vt 0.252549 0.014665
vt 0.348330 0.012195
vt 0.348194 0.023328
vt 0.252560 0.027335
vt 0.635807 0.228979
vt 0.629571 0.229679
vt 0.629979 0.191442
vt 0.681051 0.353105
vt 0.687085 0.360325
vt 0.683182 0.363078
vt 0.677990 0.355869
vt 0.001493 0.169412
vt 0.006186 0.169676
vt 0.006931 0.182032
vt 0.001808 0.175933
vt 0.872486 0.822102
vt 0.650500 0.263940
vt 0.642194 0.228333
vt 0.654604 0.227677
vt 0.658013 0.262913
vt 0.363695 0.723146
vt 0.364593 0.693033
vt 0.514169 0.697144
vt 0.514093 0.725527
vt 0.844974 0.975586
vt 0.878135 0.975522
vt 0.878828 0.981840
vt 0.845218 0.981777
vt 0.874969 0.774163
vt 0.897155 0.775792
vt 0.913018 0.781770
vt 0.874756 0.779477
vt 0.925516 0.584361
vt 0.925598 0.614007
vt 0.679058 0.821460
vt 0.668444 0.821018
vt 0.938735 0.423598
vt 0.933879 0.424035
vt 0.938369 0.385108
vt 0.942192 0.385024
vt 0.782203 0.785869
vt 0.724179 0.336664
vt 0.726517 0.332335
vt 0.731978 0.339793
vt 0.728640 0.342679
vt 0.738234 0.680998
vt 0.740399 0.671703
vt 0.744781 0.672704
vt 0.742659 0.682289
vt 0.696667 0.650510
vt 0.701865 0.650880
vt 0.702073 0.664797
vt 0.696020 0.665953
vt 0.667791 0.842426
vt 0.678473 0.842866
vt 0.678077 0.853672
vt 0.667216 0.853269
vt 0.148232 0.103383
vt 0.148160 0.136619
vt 0.007275 0.136576
vt 0.007444 0.103347
vt 0.901094 0.991778
vt 0.900942 0.996947
vt 0.879942 0.997795
vt 0.879645 0.992268
vt 0.674845 0.563420
vt 0.673309 0.534110
vt 0.677877 0.533421
vt 0.679472 0.563313
vt 0.357368 0.100941
vt 0.357284 0.111533
vt 0.348121 0.134132
vt 0.348069 0.100945
vt 0.793495 0.400325
vt 0.802532 0.401310
vt 0.800139 0.425092
vt 0.791303 0.424535
vt 0.694243 0.854183
vt 0.668180 0.452037
vt 0.660879 0.448744
vt 0.664365 0.442228
vt 0.671841 0.445117
vt 0.662937 0.820602
vt 0.662558 0.842215
vt 0.913769 0.764283
vt 0.897333 0.763458
vt 0.897677 0.756999
vt 0.876582 0.959241
vt 0.870154 0.668266
vt 0.878443 0.663858
vt 0.881751 0.673081
vt 0.873706 0.677116
vt 0.004811 0.013943
vt 0.008815 0.014192
vt 0.984278 0.180627
vt 0.984311 0.142402
vt 0.990493 0.142170
vt 0.990428 0.180402
vt 0.767700 0.267839
vt 0.767849 0.280418
vt 0.736627 0.280323
vt 0.736533 0.268023
vt 0.975008 0.859880
vt 0.707771 0.352857
vt 0.712954 0.359844
vt 0.638906 0.898063
vt 0.634098 0.898208
vt 0.633907 0.886533
vt 0.627301 0.795121
vt 0.513957 0.793608
vt 0.513972 0.787952
vt 0.626810 0.789442
vt 0.840452 0.351551
vt 0.841173 0.360722
vt 0.827400 0.364135
vt 0.826434 0.354094
vt 0.764424 0.186841
vt 0.837417 0.632751
vt 0.836929 0.639218
vt 0.836210 0.643880
vt 0.822454 0.645716
vt 0.825959 0.613228
vt 0.839817 0.619352
vt 0.928489 0.783021
vt 0.990996 0.860131
vt 0.989815 0.888923
vt 0.980803 0.887918
vt 0.981343 0.859899
vt 0.644354 0.897755
vt 0.644765 0.909288
vt 0.639407 0.909819
vt 0.514397 0.623181
vt 0.368721 0.624161
vt 0.779885 0.974659
vt 0.779418 0.980740
vt 0.963033 0.821578
vt 0.968321 0.821388
vt 0.932155 0.622974
vt 0.937297 0.623040
vt 0.868763 0.555916
vt 0.872173 0.546502
vt 0.873154 0.556532
vt 0.758109 0.553760
vt 0.775351 0.534912
vt 0.698243 0.964474
vt 0.763771 0.968463
vt 0.763334 0.974180
vt 0.697072 0.970117
vt 0.956202 0.623701
vt 0.887916 0.547633
vt 0.892904 0.547728
vt 0.891935 0.559031
vt 0.887069 0.558451
vt 0.912150 0.639634
vt 0.919917 0.645121
vt 0.001920 0.669605
vt 0.005983 0.669551
vt 0.890258 0.447956
vt 0.890285 0.437855
vt 0.895285 0.438090
vt 0.895212 0.448463
vt 0.665206 0.799459
vt 0.657231 0.819941
vt 0.659917 0.798322
vt 0.752290 0.407076
vt 0.750740 0.423504
vt 0.746122 0.422823
vt 0.747530 0.407051
vt 0.967853 0.361936
vt 0.969639 0.342852
vt 0.980490 0.343878
vt 0.978092 0.362361
vt 0.898215 0.584405
vt 0.899744 0.571920
vt 0.890924 0.359785
vt 0.885907 0.359649
vt 0.886630 0.350304
vt 0.891290 0.350518
vt 0.922983 0.255643
vt 0.947578 0.218212
vt 0.948649 0.255297
vt 0.006014 0.706255
vt 0.001971 0.706343
vt 0.889664 0.067348
vt 0.007868 0.367481
vt 0.147239 0.366856
vt 0.147010 0.417271
vt 0.006863 0.418431
vt 0.678246 0.642815
vt 0.673954 0.642219
vt 0.675611 0.629119
vt 0.679940 0.629691
vt 0.513687 0.834841
vt 0.513415 0.870086
vt 0.364255 0.872987
vt 0.363037 0.837996
vt 0.967801 0.816259
vt 0.973593 0.815779
vt 0.974121 0.821188
vt 0.002649 0.193114
vt 0.007051 0.192985
vt 0.006810 0.198480
vt 0.002336 0.198594
vt 0.695279 0.703541
vt 0.686271 0.701794
vt 0.686687 0.697352
vt 0.695705 0.698820
vt 0.880098 0.263171
vt 0.923190 0.261766
vt 0.924554 0.274140
vt 0.974447 0.261349
vt 0.980456 0.262310
vt 0.978441 0.274143
vt 0.973268 0.273559
vt 0.957344 0.633170
vt 0.957479 0.642884
vt 0.895130 0.571423
vt 0.893426 0.584218
vt 0.923531 0.776657
vt 0.928655 0.777016
vt 0.676361 0.737687
vt 0.671206 0.730190
vt 0.678344 0.731080
vt 0.680739 0.734872
vt 0.957570 0.504297
vt 0.952417 0.506198
vt 0.946015 0.489565
vt 0.950655 0.488187
vt 0.950752 0.464860
vt 0.945106 0.475561
vt 0.942157 0.466562
vt 0.865369 0.316093
vt 0.870345 0.316227
vt 0.252289 0.223046
vt 0.252013 0.272815
vt 0.147690 0.273312
vt 0.147953 0.222776
vt 0.936221 0.613982
vt 0.941045 0.614023
vt 0.941798 0.623195
vt 0.979936 0.820760
vt 0.962513 0.816391
vt 0.972534 0.804599
vt 0.250272 0.701923
vt 0.250281 0.712833
vt 0.145936 0.713511
vt 0.145928 0.702466
vt 0.513781 0.816866
vt 0.627124 0.818554
vt 0.627486 0.830599
vt 0.513719 0.829081
vt 0.922829 0.360085
vt 0.922481 0.386693
vt 0.918818 0.387183
vt 0.919277 0.360094
vt 0.905973 0.513813
vt 0.905929 0.495978
vt 0.910819 0.495982
vt 0.910574 0.513929
vt 0.872436 0.860327
vt 0.363418 0.735069
vt 0.514063 0.736873
vt 0.513995 0.765199
vt 0.363950 0.764311
vt 0.669331 0.534636
vt 0.670966 0.563493
vt 0.661750 0.563514
vt 0.660165 0.535873
vt 0.250328 0.881181
vt 0.933907 0.533241
vt 0.926642 0.552703
vt 0.922671 0.551374
vt 0.929010 0.530508
vt 0.650050 0.852794
vt 0.649374 0.886256
vt 0.699762 0.761631
vt 0.771500 0.760097
vt 0.771329 0.765914
vt 0.703981 0.767336
vt 0.699863 0.766424
vt 0.785188 0.497140
vt 0.798811 0.497355
vt 0.797600 0.505969
vt 0.784090 0.503948
vt 0.362977 0.785385
vt 0.670215 0.505848
vt 0.667457 0.361816
vt 0.670970 0.359557
vt 0.675225 0.367453
vt 0.671171 0.369123
vt 0.730149 0.494891
vt 0.729898 0.506629
vt 0.940149 0.525246
vt 0.932724 0.525781
vt 0.936815 0.521592
vt 0.704481 0.387671
vt 0.706625 0.398276
vt 0.694193 0.779428
vt 0.832459 0.444548
vt 0.846764 0.444708
vt 0.847212 0.466171
vt 0.833281 0.466375
vt 0.354696 0.432151
vt 0.345932 0.432162
vt 0.346179 0.415558
vt 0.354791 0.415514
vt 0.880615 0.571269
vt 0.871119 0.570702
vt 0.872511 0.561366
vt 0.881691 0.562963
vt 0.722192 0.633464
vt 0.717580 0.633157
vt 0.718891 0.619369
vt 0.723501 0.619784
vt 0.889565 0.060939
vt 0.956779 0.254844
vt 0.969173 0.254925
vt 0.968422 0.260750
vt 0.679528 0.946899
vt 0.956515 0.581459
vt 0.965195 0.583439
vt 0.964139 0.590353
vt 0.971798 0.798600
vt 0.966852 0.805889
vt 0.967176 0.799931
vt 0.689937 0.077267
vt 0.689145 0.071307
vt 0.727384 0.068315
vt 0.759106 0.073536
vt 0.621590 0.073049
vt 0.507928 0.074965
vt 0.507780 0.052463
vt 0.621270 0.049802
vt 0.895434 0.467592
vt 0.890716 0.467197
vt 0.753449 0.513625
vt 0.748651 0.513038
vt 0.748574 0.504121
vt 0.753309 0.504786
vt 0.357688 0.899290
vt 0.357569 0.932920
vt 0.346204 0.949261
vt 0.970397 0.507757
vt 0.964199 0.506866
vt 0.962546 0.502758
vt 0.967984 0.501114
vt 0.891317 0.388074
vt 0.895838 0.359926
vt 0.895811 0.388098
vt 0.881530 0.657348
vt 0.879945 0.647743
vt 0.884570 0.646410
vt 0.885873 0.655879
vt 0.975670 0.087388
vt 0.977683 0.130151
vt 0.971337 0.130290
vt 0.969319 0.087392
vt 0.702762 0.918107
vt 0.994057 0.814031
vt 0.994613 0.820078
vt 0.989135 0.820322
vt 0.915008 0.466528
vt 0.915543 0.484035
vt 0.976511 0.797003
vt 0.971691 0.786195
vt 0.967168 0.787725
vt 0.708809 0.480241
vt 0.703559 0.469212
vt 0.712141 0.474793
vt 0.370213 0.435839
vt 0.370783 0.402687
vt 0.512416 0.400491
vt 0.513208 0.434806
vt 0.691011 0.461974
vt 0.680830 0.461466
vt 0.683398 0.458198
vt 0.945702 0.578498
vt 0.944264 0.559284
vt 0.949928 0.561465
vt 0.879971 0.321364
vt 0.879152 0.326000
vt 0.507558 0.029838
vt 0.362447 0.037879
vt 0.361794 0.026501
vt 0.507517 0.018580
vt 0.954715 0.792316
vt 0.959061 0.790738
vt 0.964151 0.800847
vt 0.959240 0.802350
vt 0.703637 0.632101
vt 0.698537 0.631637
vt 0.699639 0.617920
vt 0.704685 0.618386
vt 0.660515 0.365688
vt 0.663746 0.371982
vt 0.655375 0.375004
vt 0.651913 0.366655
vt 0.252345 0.212212
vt 0.148010 0.211527
vt 0.979477 0.780554
vt 0.984433 0.791843
vt 0.984074 0.777962
vt 0.989516 0.789844
vt 0.659179 0.190634
vt 0.653111 0.190812
vt 0.649030 0.153663
vt 0.655727 0.153439
vt 0.829791 0.389164
vt 0.844407 0.388456
vt 0.762742 0.980260
vt 0.762220 0.985638
vt 0.694765 0.981137
vt 0.695783 0.975808
vt 0.765364 0.351480
vt 0.760686 0.352127
vt 0.760238 0.347680
vt 0.939516 0.789690
vt 0.938294 0.784085
vt 0.880335 0.612011
vt 0.875697 0.608413
vt 0.878400 0.590277
vt 0.883132 0.590519
vt 0.250342 0.948806
vt 0.894900 0.427676
vt 0.890030 0.427571
vt 0.684362 0.630227
vt 0.689119 0.630725
vt 0.653219 0.784418
vt 0.657648 0.786573
vt 0.654418 0.796923
vt 0.649466 0.795465
vt 0.639170 0.792345
vt 0.644346 0.793920
vt 0.672397 0.615709
vt 0.676883 0.616081
vt 0.671165 0.628628
vt 0.962996 0.789208
vt 0.782612 0.623091
vt 0.768765 0.622652
vt 0.002634 0.537535
vt 0.002680 0.532101
vt 0.949580 0.804803
vt 0.952494 0.821881
vt 0.959688 0.783704
vt 0.964469 0.782996
vt 0.880958 0.499284
vt 0.880599 0.480431
vt 0.885332 0.483221
vt 0.765770 0.407482
vt 0.764182 0.424019
vt 0.759668 0.424026
vt 0.761215 0.407284
vt 0.720669 0.512468
vt 0.720688 0.524437
vt 0.715550 0.524187
vt 0.716142 0.512443
vt 0.663068 0.788385
vt 0.930919 0.613924
vt 0.930281 0.584925
vt 0.926552 0.574018
vt 0.931019 0.554217
vt 0.669514 0.482535
vt 0.670000 0.478329
vt 0.676893 0.482195
vt 0.696181 0.189283
vt 0.251831 0.306014
vt 0.251578 0.366348
vt 0.147531 0.306340
vt 0.354762 0.510915
vt 0.354958 0.522261
vt 0.667475 0.351247
vt 0.671875 0.350020
vt 0.674779 0.358032
vt 0.952627 0.787535
vt 0.956294 0.785424
vt 0.666353 0.722605
vt 0.670543 0.720430
vt 0.673044 0.723977
vt 0.346476 0.711138
vt 0.346284 0.700090
vt 0.648812 0.782200
vt 0.650254 0.841653
vt 0.644980 0.841127
vt 0.784002 0.765395
vt 0.783493 0.760343
vt 0.842467 0.764815
vt 0.842059 0.769911
vt 0.677653 0.371106
vt 0.681743 0.369286
vt 0.686460 0.377078
vt 0.681870 0.378844
vt 0.943567 0.971019
vt 0.959471 0.218135
vt 0.959491 0.180570
vt 0.972014 0.180569
vt 0.972131 0.218432
vt 0.945603 0.072727
vt 0.919104 0.449257
vt 0.918337 0.439090
vt 0.921603 0.439019
vt 0.921742 0.449175
vt 0.912986 0.659016
vt 0.913377 0.668111
vt 0.909034 0.667449
vt 0.908461 0.658308
vt 0.948305 0.788947
vt 0.949798 0.793739
vt 0.003097 0.396279
vt 0.002743 0.418438
vt 0.354933 0.293668
vt 0.347637 0.304812
vt 0.348116 0.271715
vt 0.355006 0.271635
vt 0.627342 0.537184
vt 0.626977 0.525981
vt 0.961318 0.779037
vt 0.954093 0.778999
vt 0.950692 0.782748
vt 0.673102 0.453919
vt 0.676840 0.446801
vt 0.680166 0.447860
vt 0.676216 0.455111
vt 0.007724 0.981060
vt 0.004107 0.981039
vt 0.001942 0.204620
vt 0.006508 0.204387
vt 0.006173 0.209328
vt 0.001489 0.209361
vt 0.704907 0.778224
vt 0.771266 0.775612
vt 0.910294 0.360117
vt 0.915316 0.360092
vt 0.936883 0.340773
vt 0.935209 0.360114
vt 0.923565 0.340564
vt 0.677479 0.683048
vt 0.677983 0.669651
vt 0.682402 0.670120
vt 0.682099 0.683601
vt 0.002238 0.642760
vt 0.006509 0.653277
vt 0.002572 0.653202
vt 0.715044 0.530055
vt 0.720324 0.530710
vt 0.720233 0.551764
vt 0.718821 0.563037
vt 0.714884 0.562858
vt 0.358494 0.045616
vt 0.358274 0.056913
vt 0.348063 0.045653
vt 0.920766 0.131188
vt 0.876549 0.132527
vt 0.943373 0.789646
vt 0.944115 0.794868
vt 0.672299 0.754351
vt 0.683625 0.747041
vt 0.685930 0.753091
vt 0.675055 0.758645
vt 0.947123 0.784292
vt 0.002592 0.658825
vt 0.947234 0.779968
vt 0.949029 0.776026
vt 0.956819 0.775066
vt 0.357608 0.167618
vt 0.347988 0.167462
vt 0.347888 0.156275
vt 0.357568 0.156434
vt 0.900734 0.350828
vt 0.896002 0.350707
vt 0.896505 0.337218
vt 0.901159 0.337575
vt 0.945123 0.805701
vt 0.729694 0.523622
vt 0.725182 0.524128
vt 0.724885 0.512371
vt 0.729673 0.512329
vt 0.660324 0.058917
vt 0.662501 0.064946
vt 0.647309 0.074862
vt 0.642938 0.070363
vt 0.686691 0.391261
vt 0.782591 0.774316
vt 0.681668 0.475854
vt 0.691829 0.484278
vt 0.642831 0.326753
vt 0.640239 0.318425
vt 0.649175 0.316494
vt 0.650483 0.325325
vt 0.942854 0.784395
vt 0.845707 0.642401
vt 0.845723 0.637784
vt 0.854552 0.636954
vt 0.854901 0.641524
vt 0.003107 0.103160
vt 0.002606 0.069681
vt 0.841834 0.775828
vt 0.979837 0.771926
vt 0.002915 0.136454
vt 0.002833 0.114249
vt 0.943066 0.779218
vt 0.944117 0.774326
vt 0.951588 0.771531
vt 0.346924 0.965559
vt 0.250338 0.965803
vt 0.952589 0.327006
vt 0.951380 0.341647
vt 0.744271 0.392355
vt 0.745365 0.377159
vt 0.749711 0.378509
vt 0.748943 0.392363
vt 0.655074 0.943229
vt 0.659847 0.953861
vt 0.655425 0.956541
vt 0.650590 0.944887
vt 0.771367 0.754652
vt 0.698951 0.755936
vt 0.973988 0.909545
vt 0.980121 0.910466
vt 0.914854 0.337198
vt 0.914568 0.327662
vt 0.918348 0.327032
vt 0.918960 0.336374
vt 0.938505 0.778435
vt 0.858821 0.663656
vt 0.856649 0.654026
vt 0.975337 0.765640
vt 0.668676 0.153117
vt 0.671472 0.190187
vt 0.946122 0.769358
vt 0.954050 0.767109
vt 0.959333 0.770970
vt 0.990555 0.848061
vt 0.980956 0.848582
vt 0.674336 0.347505
vt 0.673133 0.226908
vt 0.660859 0.227338
vt 0.006434 0.494735
vt 0.002248 0.494813
vt 0.002664 0.488938
vt 0.006749 0.488928
vt 0.907124 0.643525
vt 0.908170 0.653643
vt 0.903504 0.653261
vt 0.902656 0.643159
vt 0.672276 0.686618
vt 0.673824 0.695504
vt 0.669740 0.695115
vt 0.728021 0.620174
vt 0.726513 0.561287
vt 0.730814 0.561418
vt 0.683564 0.853837
vt 0.514284 0.651637
vt 0.629255 0.622274
vt 0.629118 0.651275
vt 0.947985 0.764209
vt 0.952561 0.445733
vt 0.952078 0.436887
vt 0.956045 0.436492
vt 0.345971 0.627704
vt 0.250422 0.629475
vt 0.726760 0.633853
vt 0.732527 0.620557
vt 0.731271 0.634162
vt 0.251404 0.415910
vt 0.889364 0.622298
vt 0.884367 0.622422
vt 0.004001 0.367325
vt 0.001402 0.304611
vt 0.006005 0.304965
vt 0.146092 0.633080
vt 0.767970 0.461832
vt 0.766735 0.457818
vt 0.784446 0.456207
vt 0.784841 0.460191
vt 0.742681 0.457538
vt 0.628890 0.559755
vt 0.628982 0.593859
vt 0.969447 0.767630
vt 0.965527 0.763852
vt 0.969724 0.760373
vt 0.627739 0.836560
vt 0.950298 0.755228
vt 0.651411 0.819146
vt 0.646318 0.818386
vt 0.980384 0.899218
vt 0.951313 0.421577
vt 0.947183 0.422481
vt 0.946454 0.385224
vt 0.951862 0.385449
vt 0.910195 0.466502
vt 0.909276 0.449373
vt 0.914309 0.449561
vt 0.763920 0.659991
vt 0.777077 0.661565
vt 0.774779 0.688145
vt 0.981912 0.927946
vt 0.963947 0.756233
vt 0.960685 0.760589
vt 0.784934 0.366542
vt 0.766819 0.370853
vt 0.923792 0.770998
vt 0.678940 0.365610
vt 0.989876 0.900407
vt 0.989431 0.911871
vt 0.722305 0.378810
vt 0.726667 0.380166
vt 0.725894 0.390783
vt 0.722332 0.391523
vt 0.844945 0.997795
vt 0.778392 0.997122
vt 0.708749 0.562676
vt 0.709645 0.618761
vt 0.714365 0.619038
vt 0.956343 0.897481
vt 0.751843 0.353088
vt 0.751307 0.348722
vt 0.987930 0.085676
vt 0.994540 0.084672
vt 0.997486 0.129401
vt 0.990574 0.129305
vt 0.721104 0.445335
vt 0.720234 0.457313
vt 0.715790 0.456681
vt 0.716340 0.444709
vt 0.668600 0.923380
vt 0.669534 0.933343
vt 0.664438 0.951195
vt 0.660175 0.941144
vt 0.665231 0.939404
vt 0.668975 0.948889
vt 0.958554 0.130552
vt 0.957058 0.086601
vt 0.709719 0.529876
vt 0.955704 0.757575
vt 0.958079 0.752905
vt 0.924628 0.765382
vt 0.931081 0.493554
vt 0.936470 0.492161
vt 0.942623 0.510459
vt 0.937813 0.512596
vt 0.952236 0.749974
vt 0.354803 0.393972
vt 0.346818 0.365649
vt 0.354821 0.365586
vt 0.722599 0.562286
vt 0.965250 0.385525
vt 0.955696 0.385440
vt 0.003918 0.047637
vt 0.004398 0.036296
vt 0.834970 0.554547
vt 0.839330 0.531380
vt 0.851732 0.544619
vt 0.739201 0.494430
vt 0.748126 0.493257
vt 0.748420 0.498594
vt 0.739331 0.499878
vt 0.661838 0.302072
vt 0.664588 0.311154
vt 0.912904 0.770646
vt 0.897404 0.770263
vt 0.146034 0.884194
vt 0.145971 0.763145
vt 0.850649 0.359694
vt 0.854013 0.388095
vt 0.900758 0.975765
vt 0.850220 0.667460
vt 0.847911 0.659021
vt 0.875308 0.649014
vt 0.877170 0.658940
vt 0.751185 0.446883
vt 0.751685 0.451771
vt 0.747306 0.457066
vt 0.746730 0.447381
vt 0.886648 0.388153
vt 0.753596 0.636088
vt 0.749081 0.635695
vt 0.750485 0.622109
vt 0.755003 0.622372
vt 0.955049 0.463785
vt 0.251046 0.493313
vt 0.344991 0.494042
vt 0.344921 0.500076
vt 0.250992 0.504628
vt 0.770606 0.742703
vt 0.783716 0.742833
vt 0.783348 0.746858
vt 0.771020 0.747254
vt 0.788728 0.537351
vt 0.779639 0.519308
vt 0.792619 0.522322
vt 0.002509 0.158739
vt 0.006957 0.158895
vt 0.914936 0.340882
vt 0.919259 0.340905
vt 0.686252 0.652469
vt 0.687549 0.644034
vt 0.697021 0.645410
vt 0.752475 0.553694
vt 0.752517 0.530665
vt 0.798484 0.267428
vt 0.949718 0.361011
vt 0.945058 0.360711
vt 0.758849 0.053915
vt 0.790676 0.054109
vt 0.622364 0.112372
vt 0.508336 0.115146
vt 0.508220 0.103681
vt 0.622204 0.101202
vt 0.913818 0.438725
vt 0.909240 0.438420
vt 0.900389 0.465947
vt 0.901002 0.483983
vt 0.715856 0.652006
vt 0.720328 0.652877
vt 0.718997 0.666123
vt 0.714576 0.665254
vt 0.875616 0.762633
vt 0.875596 0.756063
vt 0.849046 0.490230
vt 0.834667 0.491946
vt 0.939715 0.476663
vt 0.935821 0.467347
vt 0.910274 0.614251
vt 0.909189 0.625844
vt 0.904091 0.626098
vt 0.905684 0.613737
vt 0.927707 0.744254
vt 0.687989 0.060294
vt 0.727086 0.062013
vt 0.994293 0.912506
vt 0.837223 0.504968
vt 0.895883 0.502446
vt 0.900854 0.495902
vt 0.901346 0.514007
vt 0.896600 0.514209
vt 0.853348 0.515133
vt 0.867314 0.513428
vt 0.905753 0.337985
vt 0.905321 0.350282
vt 0.762208 0.371360
vt 0.761496 0.361538
vt 0.681193 0.616486
vt 0.746062 0.621699
vt 0.748527 0.563162
vt 0.753107 0.563808
vt 0.508393 0.120871
vt 0.509307 0.195144
vt 0.371750 0.203306
vt 0.368458 0.129168
vt 0.922767 0.326316
vt 0.935863 0.325864
vt 0.936679 0.335879
vt 0.923338 0.335870
vt 0.718031 0.342690
vt 0.721195 0.339499
vt 0.725368 0.345635
vt 0.722250 0.348723
vt 0.707334 0.459651
vt 0.715429 0.463030
vt 0.714459 0.469266
vt 0.358096 0.184174
vt 0.358548 0.189485
vt 0.348573 0.189544
vt 0.666798 0.523185
vt 0.670760 0.522334
vt 0.918798 0.980639
vt 0.917597 0.974561
vt 0.694131 0.708535
vt 0.685523 0.706144
vt 0.003417 0.954407
vt 0.007174 0.954243
vt 0.649014 0.678434
vt 0.657786 0.679974
vt 0.654987 0.693635
vt 0.646791 0.692515
vt 0.673424 0.441624
vt 0.665796 0.439047
vt 0.668220 0.432744
vt 0.676094 0.434504
vt 0.896757 0.559439
vt 0.897976 0.547598
vt 0.713813 0.403838
vt 0.713205 0.420720
vt 0.676147 0.503912
vt 0.684893 0.499941
vt 0.688549 0.517291
vt 0.683329 0.519017
vt 0.664959 0.667675
vt 0.669568 0.668398
vt 0.667505 0.681578
vt 0.662499 0.680904
vt 0.744641 0.635308
vt 0.922243 0.321568
vt 0.931603 0.320908
vt 0.691254 0.089624
vt 0.759512 0.086223
vt 0.250286 0.669796
vt 0.250269 0.680404
vt 0.145930 0.680081
vt 0.145936 0.674230
vt 0.943643 0.480658
vt 0.940128 0.481398
vt 0.682569 0.886193
vt 0.676514 0.907552
vt 0.676881 0.896895
vt 0.881346 0.359583
vt 0.882018 0.350114
vt 0.933013 0.385275
vt 0.252371 0.206719
vt 0.148038 0.205904
vt 0.006704 0.472588
vt 0.002601 0.472593
vt 0.002685 0.467444
vt 0.006770 0.467402
vt 0.958988 0.143033
vt 0.971737 0.142757
vt 0.843980 0.969395
vt 0.780212 0.968603
vt 0.882202 0.388114
vt 0.838742 0.661896
vt 0.837772 0.657347
vt 0.847069 0.655094
vt 0.885673 0.570141
vt 0.886421 0.563944
vt 0.871442 0.058721
vt 0.846459 0.426368
vt 0.831852 0.426614
vt 0.660217 0.694096
vt 0.665109 0.694687
vt 0.974127 0.956024
vt 0.970515 0.328227
vt 0.980896 0.329177
vt 0.918540 0.425005
vt 0.958909 0.525102
vt 0.956714 0.522255
vt 0.959496 0.521005
vt 0.962457 0.523297
vt 0.145949 0.668711
vt 0.146007 0.652262
vt 0.784576 0.399622
vt 0.766643 0.398939
vt 0.750639 0.658763
vt 0.950609 0.579664
vt 0.905843 0.483998
vt 0.905309 0.466324
vt 0.626131 0.908084
vt 0.513127 0.905007
vt 0.627269 0.872424
vt 0.006465 0.728230
vt 0.145942 0.724672
vt 0.893610 0.293417
vt 0.925839 0.286682
vt 0.926145 0.293546
vt 0.842161 0.954043
vt 0.875275 0.768765
vt 0.355511 0.555600
vt 0.355694 0.566711
vt 0.665734 0.375545
vt 0.669653 0.382617
vt 0.657237 0.378774
vt 0.669647 0.784923
vt 0.369745 0.351040
vt 0.511286 0.343662
vt 0.512173 0.389054
vt 0.370809 0.391222
vt 0.964983 0.633035
vt 0.965310 0.642711
vt 0.900336 0.438216
vt 0.900124 0.448871
vt 0.947980 0.859440
vt 0.949917 0.886567
vt 0.913115 0.776297
vt 0.851609 0.688395
vt 0.841955 0.671319
vt 0.861580 0.672467
vt 0.865126 0.681241
vt 0.747994 0.553385
vt 0.747896 0.530163
vt 0.706398 0.507068
vt 0.703462 0.496620
vt 0.707598 0.495411
vt 0.146162 0.967578
vt 0.146118 0.950289
vt 0.665901 0.477003
vt 0.669449 0.469757
vt 0.673945 0.471486
vt 0.920992 0.143791
vt 0.946281 0.143265
vt 0.947436 0.180787
vt 0.964524 0.623566
vt 0.877213 0.074899
vt 0.901672 0.328254
vt 0.905953 0.328354
vt 0.687423 0.952168
vt 0.685752 0.956253
vt 0.365094 0.084039
vt 0.363589 0.061323
vt 0.697961 0.750327
vt 0.697361 0.744105
vt 0.356946 0.644026
vt 0.357041 0.649635
vt 0.707016 0.646404
vt 0.702231 0.646045
vt 0.708601 0.632511
vt 0.668603 0.615399
vt 0.659587 0.614846
vt 0.879237 0.986798
vt 0.713085 0.632875
vt 0.645761 0.921004
vt 0.904646 0.667065
vt 0.903936 0.658039
vt 0.682298 0.696577
vt 0.677986 0.695933
vt 0.677702 0.687462
vt 0.682297 0.688033
vt 0.783308 0.755300
vt 0.909794 0.349656
vt 0.910290 0.337937
vt 0.767088 0.638481
vt 0.711555 0.646732
vt 0.782509 0.424176
vt 0.782218 0.436203
vt 0.764029 0.432486
vt 0.945044 0.086119
vt 0.975009 0.848643
vt 0.691704 0.769021
vt 0.697013 0.767876
vt 0.762335 0.515358
vt 0.764379 0.508019
vt 0.769090 0.509087
vt 0.766776 0.516316
vt 0.870973 0.479659
vt 0.661913 0.475921
vt 0.664713 0.468156
vt 0.734387 0.512541
vt 0.734328 0.523731
vt 0.840708 0.820633
vt 0.701147 0.377025
vt 0.690729 0.375459
vt 0.698664 0.371809
vt 0.345541 0.460192
vt 0.345693 0.448930
vt 0.354614 0.448978
vt 0.354566 0.460243
vt 0.939277 0.447616
vt 0.948193 0.446454
vt 0.695725 0.674981
vt 0.698744 0.684394
vt 0.694657 0.684611
vt 0.954795 0.421058
vt 0.704541 0.529724
vt 0.702676 0.562943
vt 0.780437 0.963557
vt 0.682090 0.772818
vt 0.507462 0.012599
vt 0.361523 0.020814
vt 0.361131 0.009543
vt 0.507385 0.000977
vt 0.941361 0.490825
vt 0.877196 0.349957
vt 0.877835 0.335755
vt 0.882464 0.336018
vt 0.680101 0.768025
vt 0.689814 0.763852
vt 0.250264 0.691131
vt 0.250268 0.696528
vt 0.145926 0.696911
vt 0.145925 0.691365
vt 0.679189 0.958433
vt 0.683647 0.960816
vt 0.681471 0.965837
vt 0.676135 0.962978
vt 0.681935 0.953396
vt 0.779301 0.640323
vt 0.724988 0.647355
vt 0.720547 0.647860
vt 0.661864 0.724631
vt 0.675103 0.955650
vt 0.677692 0.951555
vt 0.356311 0.605077
vt 0.356278 0.594093
vt 0.676851 0.721344
vt 0.682868 0.727455
vt 0.710567 0.664636
vt 0.711241 0.651410
vt 0.674941 0.968778
vt 0.679730 0.971329
vt 0.671460 0.959557
vt 0.695065 0.670614
vt 0.686589 0.670469
vt 0.660723 0.667039
vt 0.652331 0.665553
vt 0.513877 0.804978
vt 0.627316 0.806533
vt 0.627096 0.812380
vt 0.513819 0.810856
vt 0.793226 0.348381
vt 0.793526 0.352906
vt 0.783940 0.349201
vt 0.671609 0.952637
vt 0.006863 0.887452
vt 0.003639 0.058769
vt 0.346234 0.666719
vt 0.148097 0.170191
vt 0.148091 0.181957
vt 0.677520 0.975963
vt 0.672544 0.973247
vt 0.667559 0.955596
vt 0.252528 0.101982
vt 0.252563 0.047639
vt 0.794532 0.374810
vt 0.665235 0.641056
vt 0.657189 0.639858
vt 0.658563 0.627319
vt 0.667115 0.628160
vt 0.867250 0.349618
vt 0.888510 0.585063
vt 0.883707 0.585551
vt 0.890419 0.570812
vt 0.840405 0.858631
vt 0.664779 0.699202
vt 0.664918 0.703818
vt 0.660048 0.701589
vt 0.659888 0.698678
vt 0.252388 0.201214
vt 0.348982 0.200476
vt 0.349132 0.205874
vt 0.669757 0.977744
vt 0.675270 0.980787
vt 0.667747 0.970160
vt 0.671516 0.966582
vt 0.663259 0.958792
vt 0.667216 0.963013
vt 0.663258 0.966196
vt 0.899683 0.657957
vt 0.900810 0.667049
vt 0.897050 0.667307
vt 0.895305 0.658440
vt 0.921763 0.424811
vt 0.764066 0.436766
vt 0.783029 0.444244
vt 0.764557 0.445300
vt 0.664150 0.934447
vt 0.685974 0.367004
vt 0.887204 0.336322
vt 0.891854 0.336789
vt 0.668089 0.140854
vt 0.667610 0.092120
vt 0.666727 0.982591
vt 0.673574 0.986317
vt 0.664166 0.974255
vt 0.659048 0.961604
vt 0.659307 0.969608
vt 0.876550 0.145173
vt 0.357827 0.760511
vt 0.842148 0.959260
vt 0.780663 0.958497
vt 0.843420 0.759990
vt 0.832782 0.755480
vt 0.844099 0.755446
vt 0.691978 0.917791
vt 0.658718 0.935877
vt 0.671094 0.457424
vt 0.676360 0.459483
vt 0.671577 0.466183
vt 0.666822 0.464486
vt 0.845343 0.745924
vt 0.749635 0.374611
vt 0.748547 0.368395
vt 0.751891 0.362807
vt 0.753640 0.372904
vt 0.001436 0.291711
vt 0.000977 0.219723
vt 0.005777 0.219820
vt 0.005314 0.274351
vt 0.660710 0.978053
vt 0.654687 0.964631
vt 0.655393 0.973052
vt 0.688833 0.451246
vt 0.679311 0.456325
vt 0.684282 0.449398
vt 0.706486 0.664490
vt 0.706692 0.651096
vt 0.709913 0.524059
vt 0.711101 0.512413
vt 0.910582 0.484058
vt 0.668456 0.918355
vt 0.943995 0.528580
vt 0.938550 0.536153
vt 0.653316 0.937591
vt 0.665212 0.075054
vt 0.666359 0.080535
vt 0.867357 0.359299
vt 0.876782 0.359455
vt 0.905834 0.360060
vt 0.900699 0.360048
vt 0.251097 0.482209
vt 0.251073 0.487720
vt 0.146803 0.488030
vt 0.146805 0.483041
vt 0.650414 0.967713
vt 0.655114 0.141209
vt 0.880664 0.293468
vt 0.849297 0.291861
vt 0.901291 0.981506
vt 0.662268 0.923975
vt 0.661700 0.918455
vt 0.944496 0.587332
vt 0.648871 0.939116
vt 0.958379 0.073846
vt 0.904434 0.427397
vt 0.899822 0.427648
vt 0.900301 0.388096
vt 0.904674 0.387908
vt 0.842048 0.964411
vt 0.762704 0.471872
vt 0.751473 0.475539
vt 0.752605 0.465977
vt 0.759672 0.463973
vt 0.693416 0.886293
vt 0.882265 0.557799
vt 0.656902 0.924915
vt 0.638752 0.314286
vt 0.635774 0.305681
vt 0.869612 0.584785
vt 0.878997 0.585429
vt 0.643576 0.940531
vt 0.354906 0.304710
vt 0.928914 0.424347
vt 0.663359 0.352641
vt 0.666275 0.359061
vt 0.662768 0.360795
vt 0.660030 0.353838
vt 0.856176 0.426497
vt 0.911870 0.584313
vt 0.965024 0.417681
vt 0.965014 0.435574
vt 0.651291 0.925960
vt 0.924575 0.632460
vt 0.927703 0.641411
vt 0.879812 0.257061
vt 0.638855 0.941494
vt 0.346253 0.694547
vt 0.938769 0.437992
vt 0.947477 0.437072
vt 0.666528 0.886175
vt 0.978252 0.944730
vt 0.979635 0.939157
vt 0.646678 0.926911
vt 0.252489 0.135662
vt 0.146758 0.507476
vt 0.634702 0.910101
vt 0.640408 0.921891
vt 0.635683 0.922496
vt 0.649395 0.897438
vt 0.873003 0.526339
vt 0.882771 0.525906
vt 0.882963 0.531394
vt 0.873007 0.531461
vt 0.698416 0.358011
vt 0.702687 0.355020
vt 0.709406 0.363657
vt 0.706001 0.367229
vt 0.641231 0.928044
vt 0.934893 0.482389
vt 0.348163 0.178601
vt 0.357832 0.178730
vt 0.880488 0.436889
vt 0.880246 0.446627
vt 0.870947 0.445990
vt 0.627143 0.502728
vt 0.514693 0.502736
vt 0.513979 0.469000
vt 0.626654 0.468362
vt 0.871283 0.465311
vt 0.880795 0.466021
vt 0.636471 0.928833
vt 0.845537 0.581930
vt 0.847335 0.568869
vt 0.861630 0.570011
vt 0.859722 0.583945
vt 0.007051 0.187543
vt 0.002643 0.187709
vt 0.002481 0.182209
vt 0.775162 0.492177
vt 0.146885 0.449898
vt 0.146847 0.460937
vt 0.006784 0.462143
vt 0.006879 0.451325
vt 0.757708 0.564738
vt 0.674357 0.393540
vt 0.678616 0.392737
vt 0.676617 0.401191
vt 0.357711 0.882497
vt 0.000999 0.214094
vt 0.995366 0.860398
vt 0.994916 0.889362
vt 0.679228 0.520221
vt 0.675118 0.521328
vt 0.678403 0.420049
vt 0.680023 0.718414
vt 0.686564 0.723408
vt 0.677676 0.775192
vt 0.761283 0.996506
vt 0.761711 0.991345
vt 0.620572 0.118168
vt 0.004170 0.997251
vt 0.004269 0.991814
vt 0.007863 0.991884
vt 0.007792 0.997346
vt 0.003126 0.510879
vt 0.007087 0.510841
vt 0.002961 0.521402
vt 0.915752 0.742844
vt 0.001757 0.626509
vt 0.001446 0.615432
vt 0.006049 0.637358
vt 0.001973 0.637344
vt 0.629004 0.725659
vt 0.628316 0.696898
vt 0.251149 0.471121
vt 0.251124 0.476697
vt 0.146809 0.477475
vt 0.146816 0.471963
vt 0.250265 0.685732
vt 0.145926 0.685774
vt 0.653110 0.342883
vt 0.653961 0.347097
vt 0.647203 0.348404
vt 0.646516 0.343814
vt 0.346245 0.688991
vt 0.346245 0.683435
vt 0.992530 0.801994
vt 0.354587 0.499437
vt 0.354526 0.493738
vt 0.146797 0.494119
vt 0.745975 0.437717
vt 0.750332 0.437390
vt 0.899628 0.620313
vt 0.900314 0.612857
vt 0.899065 0.626679
vt 0.677187 0.886170
vt 0.348882 0.222159
vt 0.346800 0.976821
vt 0.250340 0.976703
vt 0.681832 0.392217
vt 0.872771 0.521021
vt 0.882469 0.520229
vt 0.728203 0.405580
vt 0.727340 0.421934
vt 0.885770 0.466621
vt 0.885229 0.447408
vt 0.695296 0.429128
vt 0.699593 0.429857
vt 0.346677 0.982445
vt 0.250347 0.983374
vt 0.006103 0.717206
vt 0.728704 0.457878
vt 0.724365 0.457626
vt 0.961862 0.327593
vt 0.667705 0.370556
vt 0.664269 0.363769
vt 0.705144 0.484717
vt 0.694399 0.361287
vt 0.955864 0.886514
vt 0.666264 0.907623
vt 0.963706 0.614551
vt 0.929774 0.483153
vt 0.649377 0.472879
vt 0.657048 0.474848
vt 0.656463 0.479231
vt 0.648552 0.477873
vt 0.901293 0.986663
vt 0.920186 0.985448
vt 0.953304 0.859198
vt 0.358923 0.023250
vt 0.359058 0.012143
vt 0.734327 0.396559
vt 0.733262 0.406227
vt 0.728902 0.399961
vt 0.994683 0.900884
vt 0.683850 0.435963
vt 0.686289 0.427818
vt 0.690693 0.428375
vt 0.742141 0.657820
vt 0.746422 0.658376
vt 0.345186 0.482423
vt 0.345085 0.488032
vt 0.885381 0.437437
vt 0.885166 0.427361
vt 0.947899 0.848912
vt 0.947332 0.822206
vt 0.682818 0.427743
vt 0.677767 0.427246
vt 0.995287 0.847187
vt 0.146214 0.981217
vt 0.146190 0.975856
vt 0.846237 0.740254
vt 0.875474 0.740828
vt 0.875583 0.746161
vt 0.659850 0.466459
vt 0.652781 0.463844
vt 0.671368 0.386199
vt 0.675471 0.385011
vt 0.734769 0.552308
vt 0.730242 0.552018
vt 0.729663 0.528424
vt 0.734233 0.528574
vt 0.651901 0.334171
vt 0.652462 0.338590
vt 0.645798 0.339409
vt 0.645087 0.335086
vt 0.356490 0.616132
vt 0.356671 0.627269
vt 0.684565 0.490101
vt 0.889083 0.643498
vt 0.893675 0.643147
vt 0.894652 0.653647
vt 0.890257 0.654638
vt 0.867959 0.560703
vt 0.866373 0.570322
vt 0.863326 0.559928
vt 0.004026 0.986379
vt 0.007672 0.986438
vt 0.676144 0.468208
vt 0.656439 0.483495
vt 0.647830 0.482929
vt 0.668751 0.490115
vt 0.669067 0.486306
vt 0.356761 0.632841
vt 0.953424 0.848687
vt 0.348033 0.034470
vt 0.654558 0.728444
vt 0.652095 0.723827
vt 0.659782 0.720355
vt 0.694898 0.762440
vt 0.926903 0.623196
vt 0.921579 0.623772
vt 0.357327 0.666464
vt 0.357513 0.677717
vt 0.346251 0.677928
vt 0.738021 0.406651
vt 0.736839 0.422387
vt 0.732111 0.422232
vt 0.910143 0.328181
vt 0.915840 0.624692
vt 0.624882 0.249895
vt 0.509970 0.251982
vt 0.509647 0.223631
vt 0.624935 0.220639
vt 0.363093 0.049600
vt 0.507653 0.041103
vt 0.693425 0.757099
vt 0.661237 0.479965
vt 0.695229 0.530322
vt 0.693278 0.515801
vt 0.702088 0.513467
vt 0.704283 0.524256
vt 0.006405 0.003078
vt 0.010027 0.003248
vt 0.251262 0.449024
vt 0.251340 0.432459
vt 0.660993 0.483986
vt 0.699498 0.269145
vt 0.677179 0.380336
vt 0.673435 0.372775
vt 0.667375 0.402790
vt 0.664998 0.396252
vt 0.742774 0.406927
vt 0.741526 0.422532
vt 0.677944 0.763091
vt 0.687926 0.758602
vt 0.666094 0.897016
vt 0.252425 0.179629
vt 0.252442 0.168882
vt 0.940417 0.360378
vt 0.691724 0.751222
vt 0.699227 0.497810
vt 0.689517 0.499340
vt 0.688996 0.497713
vt 0.697202 0.492017
vt 0.660810 0.487891
vt 0.656113 0.487737
vt 0.665463 0.481095
vt 0.665124 0.484952
vt 0.957515 0.536935
vt 0.962269 0.538977
vt 0.957811 0.546283
vt 0.952590 0.543860
vt 0.689656 0.745116
vt 0.678308 0.443102
vt 0.898115 0.531839
vt 0.903839 0.532470
vt 0.665758 0.302306
vt 0.660950 0.491744
vt 0.656059 0.491926
vt 0.665004 0.489123
vt 0.942668 0.605035
vt 0.664711 0.783420
vt 0.655185 0.698245
vt 0.646480 0.697920
vt 0.756572 0.455654
vt 0.760257 0.450234
vt 0.761161 0.454531
vt 0.146268 0.991727
vt 0.146296 0.997202
vt 0.675471 0.770112
vt 0.681784 0.444053
vt 0.665086 0.491108
vt 0.689701 0.718940
vt 0.682414 0.714565
vt 0.684250 0.710475
vt 0.692259 0.713965
vt 0.368012 0.470099
vt 0.971350 0.068985
vt 0.958721 0.067121
vt 0.960213 0.059992
vt 0.973720 0.062786
vt 0.666726 0.778604
vt 0.671565 0.780306
vt 0.674187 0.777293
vt 0.671177 0.773877
vt 0.659814 0.781697
vt 0.677105 0.747821
vt 0.682960 0.745272
vt 0.673296 0.765906
vt 0.654635 0.315979
vt 0.654955 0.324945
vt 0.655774 0.702727
vt 0.646701 0.703230
vt 0.670228 0.320643
vt 0.664549 0.315716
vt 0.670170 0.316106
vt 0.662423 0.777311
vt 0.655667 0.779399
vt 0.148060 0.200360
vt 0.148075 0.194868
vt 0.252400 0.195793
vt 0.670169 0.762063
vt 0.751586 0.479925
vt 0.752370 0.488476
vt 0.747882 0.488871
vt 0.747466 0.480567
vt 0.678787 0.384190
vt 0.693905 0.453459
vt 0.683676 0.382871
vt 0.002573 0.728490
vt 0.002094 0.717389
vt 0.359341 0.200263
vt 0.358881 0.205714
vt 0.658460 0.774659
vt 0.651302 0.776872
vt 0.672628 0.682356
vt 0.669980 0.750217
vt 0.883779 0.326392
vt 0.888543 0.326873
vt 0.666902 0.758136
vt 0.665752 0.765982
vt 0.669360 0.769365
vt 0.978375 0.218668
vt 0.978180 0.180535
vt 0.712481 0.432141
vt 0.705378 0.375289
vt 0.710837 0.375735
vt 0.661952 0.770303
vt 0.666098 0.773165
vt 0.654316 0.772233
vt 0.644211 0.779749
vt 0.648600 0.771413
vt 0.663618 0.754334
vt 0.661952 0.762494
vt 0.707181 0.489890
vt 0.702609 0.492268
vt 0.701124 0.488277
vt 0.657642 0.767166
vt 0.658193 0.759083
vt 0.713599 0.482223
vt 0.712930 0.488457
vt 0.674039 0.669090
vt 0.960473 0.565287
vt 0.968925 0.568596
vt 0.653441 0.764652
vt 0.677231 0.344792
vt 0.684067 0.349704
vt 0.001712 0.685750
vt 0.005818 0.685702
vt 0.898252 0.643108
vt 0.899100 0.653200
vt 0.714317 0.475641
vt 0.931936 0.984134
vt 0.712314 0.494628
vt 0.711553 0.506498
vt 0.718049 0.482399
vt 0.717434 0.488553
vt 0.001344 0.604295
vt 0.654922 0.351248
vt 0.656355 0.355203
vt 0.649160 0.357681
vt 0.648177 0.353007
vt 0.718671 0.476109
vt 0.831441 0.579360
vt 0.928651 0.438765
vt 0.717034 0.494629
vt 0.939934 0.326133
vt 0.721619 0.488736
vt 0.722078 0.482555
vt 0.664911 0.324843
vt 0.670101 0.325111
vt 0.735141 0.561769
vt 0.716413 0.506493
vt 0.357228 0.982749
vt 0.357135 0.988338
vt 0.346556 0.987966
vt 0.719747 0.463573
vt 0.719134 0.469803
vt 0.722739 0.476161
vt 0.717069 0.432786
vt 0.721915 0.433282
vt 0.726082 0.482970
vt 0.725787 0.489038
vt 0.723963 0.463678
vt 0.723399 0.469774
vt 0.727349 0.475656
vt 0.002588 0.749081
vt 0.706261 0.512736
vt 0.730143 0.489206
vt 0.730117 0.483597
vt 0.357230 0.660846
vt 0.923744 0.495014
vt 0.669780 0.420031
vt 0.728220 0.469275
vt 0.728521 0.463525
vt 0.729762 0.478356
vt 0.741230 0.432846
vt 0.736579 0.432939
vt 0.759759 0.445840
vt 0.734281 0.483814
vt 0.734515 0.489186
vt 0.349060 0.211285
vt 0.724812 0.653955
vt 0.729155 0.655206
vt 0.733313 0.463369
vt 0.733264 0.468712
vt 0.733976 0.478742
vt 0.734654 0.494669
vt 0.738723 0.483540
vt 0.738953 0.489217
vt 0.955540 0.563472
vt 0.738193 0.468074
vt 0.738187 0.462976
vt 0.738538 0.478218
vt 0.743201 0.483504
vt 0.658272 0.715829
vt 0.650190 0.718862
vt 0.967212 0.540839
vt 0.972488 0.542577
vt 0.968185 0.550505
vt 0.963062 0.548544
vt 0.680531 0.435464
vt 0.742846 0.462564
vt 0.742997 0.467524
vt 0.747518 0.476280
vt 0.747697 0.466829
vt 0.743047 0.477274
vt 0.759403 0.432620
vt 0.734772 0.500704
vt 0.682682 0.643370
vt 0.656471 0.842027
vt 0.354641 0.443402
vt 0.747598 0.461977
vt 0.752656 0.526363
vt 0.846513 0.326273
vt 0.846423 0.311827
vt 0.956285 0.486282
vt 0.734972 0.557057
vt 0.748342 0.558289
vt 0.669341 0.641570
vt 0.693808 0.986417
vt 0.651081 0.329750
vt 0.644053 0.330918
vt 0.673733 0.381301
vt 0.002698 0.462204
vt 0.752453 0.461264
vt 0.752031 0.456544
vt 0.510734 0.309292
vt 0.510996 0.326486
vt 0.368034 0.327664
vt 0.367836 0.310988
vt 0.950666 0.284429
vt 0.951596 0.290554
vt 0.752699 0.492580
vt 0.725234 0.531114
vt 0.359070 0.194884
vt 0.348800 0.195045
vt 0.920422 0.495674
vt 0.656349 0.706845
vt 0.657313 0.711241
vt 0.648420 0.713778
vt 0.647382 0.708503
vt 0.251205 0.459965
vt 0.251176 0.465537
vt 0.146829 0.466451
vt 0.765540 0.500605
vt 0.752937 0.500497
vt 0.752855 0.496593
vt 0.766085 0.496846
vt 0.750360 0.432708
vt 0.745890 0.432774
vt 0.866032 0.607924
vt 0.861235 0.607460
vt 0.864192 0.588813
vt 0.868824 0.589505
vt 0.757714 0.459901
vt 0.757690 0.560047
vt 0.752987 0.558814
vt 0.836987 0.326944
vt 0.836778 0.311450
vt 0.893152 0.327599
vt 0.897392 0.328060
vt 0.723429 0.399008
vt 0.762243 0.458738
vt 0.357664 0.688746
vt 0.357723 0.694323
vt 0.669731 0.374068
vt 0.911851 0.587995
vt 0.906903 0.590994
vt 0.743761 0.397183
vt 0.748474 0.397405
vt 0.628775 0.737263
vt 0.628475 0.766593
vt 0.358042 0.068372
vt 0.690976 0.357481
vt 0.765802 0.453690
vt 0.763808 0.462840
vt 0.368873 0.254312
vt 0.369524 0.226459
vt 0.849545 0.350304
vt 0.767738 0.286646
vt 0.736616 0.286300
vt 0.693076 0.991981
vt 0.659131 0.315702
vt 0.659665 0.324835
vt 0.629766 0.154077
vt 0.765067 0.449523
vt 0.975380 0.385813
vt 0.945951 0.130736
vt 0.969760 0.075006
vt 0.853303 0.531613
vt 0.853471 0.527361
vt 0.868010 0.526673
vt 0.867919 0.531537
vt 0.748044 0.525737
vt 0.345286 0.476906
vt 0.002345 0.500240
vt 0.986055 0.263993
vt 0.991723 0.266134
vt 0.985166 0.279088
vt 0.980379 0.275723
vt 0.731272 0.380611
vt 0.730360 0.391305
vt 0.734872 0.391798
vt 0.759448 0.437014
vt 0.784736 0.468278
vt 0.786189 0.485021
vt 0.783914 0.407829
vt 0.784040 0.452228
vt 0.770770 0.497086
vt 0.625204 0.388606
vt 0.623009 0.343030
vt 0.783584 0.448237
vt 0.864128 0.636031
vt 0.863975 0.631099
vt 0.873969 0.629631
vt 0.873928 0.634441
vt 0.252410 0.190346
vt 0.345465 0.465806
vt 0.345385 0.471371
vt 0.981778 0.086838
vt 0.978926 0.075297
vt 0.983363 0.073370
vt 0.354489 0.488110
vt 0.354488 0.482493
vt 0.357304 0.977166
vt 0.686810 0.345961
vt 0.678095 0.340375
vt 0.678958 0.335985
vt 0.686917 0.339626
vt 0.659266 0.362960
vt 0.643917 0.092584
vt 0.641477 0.141333
vt 0.635275 0.141175
vt 0.637691 0.091407
vt 0.736215 0.379578
vt 0.856611 0.465109
vt 0.856412 0.445188
vt 0.739602 0.392229
vt 0.740870 0.378650
vt 0.786607 0.492617
vt 0.693919 0.353947
vt 0.690005 0.342642
vt 0.696360 0.350047
vt 0.770091 0.501522
vt 0.988173 0.070540
vt 0.726094 0.556734
vt 0.725570 0.551834
vt 0.730574 0.556758
vt 0.928848 0.448793
vt 0.929746 0.467721
vt 0.971599 0.499897
vt 0.358706 0.034389
vt 0.658729 0.350145
vt 0.723254 0.373555
vt 0.727252 0.375060
vt 0.717914 0.376945
vt 0.713887 0.368578
vt 0.719133 0.371554
vt 0.709303 0.372089
vt 0.739052 0.396924
vt 0.623687 0.191861
vt 0.795347 0.514453
vt 0.782310 0.511648
vt 0.727505 0.668351
vt 0.722946 0.556871
vt 0.657555 0.346384
vt 0.662472 0.349400
vt 0.728311 0.370288
vt 0.724737 0.368610
vt 0.731806 0.375718
vt 0.721047 0.366692
vt 0.717909 0.364455
vt 0.788774 0.452053
vt 0.789053 0.456003
vt 0.655706 0.093167
vt 0.654442 0.084296
vt 0.984128 0.129812
vt 0.669540 0.426426
vt 0.355050 0.527839
vt 0.957329 0.327198
vt 0.656806 0.342277
vt 0.661479 0.346138
vt 0.859411 0.621268
vt 0.859066 0.631212
vt 0.854156 0.631242
vt 0.854474 0.620870
vt 0.799269 0.493002
vt 0.731956 0.371423
vt 0.727044 0.364257
vt 0.730493 0.365919
vt 0.736315 0.375962
vt 0.002814 0.451386
vt 0.719800 0.359525
vt 0.723433 0.362192
vt 0.967840 0.908749
vt 0.788654 0.448097
vt 0.789308 0.459975
vt 0.670423 0.346286
vt 0.666172 0.346498
vt 0.866330 0.545942
vt 0.864276 0.555243
vt 0.850109 0.552756
vt 0.864547 0.641253
vt 0.874222 0.639596
vt 0.947485 0.508262
vt 0.962183 0.773696
vt 0.656317 0.338103
vt 0.660851 0.342152
vt 0.838655 0.516380
vt 0.838818 0.520088
vt 0.735821 0.372313
vt 0.734135 0.367652
vt 0.729805 0.360425
vt 0.733506 0.362367
vt 0.740574 0.374300
vt 0.753187 0.397795
vt 0.722374 0.355358
vt 0.726030 0.358231
vt 0.798154 0.448012
vt 0.788780 0.441294
vt 0.679418 0.331285
vt 0.688239 0.334670
vt 0.665550 0.342062
vt 0.670014 0.342186
vt 0.367440 0.647113
vt 0.872545 0.515795
vt 0.882197 0.514992
vt 0.898078 0.747034
vt 0.928652 0.516123
vt 0.921455 0.513638
vt 0.759337 0.338982
vt 0.759775 0.343309
vt 0.750674 0.344326
vt 0.749837 0.340038
vt 0.973256 0.443337
vt 0.973241 0.435272
vt 0.146240 0.986365
vt 0.655826 0.333783
vt 0.660345 0.337923
vt 0.737494 0.369500
vt 0.739659 0.370629
vt 0.736791 0.364167
vt 0.732778 0.356754
vt 0.736399 0.358697
vt 0.744879 0.371905
vt 0.762159 0.398560
vt 0.725283 0.351865
vt 0.728844 0.354667
vt 0.701394 0.351286
vt 0.705670 0.348374
vt 0.845641 0.633177
vt 0.967570 0.271952
vt 0.975030 0.279120
vt 0.680740 0.316834
vt 0.686250 0.317523
vt 0.686452 0.323682
vt 0.680455 0.321671
vt 0.669749 0.338048
vt 0.665162 0.337883
vt 0.674226 0.343294
vt 0.822470 0.650683
vt 0.836443 0.648320
vt 0.799165 0.280039
vt 0.729658 0.678441
vt 0.726636 0.672772
vt 0.799485 0.292927
vt 0.799576 0.286364
vt 0.686587 0.684073
vt 0.655210 0.329410
vt 0.659946 0.333572
vt 0.740218 0.366560
vt 0.700578 0.347742
vt 0.701895 0.343672
vt 0.742390 0.368066
vt 0.739744 0.360895
vt 0.736661 0.352866
vt 0.739661 0.355118
vt 0.728163 0.348627
vt 0.731483 0.351442
vt 0.709762 0.345894
vt 0.698180 0.345756
vt 0.674122 0.338925
vt 0.669756 0.333825
vt 0.664951 0.333573
vt 0.749960 0.335810
vt 0.659657 0.329241
vt 0.742655 0.363306
vt 0.705110 0.344002
vt 0.707696 0.342090
vt 0.742912 0.357280
vt 0.740019 0.349525
vt 0.742830 0.351637
vt 0.731295 0.345729
vt 0.734100 0.348887
vt 0.712736 0.342646
vt 0.674473 0.334599
vt 0.664866 0.329235
vt 0.669895 0.329507
vt 0.839197 0.527555
vt 0.974562 0.459223
vt 0.744875 0.360336
vt 0.709944 0.339135
vt 0.746085 0.353526
vt 0.737099 0.346189
vt 0.906177 0.323823
vt 0.909731 0.323438
vt 0.923608 0.562553
vt 0.648481 0.141290
vt 0.649838 0.093147
vt 0.734792 0.343233
vt 0.715377 0.338931
vt 0.692069 0.335821
vt 0.752044 0.357644
vt 0.747635 0.361647
vt 0.747533 0.357824
vt 0.680031 0.326514
vt 0.689220 0.329917
vt 0.674716 0.330169
vt 0.250359 0.989029
vt 0.148085 0.189317
vt 0.148498 0.004293
vt 0.148475 0.011823
vt 0.746596 0.357995
vt 0.712170 0.335795
vt 0.902236 0.323220
vt 0.914213 0.323037
vt 0.892897 0.531589
vt 0.917892 0.322361
vt 0.719040 0.335774
vt 0.693844 0.331298
vt 0.761102 0.356755
vt 0.747273 0.353067
vt 0.675045 0.325721
vt 0.623388 0.331827
vt 0.511080 0.332272
vt 0.624008 0.326090
vt 0.357590 0.683199
vt 0.714849 0.332372
vt 0.898109 0.323212
vt 0.722113 0.333225
vt 0.366539 0.907283
vt 0.694337 0.327208
vt 0.690066 0.325559
vt 0.746962 0.348420
vt 0.675383 0.321131
vt 0.882966 0.547457
vt 0.006765 0.434860
vt 0.146951 0.433220
vt 0.684963 0.307843
vt 0.688830 0.306234
vt 0.689549 0.310257
vt 0.684569 0.311683
vt 0.894253 0.322805
vt 0.691336 0.321604
vt 0.695740 0.323885
vt 0.747704 0.344122
vt 0.691095 0.315250
vt 0.694749 0.318800
vt 0.675411 0.316510
vt 0.904809 0.438263
vt 0.514878 0.514110
vt 0.626720 0.514295
vt 0.626743 0.520105
vt 0.514940 0.519832
vt 0.869486 0.679161
vt 0.865925 0.670450
vt 0.357847 0.710762
vt 0.357849 0.721827
vt 0.693069 0.304811
vt 0.693831 0.308809
vt 0.889433 0.322122
vt 0.361716 0.826353
vt 0.793679 0.357412
vt 0.699544 0.321571
vt 0.679806 0.311870
vt 0.695465 0.312827
vt 0.698102 0.315841
vt 0.653222 0.510264
vt 0.650768 0.502058
vt 0.252456 0.158031
vt 0.148116 0.159054
vt 0.690679 0.530952
vt 0.884752 0.321603
vt 0.981385 0.256435
vt 0.984538 0.218950
vt 0.990933 0.219245
vt 0.987218 0.257817
vt 0.678705 0.308683
vt 0.682273 0.306866
vt 0.678153 0.305353
vt 0.682304 0.302725
vt 0.676739 0.300599
vt 0.701797 0.318237
vt 0.357520 0.949402
vt 0.357780 0.699841
vt 0.357678 0.173181
vt 0.363451 0.503446
vt 0.514815 0.508306
vt 0.363157 0.509148
vt 0.002638 0.434899
vt 0.002673 0.445896
vt 0.891032 0.659284
vt 0.893337 0.668432
vt 0.915882 0.496001
vt 0.915696 0.514048
vt 0.798323 0.455562
vt 0.975421 0.255485
vt 0.904695 0.449190
vt 0.940652 0.517582
vt 0.931470 0.520251
vt 0.794091 0.366229
vt 0.361319 0.808683
vt 0.361773 0.802990
vt 0.661190 0.284652
vt 0.672797 0.293433
vt 0.659050 0.290070
vt 0.976793 0.520329
vt 0.976327 0.515912
vt 0.985414 0.515846
vt 0.985523 0.521007
vt 0.919890 0.633798
vt 0.915518 0.635924
vt 0.912145 0.631868
vt 0.825246 0.665291
vt 0.824187 0.660408
vt 0.849369 0.556803
vt 0.838424 0.512680
vt 0.845862 0.646736
vt 0.898320 0.741783
vt 0.823170 0.329536
vt 0.933963 0.448278
vt 0.716245 0.647204
vt 0.148453 0.019164
vt 0.647725 0.488063
vt 0.648193 0.493255
vt 0.367330 0.112245
vt 0.807338 0.352829
vt 0.807585 0.357481
vt 0.702437 0.669019
vt 0.706656 0.668674
vt 0.698559 0.669831
vt 0.736620 0.292667
vt 0.698897 0.293546
vt 0.710470 0.668815
vt 0.706829 0.672716
vt 0.703011 0.673232
vt 0.359093 0.006577
vt 0.723262 0.667215
vt 0.699364 0.673988
vt 0.933711 0.438437
vt 0.714351 0.669475
vt 0.710308 0.673040
vt 0.718440 0.670416
vt 0.713901 0.673711
vt 0.346413 0.993578
vt 0.250372 0.994686
vt 0.726819 0.055527
vt 0.369028 0.345201
vt 0.511177 0.338000
vt 0.722546 0.671528
vt 0.717635 0.674633
vt 0.355234 0.221676
vt 0.922501 0.643193
vt 0.721466 0.675835
vt 0.657999 0.525115
vt 0.917149 0.659644
vt 0.839110 0.523833
vt 0.725485 0.677122
vt 0.660280 0.704549
vt 0.669522 0.699364
vt 0.686717 0.688606
vt 0.976075 0.511569
vt 0.984954 0.510572
vt 0.979814 0.497429
vt 0.695270 0.689314
vt 0.699556 0.689285
vt 0.902594 0.637698
vt 0.906526 0.637834
vt 0.661274 0.709731
vt 0.669652 0.703505
vt 0.673682 0.699555
vt 0.677782 0.700038
vt 0.357020 0.993845
vt 0.978094 0.142599
vt 0.651723 0.079162
vt 0.898308 0.637705
vt 0.907633 0.632072
vt 0.902952 0.631974
vt 0.662521 0.714243
vt 0.665765 0.708495
vt 0.673677 0.703569
vt 0.670063 0.707608
vt 0.681960 0.700809
vt 0.677441 0.704073
vt 0.664284 0.718498
vt 0.893576 0.637794
vt 0.898625 0.632217
vt 0.909348 0.638703
vt 0.666817 0.712740
vt 0.674511 0.707553
vt 0.671012 0.711360
vt 0.681338 0.704953
vt 0.677346 0.708203
vt 0.668528 0.716664
vt 0.699964 0.703935
vt 0.700339 0.699097
vt 0.888839 0.638066
vt 0.893755 0.632435
vt 0.674690 0.711293
vt 0.672702 0.714609
vt 0.680187 0.708890
vt 0.879057 0.627894
vt 0.874272 0.622128
vt 0.879330 0.622347
vt 0.698981 0.708684
vt 0.002837 0.870819
vt 0.658067 0.276609
vt 0.658816 0.268180
vt 0.663054 0.279334
vt 0.888839 0.632762
vt 0.894057 0.627176
vt 0.674393 0.718240
vt 0.806643 0.334467
vt 0.806741 0.339168
vt 0.792909 0.339309
vt 0.792702 0.334662
vt 0.855226 0.644877
vt 0.883996 0.638427
vt 0.883907 0.633148
vt 0.889066 0.627513
vt 0.894363 0.622033
vt 0.678787 0.712592
vt 0.879102 0.638897
vt 0.878930 0.633648
vt 0.884062 0.627768
vt 0.676970 0.715854
vt 0.696072 0.716370
vt 0.693488 0.721156
vt 0.687308 0.054093
vt 0.827418 0.604351
vt 0.841922 0.605863
vt 0.975702 0.534158
vt 0.984219 0.536311
vt 0.982959 0.541290
vt 0.974123 0.538329
vt 0.690302 0.725801
vt 0.807671 0.366654
vt 0.807338 0.375811
vt 0.359100 0.001024
vt 0.686481 0.730277
vt 0.366211 0.993549
vt 0.366415 0.953049
vt 0.512765 0.950958
vt 0.512433 0.990991
vt 0.363374 0.514679
vt 0.789560 0.468110
vt 0.799611 0.484309
vt 0.856401 0.607059
vt 0.981296 0.546066
vt 0.976885 0.554287
vt 0.625922 0.954532
vt 0.512856 0.939546
vt 0.626105 0.942959
vt 0.859775 0.642029
vt 0.859307 0.636538
vt 0.895153 0.612247
vt 0.902469 0.590816
vt 0.363810 0.525682
vt 0.363640 0.520220
vt 0.897569 0.590543
vt 0.767662 0.292626
vt 0.626890 0.508455
vt 0.368649 0.288625
vt 0.510402 0.286319
vt 0.905299 0.566147
vt 0.984189 0.496238
vt 0.975180 0.507597
vt 0.983939 0.505783
vt 0.625444 0.285448
vt 0.864391 0.621627
vt 0.900690 0.565752
vt 0.864930 0.584315
vt 0.924924 0.641888
vt 0.895942 0.565362
vt 0.891222 0.564746
vt 0.928419 0.522596
vt 0.924451 0.519010
vt 0.625281 0.308980
vt 0.905733 0.520030
vt 0.901372 0.520039
vt 0.910330 0.520255
vt 0.643997 0.266106
vt 0.638059 0.267767
vt 0.896957 0.520012
vt 0.921256 0.520704
vt 0.915580 0.520530
vt 0.909847 0.526614
vt 0.904212 0.526216
vt 0.897648 0.525870
vt 0.892238 0.520025
vt 0.920307 0.527450
vt 0.915054 0.526936
vt 0.909372 0.533053
vt 0.985920 0.526164
vt 0.976552 0.524882
vt 0.892660 0.525849
vt 0.887336 0.520091
vt 0.921040 0.534088
vt 0.914949 0.533252
vt 0.358743 0.210901
vt 0.625903 0.400149
vt 0.626218 0.434148
vt 0.003054 0.887468
vt 0.887734 0.525822
vt 0.974745 0.075528
vt 0.822454 0.311737
vt 0.887890 0.531462
vt 0.944842 0.514673
vt 0.996819 0.219499
vt 0.995849 0.180375
vt 0.625039 0.994616
vt 0.996967 0.142368
vt 0.368195 0.333536
vt 0.357824 0.134212
vt 0.924156 0.528159
vt 0.838866 0.695243
vt 0.829430 0.678902
vt 0.949389 0.512192
vt 0.947417 0.518540
vt 0.943659 0.521704
vt 0.361131 0.814628
vt 0.976273 0.529456
vt 0.985381 0.531299
vt 0.971038 0.510524
vt 0.959263 0.508268
vt 0.357832 0.743967
vt 0.954126 0.510026
vt 0.951450 0.515933
vt 0.950199 0.522075
vt 0.947048 0.525207
vt 0.972060 0.515541
vt 0.960580 0.512174
vt 0.965787 0.511091
vt 0.955814 0.513822
vt 0.953623 0.519477
vt 0.953375 0.525245
vt 0.950654 0.528351
vt 0.972501 0.519936
vt 0.966757 0.515529
vt 0.961753 0.516055
vt 0.957214 0.517446
vt 0.954670 0.531181
vt 0.956735 0.528010
vt 0.972302 0.524295
vt 0.967340 0.519679
vt 0.962294 0.519841
vt 0.807059 0.348345
vt 0.960869 0.530039
vt 0.959275 0.533473
vt 0.969263 0.536928
vt 0.971722 0.528641
vt 0.967247 0.523675
vt 0.962139 0.526610
vt 0.965716 0.531527
vt 0.964143 0.535311
vt 0.619691 0.015295
vt 0.619766 0.020960
vt 0.970829 0.532875
vt 0.966759 0.527645
vt 0.629235 0.141026
vt 0.631253 0.090191
vt 0.620259 0.003641
vt 0.981369 0.065229
vt 0.977594 0.069938
vt 0.366632 0.941558
vt 0.649575 0.087483
vt 0.620984 0.038086
vt 0.620195 0.026771
vt 0.917712 0.668809
vt 0.362574 0.791312
vt 0.357405 0.965962
vt 0.368100 0.123523
vt 0.993773 0.259163
vt 0.978627 0.284293
vt 0.693448 0.339782
vt 0.623126 0.337489
vt 0.642258 0.079568
vt 0.637423 0.075978
vt 0.639205 0.085281
vt 0.633678 0.082855
vt 0.646678 0.082213
vt 0.644734 0.087264
vt 0.651747 0.269224
vt 0.653720 0.273471
vt 0.651863 0.286416
vt 0.655121 0.281383
vt 0.649823 0.277502
vt 0.645641 0.281400
vt 0.641117 0.274805
vt 0.646369 0.272022
vt 0.691212 0.300723
vt 0.697605 0.712533
vt 0.354544 0.465857
vt 0.354528 0.471411
vt 0.354501 0.476959
vt 0.683631 0.732608
vt 0.357369 0.971606
s 1
usemtl UV
f 196/1/1 185/2/2 197/3/3 210/4/4
f 2275/5/5 2276/6/6 2218/7/7 2217/8/8
f 1/9/9 2/10/10 6/11/11 7/12/12
f 279/13/13 187/14/14 193/15/15 288/16/16
f 25/17/17 17/18/18 26/19/19 39/20/20
f 9/21/21 10/22/22 4/23/23 3/24/24
f 247/25/25 280/26/26 352/27/27 348/28/28
f 5/29/29 12/30/30 6/11/11 2/10/10
f 13/31/31 7/12/12 6/11/11 14/32/32
f 15/33/33 8/34/34 1/9/9 7/12/12
f 360/35/35 365/36/36 355/37/37 348/28/28
f 1394/38/38 1470/39/39 1471/40/40 1393/41/41
f 18/42/42 11/43/43 4/23/23 10/22/22
f 2441/44/44 2277/45/45 2294/46/46 2447/47/47
f 6/11/11 12/30/30 20/48/48 14/32/32
f 15/33/33 7/12/12 13/31/31 21/49/49
f 22/50/50 13/31/31 14/32/32 23/51/51
f 17/18/18 8/34/34 15/33/33 21/49/49
f 44/52/52 32/53/53 19/54/54 29/55/55
f 740/56/56 704/57/57 703/58/58 738/59/59
f 78/60/60 54/61/61 43/62/62 66/63/63
f 2123/64/64 2080/65/65 2079/66/66 2100/67/67
f 201/68/68 165/69/69 164/70/70
f 20/48/48 12/30/30 33/71/71 34/72/72
f 23/51/51 14/32/32 20/48/48 35/73/73
f 21/49/49 13/31/31 22/50/50 36/74/74
f 22/50/50 51/75/75 60/76/76 36/74/74
f 37/77/77 17/18/18 21/49/49 36/74/74
f 38/78/78 24/79/79 16/80/80 25/17/17
f 483/81/81 308/82/82 320/83/83 499/84/84
f 1323/85/85 1614/86/86 1243/87/87 537/88/88
f 40/89/89 41/90/90 28/91/91 27/92/92
f 188/93/93 234/94/94 194/95/95 153/96/96
f 32/53/53 45/97/97 30/98/98 19/54/54
f 31/99/99 30/98/98 46/100/100 33/71/71
f 35/73/73 20/48/48 47/101/101 48/102/102
f 80/103/103 70/104/104 58/105/105 69/106/106
f 86/107/107 61/108/108 38/78/78 39/20/20
f 125/109/109 86/107/107 126/110/110 159/111/111
f 1697/112/112 1658/113/113 1698/114/114 1829/115/115 1876/116/116
f 61/108/108 86/107/107 75/117/117
f 247/25/25 348/28/28 355/37/37 258/118/118
f 573/119/119 590/120/120 2598/121/121 2593/122/122
f 1387/123/123 1282/124/124 1354/125/125 1455/126/126
f 28/91/91 41/90/90 53/127/127 42/128/128
f 2267/129/129 2231/130/130 2209/131/131 2251/132/132
f 54/61/61 44/52/52 29/55/55 43/62/62
f 45/97/97 55/133/133 46/100/100 30/98/98
f 56/134/134 57/135/135 48/102/102 47/101/101
f 35/73/73 48/102/102 58/105/105 49/136/136
f 51/75/75 71/137/137 74/138/138 60/76/76
f 11/43/43 5/29/29 2/10/10 4/23/23
f 278/139/139 285/140/140 270/141/141 262/142/142
f 105/143/143 106/144/144 89/145/145 88/146/146
f 250/147/147 240/148/148 222/149/149 230/150/150
f 2322/151/151 2338/152/152 2332/153/153 2313/154/154
f 63/155/155 26/19/19 37/77/77 73/156/156
f 67/157/157 56/134/134 46/100/100 55/133/133
f 56/134/134 47/101/101 34/72/72 46/100/100
f 67/157/157 68/158/158 57/135/135 56/134/134
f 48/102/102 57/135/135 69/106/106 58/105/105
f 723/159/159 706/160/160 647/161/161 665/162/162
f 75/117/117 62/163/163 52/164/164 61/108/108
f 1226/165/165 1259/166/166 1201/167/167 1174/168/168
f 315/169/169 305/170/170 297/171/171 310/172/172
f 1017/173/173 972/174/174 952/175/175 994/176/176
f 468/177/177 461/178/178 452/179/179 462/180/180
f 590/120/120 573/119/119 483/81/81 499/84/84
f 2421/181/181 2196/182/182 2260/183/183 2433/184/184
f 2070/185/185 2071/186/186 2031/187/187 2032/188/188
f 68/158/158 79/189/189 69/106/106 57/135/135
f 79/189/189 91/190/190 80/103/103 69/106/106
f 744/191/191 726/192/192 727/193/193
f 2391/194/194 2404/195/195 2411/196/196 2396/197/197
f 82/198/198 71/137/137 72/199/199 83/200/200
f 84/201/201 73/156/156 74/138/138 85/202/202
f 782/203/203 920/204/204 1185/205/205 1211/206/206
f 110/207/207 94/208/208 86/107/107 125/109/109
f 2072/209/209 2051/210/210 2136/211/211 2155/212/212
f 267/213/213 213/214/214 194/95/95 234/94/94
f 1887/215/215 1864/216/216 1839/217/217 1863/218/218
f 1004/219/219 1028/220/220 1051/221/221 1026/222/222
f 490/223/223 481/224/224 465/225/225 473/226/226
f 90/227/227 78/60/60 66/63/63 77/228/228
f 1056/229/229 1029/230/230 897/231/231 900/232/232 964/233/233
f 49/136/136 58/105/105 70/104/104 59/234/234
f 93/235/235 83/200/200 72/199/199 81/236/236
f 85/202/202 74/138/138 71/137/137 82/198/198
f 100/237/237 101/238/238 85/202/202 82/198/198
f 911/239/239 888/240/240 866/241/241 886/242/242
f 244/243/243 202/244/244 166/245/245 203/246/246
f 167/247/247 248/248/248 155/249/249
f 203/246/246 177/250/250 258/118/118 293/251/251
f 1968/252/252 1949/253/253 1868/254/254 1891/255/255
f 313/256/256 327/257/257 314/258/258 304/259/259
f 492/260/260 474/261/261 481/224/224 498/262/262
f 1892/263/263 1916/264/264 1899/265/265 1882/266/266
f 1681/267/267 1644/268/268 1665/269/269 1703/270/270
f 727/193/193 691/271/271 690/272/272 728/273/273 744/191/191
f 529/274/274 433/275/275 418/276/276 523/277/277
f 743/278/278 725/279/279 687/280/280 707/281/281
f 2461/282/282 2464/283/283 2510/284/284 2502/285/285
f 296/286/286 277/287/287 270/141/141 285/140/140
f 568/288/288 550/289/289 555/290/290 575/291/291
f 1055/292/292 1028/220/220 1033/293/293 1063/294/294
f 656/295/295 632/296/296 572/297/297 586/298/298
f 1707/299/299 1701/300/300 1664/301/301 1640/302/302
f 157/303/303 55/304/133 45/305/97 151/306/304
f 117/307/305 113/308/306 98/309/307 108/310/308
f 330/311/309 244/243/243 203/246/246 293/251/251
f 1408/312/310 1348/313/311 1325/314/312 1377/315/313
f 1488/316/314 1486/317/315 1440/318/316 1439/319/317
f 2532/320/318 2524/321/319 2520/322/320 2529/323/321
f 2457/324/322 2460/325/323 2450/326/324 2445/327/325
f 2072/209/209 2092/328/326 2050/329/327 2033/330/328
f 1869/331/329 1861/332/330 1837/333/331 1845/334/332
f 94/208/208 87/335/333 62/163/163 75/117/117
f 2442/336/334 2424/337/335 2384/338/336 2415/339/337
f 1951/340/338 2033/330/328 2050/329/327
f 1901/341/339 1874/342/340 1956/343/341 1975/344/342
f 1784/345/343 1731/346/344 1862/347/345
f 1346/348/346 1299/349/347 1979/350/348 1923/351/349
f 303/352/350 477/353/351 414/354/352 248/248/248
f 586/298/298 572/297/297 553/355/353 562/356/354
f 884/357/355 910/358/356 885/359/357 865/360/358 849/361/359
f 633/362/360 617/363/361 618/364/362
f 958/365/363 977/366/364 934/367/365 914/368/366
f 2595/369/367 527/370/368 566/371/369 2594/372/370
f 125/109/109 159/111/111 188/93/93 153/96/96
f 1125/373/371 1100/374/372 1155/375/373
f 601/376/374 584/377/375 614/378/376 635/379/377
f 2561/380/378 2571/381/379 636/382/380 589/383/381
f 283/384/382 356/385/383 349/386/384 275/387/385
f 486/388/386 648/389/387 782/203/203 528/390/388
f 1426/391/389 1442/392/390 1371/393/391 1342/394/392
f 121/395/393 101/238/238 100/237/237 118/396/394
f 2351/397/395 2373/398/396 2359/399/397 2345/400/398
f 539/401/399 551/402/400 564/403/401 548/404/402
f 531/405/403 505/406/404 492/260/260 498/262/262 535/407/405
f 1430/408/406 1378/409/407 1348/313/311 1408/312/310
f 2018/410/408 2079/66/66 2000/411/409 1978/412/410
f 213/214/214 267/213/213 274/413/411 225/414/412
f 1955/415/413 1919/416/414 1937/417/415 1954/418/416
f 27/92/92 28/91/91 10/22/22 9/21/21
f 858/419/417 868/420/418 802/421/419 786/422/420
f 1056/229/229 1057/423/421 1375/424/422 1345/425/423
f 953/426/424 933/427/425 911/239/239 931/428/426
f 1533/429/427 1477/430/428 1463/431/429 1522/432/430
f 871/433/431 852/434/432 815/435/433 830/436/434
f 1990/437/435 2035/438/436 1992/439/437 1971/440/438
f 3/24/24 16/80/80 24/79/79 9/21/21
f 354/441/439 325/442/440 318/443/441 347/444/442
f 2423/445/443 2418/446/444 2420/447/445 2425/448/446
f 951/449/447 970/450/448 909/451/449 883/452/450
f 1527/453/451 1513/454/452 1459/455/453 1469/456/454
f 887/457/455 813/458/456 803/459/457 867/460/458
f 2591/461/459 536/462/460 393/463/461 416/464/462
f 2144/465/463 2161/466/464 2243/467/465 2220/468/466
f 1725/469/467 1570/470/468 1569/471/469 1724/472/470
f 757/473/471 800/474/472 774/475/473 722/476/474
f 1995/477/475 2014/478/476 1972/479/477 1952/480/478
f 786/422/420 769/481/479 844/482/480 858/419/417
f 1873/483/481 1823/484/482 1851/485/483 1898/486/484
f 588/487/485 564/403/401 551/402/400 570/488/486
f 1196/489/487 1281/490/488 1330/491/489 1254/492/490
f 131/493/491 79/494/189 68/495/158 163/496/492
f 589/383/381 493/497/493 476/498/494 565/499/495
f 2358/500/496 2364/501/497 2417/502/498 2413/503/499
f 1952/480/478 1972/479/477 1846/504/500 1819/505/501
f 101/238/238 121/395/393 120/506/502 102/507/503
f 399/508/504 380/509/505 388/510/506
f 2073/511/507 2054/512/508 1938/513/509 1994/514/510
f 1442/392/390 1443/515/511 1370/516/512 1371/393/391
f 410/517/513 518/518/514 539/401/399 447/519/515
f 400/520/516 388/510/506 382/521/517 390/522/518
f 2556/523/519 2551/524/520 2546/525/521 2550/526/522
f 424/527/523 437/528/524 423/529/525
f 148/530/526 143/531/527 129/532/528 134/533/529
f 95/534/530 133/535/531 142/536/532 104/537/533
f 118/396/394 137/538/534 139/539/535 121/395/393
f 353/540/536 330/311/309 446/541/537 478/542/538
f 2074/543/539 2036/544/540 2035/438/436 2075/545/541
f 1480/546/542 1511/547/543 1499/548/544
f 530/549/545 540/550/546 570/488/486 551/402/400
f 519/551/547 526/552/548 553/355/353 547/553/549
f 2445/327/325 2450/326/324 2446/554/550 2436/555/551
f 2515/556/552 2512/557/553 2496/558/554 2499/559/555
f 1440/560/316 1436/561/556 1435/562/557 1424/563/558 1401/564/559
f 2552/565/560 2501/566/561 2514/567/562 2540/568/563
f 2413/503/499 2417/502/498 2430/569/564 2429/570/565
f 1694/571/566 1750/572/567 1798/573/568 1749/574/569
f 1970/575/570 1971/440/438 1934/576/571 1933/577/572
f 351/578/573 352/27/27 280/26/26 281/579/574
f 766/580/575 1634/581/576 1655/582/577 747/583/578
f 2522/584/579 2518/585/580 2506/586/581 2512/557/553
f 1149/587/582 1093/588/583 1069/589/584 1121/590/585
f 750/591/586 1007/592/587 1011/593/588 751/594/589
f 318/443/441 267/213/213 234/94/94 301/595/590
f 2554/596/591 2527/597/592 2535/598/593 2557/599/594
f 1775/600/595 1902/601/596 2362/602/597 2341/603/598
f 173/604/599 138/605/600 146/606/601 182/607/602
f 339/608/603 319/609/604 292/610/605 336/611/606
f 1993/612/607 1870/613/608 1846/504/500 1972/479/477
f 584/377/375 545/614/609 560/615/610 614/378/376
f 1806/616/611 1779/617/612 1602/618/613 1619/619/614
f 354/441/439 347/444/442 447/519/515 457/620/615
f 1334/621/616 1358/622/617 1312/623/618 1288/624/619
f 1730/625/620 1679/626/621 1702/627/622 1760/628/623
f 1502/629/624 1505/630/625 1543/631/626 1556/632/627
f 534/633/628 524/634/629 514/635/630 525/636/631
f 2563/637/632 2564/638/633 901/639/634 795/640/635
f 132/641/636 136/642/637 165/643/69 158/644/638
f 985/645/639 856/646/640 876/647/641 1005/648/642
f 2015/649/643 2097/650/644 2095/651/645 1974/652/646
f 1413/653/647 1456/654/648 1331/655/649 1283/656/650
f 495/657/651 530/549/545 518/518/514 478/542/538
f 594/658/652 567/659/653 593/660/654 624/661/655
f 571/662/656 560/615/610 534/633/628 541/663/657
f 309/664/658 326/665/659 332/666/660 313/256/256
f 120/506/502 121/395/393 139/539/535 140/667/661
f 1785/668/662 1732/669/663 1680/670/664 1730/671/620
f 565/499/495 476/498/494 468/672/177 554/673/665
f 2349/674/666 2325/675/667 2316/676/668 2346/677/669
f 2509/678/670 2500/679/671 2513/680/672 2519/681/673
f 130/682/674 106/144/144 105/143/143 129/532/528
f 1200/683/675 1226/165/165 1174/168/168 1146/684/676
f 526/552/548 516/685/677 520/686/678 532/687/679
f 2404/688/195 2265/689/680 2282/690/681 2410/691/682
f 1660/692/683 1699/693/684 1775/694/595 1720/695/685
f 2442/336/334 2501/566/561 2481/696/686 2424/337/335
f 2063/697/687 2026/698/688 2025/699/689 2086/700/690 2130/701/691 2045/702/692
f 268/703/693 225/414/412 274/413/411 292/610/605
f 149/704/694 123/705/695 111/706/696 135/707/697
f 516/685/677 510/708/698 496/709/699 504/710/700
f 2408/711/701 2120/712/702 2196/182/182 2421/181/181
f 266/713/703 173/604/599 182/607/602 272/714/704
f 178/715/705 169/716/706 143/531/527 148/530/526
f 1871/717/707 1895/718/708 1892/263/263 1869/331/329
f 2165/719/709 2185/720/710 2151/721/711
f 1342/394/392 1239/722/712 1155/375/373 1238/723/713
f 358/724/714 289/725/715 290/726/716 359/727/717
f 1955/415/413 1938/513/509 1897/728/718 1919/416/414
f 2133/729/719 2111/730/720 2069/731/721 2090/732/722
f 1707/299/299 1759/733/723 1728/734/724 1701/300/300
f 151/306/304 45/305/97 32/735/53 145/736/725
f 1878/737/726 1830/738/727 1803/739/728 1855/740/729
f 618/364/362 617/363/361 588/487/485 601/376/374
f 631/741/730 571/662/656 585/742/731 655/743/732
f 1116/744/733 1037/745/734 1016/746/735 1087/747/736
f 1508/748/737 1449/749/738 1406/750/739 1476/751/740
f 1950/752/741 1989/753/742 1970/575/570 1933/577/572
f 1510/754/743 1524/755/744 1497/756/745 1478/757/746
f 2438/758/747 2415/339/337 2390/759/748 2419/760/749
f 172/761/750 91/762/190 79/494/189 131/493/491
f 2359/399/397 2355/763/751 2338/152/152 2345/400/398
f 521/764/752 2573/765/753 2577/766/754 463/767/755
f 1462/768/756 1447/769/757 1374/770/758 1404/771/759
f 2183/772/760 2061/773/761 1456/774/648 1525/775/762
f 169/716/706 180/776/763 181/777/764 170/778/765
f 754/779/766 968/780/767 945/781/768 734/782/769
f 1757/783/770 1726/784/771 1700/785/772 1727/786/773
f 182/607/602 187/14/14 279/13/13 272/714/704
f 135/707/697 111/706/696 106/144/144 130/682/674
f 2446/554/550 2455/787/774 2437/788/775 2432/789/776
f 2402/790/777 2394/791/778 2398/792/779 2397/793/780
f 1873/483/481 1850/794/781 1798/795/568 1823/484/482
f 2011/796/782 1989/753/742 1950/752/741 1969/797/783
f 268/703/693 282/798/784 273/799/785
f 1823/800/482 1771/801/786 1824/802/787 1851/803/483
f 2204/804/788 2200/805/789 2126/806/790 2129/807/791
f 2016/808/792 2043/809/793 2001/810/794
f 1480/546/542 1499/548/544 1469/811/454 1458/812/795
f 1636/813/796 1496/814/797 2582/815/798 2586/816/799
f 1917/817/800 1936/818/801 1918/819/802 1895/718/708
f 185/2/2 179/820/803 170/778/765 181/777/764
f 184/821/804 180/776/763 169/716/706 178/715/705
f 197/3/3 185/2/2 181/777/764 192/822/805
f 454/823/806 469/824/807 346/825/808 338/826/809
f 2207/827/810 2385/828/811 2382/829/812 2205/830/813
f 1431/831/814 1407/832/815 1568/833/816 1483/834/817
f 2056/835/818 1998/836/819 2002/837/820 2060/838/821
f 235/839/822 188/93/93 159/111/111 202/244/244
f 1720/840/685 2324/841/823 2302/842/824 1661/843/825
f 836/844/826 963/845/827 920/846/204 807/847/828
f 1211/206/206 708/848/829 528/390/388 782/203/203
f 2188/849/830 2115/850/831 2094/851/832 2170/852/833
f 547/553/549 542/853/834 515/854/835 519/551/547
f 592/855/836 501/856/837 500/857/838 574/858/839 591/859/840
f 2241/860/841 1237/861/842 1268/862/843 1182/863/844
f 1661/843/825 2302/842/824 2282/690/681 1603/864/845
f 743/278/278 707/281/281 726/192/192 763/865/846
f 1082/866/847 1095/867/848 1046/868/849 1032/869/850
f 871/433/431 830/436/434 851/870/851 891/871/852
f 2221/872/853 2188/849/830 2179/873/854 2199/874/855
f 934/367/365 975/875/856 932/876/857 887/457/455
f 617/363/361 587/877/858 564/403/401 588/487/485
f 2120/878/702 2055/879/859 2140/880/860 2196/881/182
f 1324/882/861 2612/883/862 2603/884/863 1406/885/739
f 2324/841/823 1720/840/685 1775/600/595 2341/603/598
f 2067/886/864 2109/887/865 2132/888/866 2089/889/867
f 1490/890/868 1473/891/869 1427/892/870 1444/893/871
f 2352/894/872 2332/153/153 2338/152/152 2355/763/751
f 2418/446/444 2414/895/873 2403/896/874 2409/897/875
f 380/509/505 373/898/876 382/521/517 388/510/506
f 2096/899/877 2097/900/644 2015/901/643 2054/512/508
f 198/902/878 192/822/805 191/903/879 199/904/880
f 2463/905/881 2459/906/882 2448/907/883 2434/908/884
f 2332/909/153 1926/910/885 1885/911/886 2313/912/154
f 1941/913/887 1958/914/888 1878/737/726 1855/740/729
f 1025/915/889 1002/916/890 981/917/891 1001/918/892
f 1211/206/206 1343/919/893 1474/920/894 1493/921/895
f 2194/922/896 2195/923/897 2191/924/898 2173/925/899
f 1601/926/900 1510/754/743 1498/927/901 1584/928/902
f 1733/929/903 1786/930/904 1762/931/905 1704/932/906
f 2333/933/907 2326/934/908 2335/935/909 2340/936/910
f 1919/416/414 1897/728/718 1850/794/781 1873/483/481
f 330/311/309 293/251/251 379/937/911 446/541/537
f 196/1/1 205/938/912 195/939/913 190/940/914
f 1924/941/915 1923/351/349 1979/350/348 1980/942/916
f 206/943/917 197/3/3 192/822/805 198/902/878
f 215/944/918 206/943/917 198/902/878 212/945/919
f 758/946/920 723/159/159 739/947/921 773/948/922
f 2227/949/923 2149/950/924 2407/951/925 2427/952/926
f 1899/265/265 1916/264/264 1898/486/484 1851/485/483
f 684/953/927 665/162/162 625/954/928 645/955/929
f 2093/956/930 2092/328/326 2168/957/931 2169/958/932
f 1458/812/795 1437/959/933 1452/960/934 1480/546/542
f 1883/961/935 1268/962/843 1237/963/842 1884/964/936
f 216/965/937 217/966/938 208/967/939 207/968/940
f 1445/969/941 1441/970/942 1369/971/943 1372/972/944
f 1061/973/945 987/974/946 942/975/947 965/976/948
f 1657/977/949 1636/813/796 2586/816/799 2587/978/950
f 229/979/951 221/980/952 206/943/917 215/944/918
f 229/979/951 239/981/953 228/982/954 221/980/952
f 2526/983/955 2521/984/956 2504/985/957 2507/986/958
f 1902/987/596 1775/694/595 1699/693/684 1828/988/959
f 300/989/960 307/990/961 369/991/962 363/992/963
f 1459/455/453 1421/993/964 1392/994/965 1420/995/966
f 237/996/967 225/414/412 268/703/693 245/997/968
f 1914/998/969 1948/999/970 2008/1000/971 1986/1001/972
f 877/1002/973 708/848/829 1211/206/206 1493/921/895
f 1584/928/902 1754/1003/974 1776/1004/975 1601/926/900
f 1429/1005/976 1345/425/423 1375/424/422 1448/1006/977
f 712/1007/978 695/1008/979 670/1009/980 692/1010/981
f 632/296/296 656/295/295 729/1011/982 709/1012/983
f 1272/1013/984 1298/1014/985 1374/770/758 1344/1015/986
f 217/966/938 211/1016/987 199/904/880 208/967/939
f 1641/1017/988 1591/1018/989 1370/516/512 1443/515/511
f 303/352/350 195/1019/913 205/1020/912 308/82/82
f 204/1021/990 207/968/940 184/821/804 183/1022/991
f 218/1023/992 219/1024/993 212/945/919 211/1016/987
f 2101/1025/994 2040/1026/995 2019/1027/996 2080/65/65
f 867/460/458 914/368/366 934/367/365 887/457/455
f 1197/1028/997 1117/1029/998 1088/1030/999 1170/1031/1000
f 872/1032/1001 917/1033/1002 894/1034/1003 853/1035/1004
f 635/379/377 631/741/730 655/743/732 675/1036/1005
f 2033/330/328 1951/340/338 1917/817/800 1893/1037/1006 2013/1038/1007
f 2034/1039/1008 2114/1040/1009 2136/211/211 2051/210/210
f 652/1041/1010 666/1042/1011 705/1043/1012 690/272/272
f 2464/283/283 2481/696/686 2525/1044/1013 2510/284/284
f 1405/1045/1014 1106/1046/1015 2573/765/753 2588/1047/1016
f 2593/122/122 2598/121/121 965/1048/948 942/1049/947
f 1134/1050/1017 1154/1051/1018 1094/1052/1019 1095/867/848
f 222/149/149 215/944/918 212/945/919 219/1024/993
f 223/1053/1020 224/1054/1021 217/966/938 216/965/937
f 218/1023/992 211/1016/987 217/966/938 224/1054/1021
f 1771/801/786 1751/1055/1022 1772/1056/1023 1799/1057/1024 1824/802/787
f 611/1058/1025 469/824/807 454/823/806 581/1059/1026
f 560/615/610 545/614/609 524/634/629 534/633/628
f 732/1060/1027 712/1007/978 692/1010/981 709/1012/983
f 552/1061/1028 542/853/834 547/553/549 561/1062/1029
f 484/1063/1030 485/1064/1031 375/1065/1032 371/1066/1033
f 1023/1067/1034 1024/1068/1035 979/1069/1036 980/1070/1037
f 50/1071/1038 51/75/75 22/50/50 23/51/51
f 2379/1072/1039 2366/1073/1040 2356/1074/1041 2375/1075/1042
f 2345/400/398 2338/152/152 2322/151/151 2331/1076/1043
f 1856/1077/1044 1804/1078/1045 2590/1079/1046 1379/1080/1047
f 1620/1081/1048 1589/1082/1049 1577/1083/1050 1608/1084/1051
f 227/1085/1052 223/1053/1020 216/965/937 220/1086/1053
f 368/1087/1054 463/767/755 345/1088/1055
f 71/137/137 51/75/75 50/1071/1038 72/199/199
f 1826/1089/1056 2599/1090/1057 2601/1091/1058 1920/1092/1059
f 2523/1093/1060 2441/44/44 2447/47/47 2528/1094/1061
f 230/150/150 222/149/149 219/1024/993 231/1095/1062
f 199/904/880 211/1016/987 212/945/919 198/902/878
f 232/1096/1063 224/1054/1021 223/1053/1020 233/1097/1064
f 605/1098/1065 642/1099/1066 664/1100/1067 643/1101/1068
f 529/274/274 533/1102/1069 443/1103/1070 433/275/275
f 699/1104/1071 923/1105/1072 905/1106/1073 698/1107/1074
f 457/620/615 548/404/402 563/1108/1075 489/1109/1076
f 1569/471/469 1570/470/468 1467/1110/1077 1466/1111/1078
f 1468/1112/1079 1526/1113/1080 1431/831/814 1418/1114/1081
f 1615/1115/1082 1565/1116/1083 1581/1117/1084 1633/1118/1085
f 78/1119/60 156/1120/1086 54/1121/61
f 918/1122/1087 939/1123/1088 1027/1124/1089 1077/1125/1090 1053/1126/1091
f 1797/1127/1092 1849/1128/1093 1748/1129/1094
f 2373/398/396 2351/397/395 2369/1130/1095 2399/1131/1096
f 2414/895/873 2379/1072/1039 2375/1075/1042 2403/896/874
f 236/1132/1097 226/1133/1098 225/414/412 237/996/967
f 717/1134/1099 677/1135/1100 661/1136/1101 700/1137/1102
f 236/1132/1097 227/1085/1052 220/1086/1053 226/1133/1098
f 227/1085/1052 238/1138/1103 233/1097/1064 223/1053/1020
f 156/1120/1086 145/736/725 44/1139/52
f 241/1140/1104 242/1141/1105 232/1096/1063 233/1097/1064
f 232/1096/1063 243/1142/1106 231/1095/1062 218/1023/992
f 2234/1143/1107 2190/1144/1108 2171/1145/1109 2210/1146/1110
f 1454/1147/1111 1464/1148/1112 1409/1149/1113 1384/1150/1114
f 220/1086/1053 204/1021/990 209/1151/1115 226/1133/1098
f 960/1152/1116 938/1153/1117 893/1154/1118 916/1155/1119
f 2462/1156/1120 2465/1157/1121 2471/1158/1122 2467/1159/1123
f 489/1109/1076 563/1108/1075 574/858/839 500/857/838
f 86/107/107 39/20/20 104/537/533 126/110/110
f 913/1160/1124 914/368/366 867/460/458 868/420/418
f 472/1161/1125 489/1109/1076 500/857/838 484/1063/1030
f 667/1162/1126 647/161/161 706/160/160 724/1163/1127
f 1186/1164/1128 1244/1165/1129 1300/1166/1130 1245/1167/1131
f 245/997/968 246/1168/1132 236/1132/1097 237/996/967
f 1983/1169/1133 1984/1170/1134 1945/1171/1135 1946/1172/1136
f 562/1173/354 532/1174/679 795/640/635
f 246/1168/1132 238/1138/1103 227/1085/1052 236/1132/1097
f 371/1066/1033 364/1175/1137 472/1161/1125 484/1063/1030
f 249/1176/1138 239/981/953 229/979/951 240/148/148
f 656/1177/295 586/1178/298 795/640/635 901/639/634
f 252/1179/1139 253/1180/1140 242/1141/1105 241/1140/1104
f 232/1096/1063 242/1141/1105 254/1181/1141 243/1142/1106
f 2571/381/379 2563/637/632 795/640/635 636/382/380
f 1531/1182/1142 580/1183/1143 877/1002/973 1493/921/895
f 1450/1184/1144 1495/1185/1145 1488/316/314 1439/319/317
f 1142/1186/1146 1221/1187/1147 1280/1188/1148 1168/1189/1149
f 440/1190/1150 427/1191/1151 441/1192/1152 451/1193/1153
f 507/1194/1154 501/856/837 592/855/836 602/1195/1155
f 65/1196/1156 76/1197/1157 53/127/127 41/90/90
f 1385/1198/1158 1329/1199/1159 1332/1200/1160 1389/1201/1161
f 423/529/525 380/509/505 399/508/504 424/527/523
f 257/1202/1162 252/1179/1139 246/1168/1132 245/997/968
f 1887/215/215 1863/218/218 1886/1203/1163 1910/1204/1164
f 252/1179/1139 241/1140/1104 238/1138/1103 246/1168/1132
f 259/1205/1165 249/1176/1138 240/148/148 250/147/147
f 2516/1206/1166 2510/284/284 2525/1044/1013 2534/1207/1167
f 262/142/142 253/1180/1140 252/1179/1139 257/1202/1162
f 253/1180/1140 263/1208/1168 254/1181/1141 242/1141/1105
f 264/1209/1169 261/1210/1170 243/1142/1106 254/1181/1141
f 161/1211/1171 150/1212/1172 179/820/803 190/940/914
f 1154/1051/1018 1206/1213/1173 1149/587/582 1121/590/585
f 2553/1214/1174 2551/524/520 2556/523/519 2541/1215/1175
f 340/1216/1176 249/1217/1138 259/1218/1165 343/1219/1177
f 867/460/458 803/459/457 802/421/419 868/420/418
f 1669/1220/1178 1626/1221/1179 1627/1222/1180 1670/1223/1181
f 183/1022/991 184/821/804 178/715/705
f 1613/1224/1182 1674/1225/1183 1651/1226/1184
f 1460/1227/1185 1444/893/871 1128/1228/1186 1127/1229/1187
f 545/614/609 540/550/546 509/1230/1188 524/634/629
f 2377/1231/1189 2408/711/701 2494/1232/1190 2468/1233/1191
f 1994/514/510 1955/415/413 1954/418/416
f 262/142/142 270/141/141 263/1208/1168 253/1180/1140
f 60/76/76 73/156/156 37/77/77 36/74/74
f 271/1234/1192 264/1209/1169 254/1181/1141 263/1208/1168
f 336/611/606 325/442/440 354/441/439 364/1175/1137
f 1921/1235/1193 1875/1236/1194 1853/1237/1195 1901/341/339
f 2592/1238/1196 2591/461/459 416/464/462 453/1239/1197
f 1503/1240/1198 1460/1227/1185 1472/1241/1199 1516/1242/1200
f 1106/1046/1015 902/1243/1201 2577/766/754 2573/765/753
f 1868/254/254 1842/1244/1202 1867/1245/1203 1891/255/255
f 521/764/752 429/1246/1204 513/1247/1205 620/1248/1206
f 337/1249/1207 414/354/352 527/370/368 453/1239/1197
f 1034/1250/1208 1022/1251/1209 1122/1252/1210 1137/1253/1211
f 912/1254/1212 888/240/240 911/239/239 933/427/425
f 2421/181/181 2433/184/184 2517/1255/1213 2505/1256/1214
f 259/1205/1165 260/1257/1215 269/1258/1216 275/1259/385
f 2378/1260/1217 2183/772/760 2205/830/813 2382/829/812
f 271/1234/1192 263/1208/1168 270/141/141 277/287/287
f 297/171/171 287/1261/1218 271/1234/1192 277/287/287
f 670/1009/980 599/1262/1219 615/1263/1220 692/1010/981
f 89/145/145 96/1264/1221 76/1197/1157 65/1196/1156
f 1801/1265/1222 1827/1266/1223 1635/1267/1224 1616/1268/1225
f 1907/1269/1226 1834/1270/1227 1857/1271/1228 1924/941/915
f 1862/347/345 1734/1272/1229 1812/1273/1230 1927/1274/1231
f 1498/927/901 1510/754/743 1478/757/746 1464/1148/1112
f 77/228/228 66/63/63 2617/1275/1232 53/127/127
f 283/1276/382 275/1259/385 269/1258/1216 276/1277/1233
f 1484/1278/1234 1455/126/126 1354/125/125 1386/1279/1235
f 286/1280/1236 278/139/139 273/799/785 282/798/784
f 63/155/155 84/201/201 102/507/503 95/534/530
f 1094/1052/1019 1121/590/585 1069/589/584 1047/1281/1237
f 96/1264/1221 112/1282/1238 97/1283/1239 76/1197/1157
f 1083/1284/1240 1084/1285/1241 1035/1286/1242 1014/1287/1243
f 288/16/16 193/15/15 201/1288/68 299/1289/1244
f 1054/1290/1245 1053/1126/1091 1373/1291/1246 1372/972/944
f 1053/1126/1091 1077/1125/1090 1402/1292/1247 1373/1291/1246
f 110/207/207 103/1293/1248 87/335/333 94/208/208
f 1420/995/966 1392/994/965 1337/1294/1249 1362/1295/1250
f 2315/1296/1251 2307/1297/1252 2305/1298/1253 2310/1299/1254
f 827/1300/1255 814/1301/1256 801/1302/1257 812/1303/1258
f 438/1304/1259 424/527/523 399/508/504 411/1305/1260
f 413/1306/1261 426/1307/1262 412/1308/1263 402/1309/1264
f 2340/936/910 2335/935/909 2347/1310/1265 2348/1311/1266
f 1053/1126/1091 1054/1290/1245 895/1312/1267 918/1122/1087
f 284/1313/1268 294/1314/1269 283/1276/382 276/1277/1233
f 286/1280/1236 295/1315/1270 285/140/140 278/139/139
f 2058/1316/1271 2082/1317/1272 2162/1318/1273 2147/1319/1274
f 298/1320/1275 294/1314/1269 284/1313/1268 287/1261/1218
f 1476/1321/740 2603/884/863 2613/1322/1276 1548/1323/1277
f 1128/1228/1186 1444/893/871 1427/892/870 1105/1324/1278
f 1522/432/430 1508/748/737 1582/1325/1279 1600/1326/1280
f 589/383/381 636/382/380 511/1327/1281 497/1328/1282
f 2284/1329/1283 2314/1330/1284 2283/1331/1285
f 892/1332/1286 937/1333/1287 959/1334/1288 915/1335/1289
f 1430/408/406 1450/1336/1144 1400/1337/1290 1378/409/407
f 296/286/286 285/140/140 295/1315/1270 304/259/259
f 306/1338/1291 322/1339/1292 326/665/659 309/664/658
f 297/171/171 305/170/170 298/1320/1275 287/1261/1218
f 583/1340/1293 417/1341/1294 528/390/388 708/848/829
f 1699/693/684 1659/1342/1295 1774/1343/1296 1828/988/959
f 118/396/394 119/1344/1297 138/605/600 137/538/534
f 1928/1345/1298 1943/1346/1299 1910/1204/1164 1886/1203/1163
f 1483/834/817 1568/833/816 1569/471/469 1466/1111/1078
f 1811/1347/1300 1786/930/904 1733/929/903 1761/1348/1301
f 976/1349/1302 1356/1350/1303 935/1351/1304 955/1352/1305
f 684/953/927 739/947/921 723/159/159 665/162/162
f 1524/755/744 1510/754/743 1601/926/900 1618/1353/1306
f 1592/1354/1307 1572/1355/1308 1528/1356/1309 1540/1357/1310
f 1996/1358/1311 1921/1235/1193 1901/341/339 1975/344/342
f 659/1359/1312 941/1360/1313 2596/1361/1314 619/1362/1315
f 522/1363/1316 513/1364/1205 506/1365/1317 517/1366/1318
f 313/256/256 304/259/259 295/1315/1270 309/664/658
f 1320/1367/1319 1238/723/713 1183/1368/1320 1269/1369/1321
f 750/591/586 729/1370/982 986/1371/1322 1007/592/587
f 1483/834/817 1466/1111/1078 1415/1372/1323 1414/1373/1324
f 1502/629/624 1521/1374/1325 1494/1375/1326 1489/1376/1327
f 1208/1377/1328 1099/1378/1329 1125/373/371 1239/722/712
f 2509/678/670 2514/567/562 2490/1379/1330
f 73/156/156 60/76/76 74/138/138
f 1549/1380/1331 1539/1381/1332 1488/316/314 1495/1185/1145
f 2413/503/499 2429/570/565 2426/1382/1333 2406/1383/1334
f 2358/1384/496 2023/1385/1335 2003/1386/1336 2352/1387/872
f 1805/1388/1337 1857/1271/1228 1834/1270/1227 1780/1389/1338
f 1941/913/887 1904/1390/1339 1960/1391/1340 1978/412/410
f 1530/1392/1341 1542/1393/1342 1593/1394/1343 1574/1395/1344
f 1238/723/713 1320/1367/1319 1426/391/389 1342/394/392
f 332/666/660 326/665/659 344/1396/1345 350/1397/1346
f 2198/1398/1347 2260/1399/183 2196/881/182 2140/880/860
f 2043/809/793 2042/1400/1348 1981/1401/1349 2001/810/794
f 1792/1402/1350 1740/1403/1351 1741/1404/1352 1793/1405/1353
f 315/169/169 310/172/172 314/258/258 321/1406/1354
f 2456/1407/1355 2444/1408/1356 2448/907/883 2459/906/882
f 2034/1039/1008 1993/612/607 1972/479/477 2014/478/476
f 107/1409/1357 90/227/227 77/228/228 97/1283/1239
f 2260/1399/183 2198/1398/1347 2220/468/466 2277/1410/45
f 2039/1411/1358 2018/410/408 1999/1412/1359 2057/1413/1360 2078/1414/1361
f 2276/6/6 2259/1415/1362 2219/1416/1363 2218/7/7
f 1454/1147/1111 1384/1150/1114 1352/1417/1364 1453/1418/1365
f 1803/739/728 1830/738/727 1776/1004/975 1754/1003/974
f 166/245/245 142/536/532 177/250/250 203/246/246
f 1393/41/41 1386/1279/1235 1353/1419/1366 1361/1420/1367
f 1429/1005/976 1404/771/759 1322/1421/1368 1345/425/423
f 1515/1422/1369 1241/1423/1370 1270/1424/1371 1528/1356/1309
f 2024/1425/1372 2266/1426/1373 1641/1427/988 1443/1428/511
f 1335/1429/1374 1416/1430/1375 1457/1431/1376 1390/1432/1377
f 1287/1433/1378 1311/1434/1379 1260/1435/1380 1229/1436/1381
f 773/948/922 739/947/921 772/1437/1382 798/1438/1383 787/1439/1384
f 2235/1440/1385 2212/1441/1386 2174/1442/1387
f 856/646/640 836/844/826 793/1443/1388 808/1444/1389
f 93/235/235 109/1445/1390 99/1446/1391 83/200/200
f 1757/783/770 1781/1447/1392 1756/1448/1393 1726/784/771
f 418/276/276 384/1449/1394 508/1450/1395 523/277/277
f 1519/1451/1396 1545/1452/1397 1596/1453/1398 1562/1454/1399
f 641/1455/1400 604/1456/1401 640/1457/1402 681/1458/1403
f 1029/230/230 1056/229/229 1345/425/423 1322/1421/1368
f 2049/1459/1404 2091/1460/1405 2070/185/185 2032/188/188
f 929/1461/1406 951/449/447 883/452/450 863/1462/1407
f 783/1463/1408 764/1464/1409 839/1465/1410 840/1466/1411
f 1298/1014/985 1322/1421/1368 1404/771/759 1374/770/758
f 1520/1467/1412 1532/1468/1413 1580/1469/1414 1564/1470/1415
f 635/379/377 614/378/376 631/741/730
f 1515/1422/1369 1528/1356/1309 1572/1355/1308 1557/1471/1416
f 1416/1430/1375 1335/1429/1374 1312/1472/618 1358/1473/617
f 2461/282/282 2502/285/285 2466/1474/1417 2443/1475/1418
f 404/1476/1419 431/1477/1420 324/1478/1421 316/1479/1422
f 2042/1400/1348 2043/809/793 2103/1480/1423 2059/1481/1424
f 479/1482/1425 423/529/525 456/1483/1426 470/1484/1427
f 63/155/155 39/20/20 26/19/19
f 456/1483/1426 423/529/525 437/528/524
f 1524/755/744 1534/1485/1428 1509/1486/1429 1497/756/745
f 1586/1487/1430 1407/832/815 1431/831/814 1526/1113/1080
f 1677/1488/1431 1657/977/949 2587/978/950 2584/1489/1432
f 361/1490/1433 294/1491/1269 298/1492/1275 367/1493/1434
f 264/1209/1169 284/1313/1268 276/1277/1233
f 2366/1073/1040 2350/1494/1435 2343/1495/1436 2356/1074/1041
f 174/1496/1437 173/604/599 266/713/703 265/1497/1438
f 1637/1498/1439 1534/1485/1428 1524/755/744 1618/1353/1306
f 1982/1499/1440 2005/1500/1441 1964/1501/1442 1943/1346/1299
f 2047/1502/1443 2067/886/864 2089/889/867 2068/1503/1444
f 2358/500/496 2413/503/499 2406/1383/1334 2360/1504/1445
f 1976/1505/1446 2055/879/859 2120/878/702 2038/1506/1447
f 1611/1507/1448 1564/1470/1415 1580/1469/1414 1630/1508/1449
f 5/29/29 2616/1509/1450 31/99/99
f 1449/749/738 1377/1510/313 1324/1511/861 1406/750/739
f 1569/471/469 1568/833/816 1723/1512/1451 1724/472/470
f 2279/1513/1452 2262/1514/1453 2278/1515/1454 2292/1516/1455
f 311/1517/1456 323/1518/1457 416/464/462 393/463/461
f 1355/1519/1458 1255/1520/1459 1282/124/124 1387/123/123
f 1862/347/345 1731/346/344 1666/1521/1460 1734/1272/1229
f 2096/899/877 2054/512/508 2073/511/507 2116/1522/1461
f 1959/1523/1462 1960/1391/1340 1904/1390/1339 1905/1524/1463
f 2342/1525/1464 1963/1526/1465 2061/773/761 2363/1527/1466
f 2455/787/774 2446/554/550 2450/326/324
f 2043/809/793 2129/807/791 2126/806/790 2103/1480/1423
f 164/70/70 200/1528/1467 357/1529/1468 417/1341/1294
f 2431/1530/1469 2436/555/551 2428/1531/1470 2422/1532/1471
f 133/535/531 168/1533/1472 177/250/250 142/536/532
f 2092/328/326 2072/209/209 2155/212/212 2168/957/931
f 342/1534/1473 322/1339/1292 319/609/604 339/608/603
f 2595/369/367 821/1535/1474 797/1536/1475
f 966/1537/1476 921/1538/1477 878/1539/1478
f 635/379/377 658/1540/1479 618/364/362 601/376/374
f 2086/1541/690 2387/1542/1480 2400/1543/1481 2130/1544/691
f 2517/1255/1213 2433/184/184 2441/44/44 2523/1093/1060
f 1850/794/781 1797/1545/1092 1749/1546/569 1798/795/568
f 1855/740/729 1803/739/728 1778/1547/1482 1832/1548/1483
f 147/1549/1484 122/1550/1485 125/109/109 153/96/96
f 2179/873/854 2188/849/830 2170/852/833
f 322/1339/1292 306/1338/1291 302/1551/1486 319/609/604
f 1431/831/814 1483/834/817 1414/1373/1324 1418/1114/1081
f 1862/1552/345 1942/1553/1487 1928/1345/1298 1838/1554/1488 1784/1555/343
f 709/1012/983 692/1010/981 615/1263/1220 632/296/296
f 1208/1377/1328 1184/1556/1489 1074/1557/1490 1099/1378/1329
f 817/1558/1491 780/1559/1492 779/1560/1493
f 877/1002/973 580/1183/1143 841/1561/1494 794/1562/1495
f 666/1042/1011 646/1563/1496 609/1564/1497 628/1565/1498
f 2384/338/336 2372/1566/1499 2357/1567/1500 2371/1568/1501
f 1897/728/718 1849/1569/1093 1797/1545/1092 1850/794/781
f 2434/908/884 2417/502/498 2364/501/497 2367/1570/1502
f 1352/1417/1364 1384/1150/1114 1328/1571/1503 1306/1572/1504
f 366/1573/1505 352/27/27 351/578/573 370/1574/1506
f 123/705/695 112/1282/1238 96/1264/1221 111/706/696
f 1926/910/885 1320/1575/1319 1269/1576/1321 1885/911/886
f 522/1363/1316 517/1366/1318 621/1577/1507 637/1578/1508
f 536/462/460 2591/461/459 567/1579/653 555/1580/290
f 1491/1581/1509 1492/1582/1510 1445/969/941 1446/1583/1511
f 920/846/204 963/845/827 1242/1584/1512 1185/1585/205
f 158/644/638 193/15/15 187/14/14 152/1586/1513
f 1461/1587/1514 1446/1583/1511 1373/1291/1246 1402/1292/1247
f 496/709/699 490/223/223 473/226/226 480/1588/1515
f 1608/1084/1051 1577/1083/1050 1576/1589/1516 1609/1590/1517
f 1691/1591/1518 1675/1592/1519 1632/1593/1520 1653/1594/1521
f 517/1366/1318 506/1365/1317 494/1595/1522 507/1194/1154
f 1412/1596/1523 1453/1418/1365 1352/1417/1364 1351/1597/1524
f 1591/1018/989 1642/1598/1525 1592/1354/1307 1540/1357/1310
f 1491/1581/1509 1446/1583/1511 1461/1587/1514 1504/1599/1526
f 1117/1029/998 1223/1600/1527 1175/1601/1528 1068/1602/1529
f 2351/397/395 2345/400/398 2331/1076/1043 2344/1603/1530
f 150/1212/1172 135/707/697 130/682/674 144/1604/1531
f 616/1605/1532 600/1606/1533 574/858/839 563/1108/1075 587/877/858
f 1072/1607/1534 1098/1608/1535 1124/1609/1536 1097/1610/1537
f 410/517/513 353/540/536 478/542/538 518/518/514
f 2198/1398/1347 2081/1611/1538 2144/465/463 2220/468/466
f 440/1190/1150 426/1307/1262 413/1306/1261 427/1191/1151
f 626/1612/1539 596/1613/1540 609/1564/1497 646/1563/1496
f 936/1614/1541 983/1615/1542 960/1152/1116 916/1155/1119
f 347/444/442 335/1616/1543 410/517/513 447/519/515
f 1018/1617/1544 977/366/364 997/1618/1545 1042/1619/1546
f 2605/1620/1547 2608/1621/1548 1244/1622/1129 1186/1623/1128
f 2001/810/794 1925/1624/1549 1939/1625/1550 2016/808/792
f 1604/1626/1551 1639/1627/1552 1663/1628/1553
f 1616/1268/1225 1600/1326/1280 1800/1629/1554 1801/1265/1222
f 344/1396/1345 326/665/659 322/1339/1292 342/1534/1473
f 889/1630/1555 895/1312/1267 1054/1290/1245 1048/1631/1556
f 281/579/574 256/1632/1557 265/1497/1438 289/725/715
f 497/1328/1282 493/497/493 589/383/381
f 84/201/201 63/155/155 73/156/156
f 587/877/858 617/363/361 657/1633/1558 616/1605/1532
f 1908/1634/1559 1236/1635/1560 1210/1636/1561 1872/1637/1562
f 2126/806/790 2102/1638/1563 2059/1481/1424 2103/1480/1423
f 2434/908/884 2443/1475/1418 2466/1474/1417 2463/905/881
f 601/376/374 588/487/485 570/488/486 584/377/375
f 1509/1486/1429 1523/1639/1564 1479/1640/1565 1465/1641/1566
f 126/110/110 166/245/245 202/244/244 159/111/111
f 657/1633/1558 662/1642/1567 623/1643/1568 616/1605/1532
f 156/1120/1086 323/1518/1457 311/1517/1456 145/736/725
f 469/824/807 611/1058/1025 648/389/387 486/388/386
f 432/1644/1569 442/1645/1570 334/1646/1571 329/1647/1572
f 290/726/716 266/713/703 272/714/704 300/989/960
f 386/1648/1573 378/1649/1574 377/1650/1575 387/1651/1576
f 372/1652/1577 370/1574/1506 378/1649/1574 386/1648/1573
f 1642/1598/1525 1591/1018/989 1641/1017/988 1729/1653/1578
f 1541/1654/1579 1529/1655/1580 1490/890/868 1503/1240/1198
f 1750/572/567 1716/1656/1581 1751/1055/1022 1771/801/786
f 372/1652/1577 386/1648/1573 389/1657/1582 381/1658/1583
f 390/522/518 382/521/517 373/898/876 381/1658/1583
f 680/1659/1584 2595/369/367 797/1536/1475 715/1660/1585
f 1824/802/787 1799/1057/1024 1822/1661/1586 1852/1662/1587
f 1530/1392/1341 1574/1395/1344 1559/1663/1588 1518/1664/1589
f 938/1153/1117 917/1033/1002 872/1032/1001 893/1154/1118
f 454/823/806 338/826/809 334/1646/1571 442/1645/1570
f 396/1665/1590 387/1651/1576 377/1650/1575 385/1666/1591
f 389/1657/1582 386/1648/1573 387/1651/1576 397/1667/1592
f 1590/1668/1593 1588/1669/1594 1521/1374/1325 1502/629/624 1556/632/627
f 1507/1670/1595 1545/1452/1397 1519/1451/1396 1474/1671/894
f 1635/1267/1224 1619/619/614 1539/1381/1332 1549/1380/1331
f 2226/1672/1596 2391/1673/194 2386/1674/1597 2206/1675/1598
f 1514/1676/1599 1500/1677/1600 1470/39/39 1487/1678/1601
f 390/522/518 381/1658/1583 389/1657/1582 401/1679/1602
f 583/1340/1293 394/1680/1603 164/70/70 417/1341/1294
f 394/1680/1603 583/1340/1293 794/1562/1495 508/1450/1395
f 636/382/380 520/1681/678 511/1327/1281
f 393/463/461 536/462/460 543/1682/1604 404/1476/1419
f 2566/1683/1605 1135/1684/1606 1011/593/588 1007/592/587
f 923/1105/1072 699/1104/1071 734/782/769 945/781/768
f 396/1665/1590 385/1666/1591 395/1685/1607 406/1686/1608
f 401/1679/1602 389/1657/1582 397/1667/1592 409/1687/1609
f 1547/1688/1610 1376/1689/1611 1748/1129/1094 1974/652/646
f 1413/653/647 1387/123/123 1455/126/126 1485/1690/1612
f 1403/1691/1613 1343/1692/893 1271/1693/1614 1321/1694/1615
f 1551/1695/1616 1511/547/543 1479/1640/1565 1523/1639/1564
f 1988/1696/1617 2009/1697/1618 2047/1502/1443 2029/1698/1619
f 400/520/516 411/1305/1260 399/508/504 388/510/506
f 400/520/516 390/522/518 402/1309/1264 412/1308/1263
f 378/1649/1574 370/1574/1506 351/578/573 358/724/714
f 244/243/243 330/311/309 353/540/536 291/1699/1620
f 1649/1700/1621 1687/1701/1622 1648/1702/1623 1628/1703/1624
f 1677/1488/1431 1696/1704/1625 2138/1705/1626 2119/1706/1627
f 419/1707/1628 406/1686/1608 395/1685/1607 405/1708/1629
f 420/1709/1630 408/1710/1631 396/1665/1590 406/1686/1608
f 421/1711/1632 409/1687/1609 397/1667/1592 407/1712/1633
f 407/1712/1633 408/1710/1631 420/1709/1630 422/1713/1634
f 401/1679/1602 409/1687/1609 413/1306/1261 402/1309/1264
f 1625/1714/1635 1595/1715/1636 1607/1716/1637 1646/1717/1638
f 1568/833/816 1407/832/815 1425/1718/1639 1723/1512/1451
f 2444/1408/1356 2429/570/565 2430/569/564 2448/907/883
f 1067/1719/1640 1175/1601/1528 1151/1720/1641 1043/1721/1642
f 425/1722/1643 411/1305/1260 400/520/516 412/1308/1263
f 1093/588/583 1045/1723/1644 1069/589/584
f 283/384/382 294/1491/1269 361/1490/1433 356/385/383
f 1497/756/745 1451/1724/1645 1432/1725/1646 1478/757/746
f 2466/1474/1417 2502/285/285 2511/1726/1647 2486/1727/1648
f 291/1699/1620 353/540/536 410/517/513 335/1616/1543
f 433/1728/275 419/1707/1628 405/1708/1629 418/1729/276
f 434/1730/1649 420/1709/1630 406/1686/1608 419/1707/1628
f 427/1191/1151 413/1306/1261 409/1687/1609 421/1711/1632
f 421/1711/1632 407/1712/1633 422/1713/1634 435/1731/1650
f 436/1732/1651 422/1713/1634 420/1709/1630 434/1730/1649
f 2405/1733/1652 2424/337/335 2481/696/686 2464/283/283
f 807/1734/828 920/204/204 782/203/203
f 247/25/25 168/1533/1472 175/1735/1653 255/1736/1654
f 383/1737/1655 403/1738/1656 392/1739/1657
f 1461/1587/1514 1402/1292/1247 1427/892/870 1473/891/869
f 398/1740/1658 365/36/36 380/509/505 423/529/525
f 2034/1039/1008 2051/210/210 2013/1038/1007 1993/612/607
f 425/1722/1643 412/1308/1263 426/1307/1262 439/1741/1659
f 595/1742/1660 606/1743/1661 597/1744/1662 579/1745/1663
f 415/1746/1664 392/1739/1657 403/1738/1656 494/1595/1522 506/1365/1317
f 774/475/473 801/1302/1257 798/1438/1383 772/1437/1382
f 1252/1747/1665 1253/1748/1666 1289/1749/1667 1307/1750/1668
f 522/1751/1316 637/1752/1508 859/1753/1669 716/1754/1670
f 433/1728/275 443/1755/1070 434/1730/1649 419/1707/1628
f 441/1192/1152 427/1191/1151 421/1711/1632 435/1731/1650
f 444/1756/1671 435/1731/1650 422/1713/1634 436/1732/1651
f 445/1757/1672 436/1732/1651 434/1730/1649 443/1755/1070
f 518/518/514 530/549/545 551/402/400 539/401/399
f 347/444/442 318/443/441 301/595/590 335/1616/1543
f 685/1758/1673 645/955/929 644/1759/1674 683/1760/1675
f 1823/800/482 1798/573/568 1750/572/567 1771/801/786
f 1518/1664/1589 1559/1663/1588 1544/1761/1676 1506/1762/1677
f 873/1763/1678 832/1764/1679 853/1035/1004 894/1034/1003
f 1905/1524/1463 1907/1269/1226 1962/1765/1680 1959/1523/1462
f 448/1766/1681 437/528/524 424/527/523 438/1304/1259
f 2232/1767/1682 2187/1768/1683 2188/849/830 2221/872/853
f 450/1769/1684 439/1741/1659 426/1307/1262 440/1190/1150
f 595/1742/1660 579/1745/1663 568/288/288 575/291/291
f 2469/1770/1685 2459/906/882 2463/905/881 2475/1771/1686
f 1658/113/113 1697/112/112 1583/1772/1687 1550/1773/1688
f 1481/1774/1689 1482/1775/1690 1454/1147/1111 1453/1418/1365
f 697/1776/1691 676/1777/1692 2581/1778/1693 2579/1779/1694
f 2588/1047/1016 2582/815/798 1496/814/797 1405/1045/1014
f 452/179/179 441/1192/1152 435/1731/1650 444/1756/1671
f 455/1780/1695 444/1756/1671 436/1732/1651 445/1757/1672
f 2503/1781/1696 2511/1726/1647 2516/1206/1166 2507/986/958
f 2457/324/322 2445/327/325 2440/1782/1697 2454/1783/1698
f 1895/718/708 1918/819/802 1916/264/264 1892/263/263
f 119/1344/1297 124/1784/1699 146/606/601 138/605/600
f 448/1766/1681 438/1304/1259 449/1785/1700 458/1786/1701
f 2093/956/930 2116/1522/1461 2073/511/507 2053/1787/1702
f 450/1769/1684 440/1190/1150 451/1193/1153 460/1788/1703
f 32/735/53 44/1139/52 145/736/725
f 2331/1076/1043 2336/1789/1704 2348/1311/1266 2344/1603/1530
f 453/1239/1197 416/464/462 323/1518/1457 337/1249/1207
f 1721/1790/1705 1722/1791/1706 1567/1792/1707 1566/1793/1708
f 452/179/179 444/1756/1671 455/1780/1695 462/180/180
f 137/538/534 174/1496/1437 176/1794/1709 139/539/535
f 1012/1795/1710 948/1796/1711 947/1797/1712 990/1798/1713
f 398/1740/1658 423/529/525 479/1482/1425 464/1799/1714
f 2132/888/866 2151/721/711 2110/1800/1715 2089/889/867
f 449/1785/1700 459/1801/1716 465/225/225 458/1786/1701
f 1325/314/312 1273/1802/1717 1324/1803/861 1377/315/313
f 2066/1804/1718 2109/887/865 2067/886/864 2027/1805/1719
f 467/1806/1720 460/1788/1703 451/1193/1153 461/178/178
f 2599/1090/1057 1773/1807/1721 1548/1323/1277 2613/1322/1276
f 1755/1808/1722 1586/1487/1430 1602/618/613 1779/617/612
f 1110/1809/1723 1081/1810/1724 1060/1811/1725 1080/1812/1726
f 453/1239/1197 527/370/368 2595/369/367 2592/1238/1196
f 1697/112/112 1876/116/116 1940/1813/1727 1774/1343/1296
f 1005/648/642 1029/230/230 1322/1421/1368 1298/1014/985
f 2516/1206/1166 2534/1207/1167 2526/983/955 2507/986/958
f 1992/439/437 1953/1814/1728 1934/576/571 1971/440/438
f 615/1263/1220 599/1262/1219 552/1061/1028 561/1062/1029
f 1800/1629/1554 1718/1815/1729 1825/1816/1730 1853/1237/1195
f 473/226/226 465/225/225 459/1801/1716 466/1817/1731
f 1818/1818/1732 1845/334/332 1837/333/331 1809/1819/1733
f 2490/1379/1330 2514/567/562 2458/1820/1734 2455/787/774
f 468/177/177 476/1821/494 467/1806/1720 461/178/178
f 569/1822/1735 581/1059/1026 454/823/806 442/1645/1570
f 1939/1625/1550 1925/1624/1549 1880/1823/1736 1900/1824/1737
f 859/1753/1669 2586/816/799 2582/815/798 716/1754/1670
f 1533/429/427 1549/1380/1331 1495/1185/1145 1477/430/428
f 525/636/631 502/1825/1738 505/406/404 531/405/403
f 43/62/62 29/55/55 2618/1826/1739 2615/1827/1740
f 480/1588/1515 473/226/226 466/1817/1731 475/1828/1741
f 2564/638/633 2563/637/632 1547/1688/1610 1654/1829/1742
f 291/1699/1620 335/1616/1543 301/595/590 235/839/822
f 590/120/120 499/84/84 512/1830/1743 619/1362/1315
f 511/1831/1281 504/710/700 491/1832/1744 497/1833/1282
f 503/1834/1745 498/262/262 481/224/224 490/223/223
f 1005/648/642 876/647/641 897/231/231 1029/230/230
f 465/225/225 481/224/224 474/261/261 458/1786/1701
f 2216/1835/1746 2177/1836/1747 2186/1837/1748 2230/1838/1749
f 1147/1839/1750 1173/1840/1751 1119/1841/1752 1091/1842/1753
f 1923/351/349 1924/941/915 1857/1271/1228 1856/1077/1044
f 480/1588/1515 475/1828/1741 482/1843/1754 491/1832/1744
f 1981/1401/1349 2042/1400/1348 2059/1481/1424 2041/1844/1755
f 2174/1442/1387 2211/1845/1756 2254/1846/1757 2235/1440/1385
f 1877/1847/1758 1922/1848/1759 1957/1849/1760
f 2442/336/334 2458/1820/1734 2514/567/562 2501/566/561
f 86/107/107 94/208/208 75/117/117
f 2542/1850/1761 2452/1851/1762 2435/1852/1763 2518/1853/580
f 2037/1854/1764 1957/1849/1760 1922/1848/1759 1997/1855/1765
f 497/1833/1282 491/1832/1744 482/1843/1754 493/1856/493
f 2164/1857/1766 2208/1858/1767 2150/1859/1768 2108/1860/1769
f 989/1861/1770 770/1862/1771 785/1863/1772 1011/593/588
f 466/1817/1731 459/1801/1716 439/1741/1659 450/1769/1684
f 1051/221/221 1028/220/220 1055/292/292 1075/1864/1773
f 2576/1865/1774 2589/1866/1775 374/1867/1776 391/1868/1777
f 1954/418/416 1937/417/415 1918/819/802 1936/818/801
f 902/1243/1201 1106/1046/1015 2613/1322/1276 2603/884/863
f 1370/516/512 1591/1018/989 1540/1357/1310 1297/1869/1778
f 300/989/960 272/714/704 279/13/13 307/990/961
f 267/213/213 318/443/441 325/442/440 274/413/411
f 857/1870/1779 879/1871/1780 844/482/480 822/1872/1781
f 562/356/354 553/355/353 526/552/548 532/687/679
f 1343/919/893 1211/206/206 1271/1873/1614
f 290/726/716 300/989/960 363/992/963 359/727/717
f 660/1874/1782 905/1106/1073 859/1753/1669 637/1752/1508
f 149/704/694 155/1875/249 127/1876/1783 123/705/695
f 364/1175/1137 354/441/439 457/620/615 472/1161/1125
f 280/26/26 247/25/25 255/1736/1654
f 324/1478/1421 157/303/303 151/306/304 316/1479/1422
f 763/865/846 783/1463/1408 837/1877/1784 820/1878/1785
f 170/778/765 179/820/803 150/1212/1172 144/1604/1531
f 314/258/258 310/172/172 296/286/286 304/259/259
f 769/481/479 753/1879/1786 822/1872/1781 844/482/480
f 1852/1662/1587 1822/1661/1586 1836/1880/1787 1860/1881/1788
f 617/363/361 633/362/360 671/1882/1789 657/1633/1558
f 317/1883/1790 312/1884/1791 288/16/16 299/1289/1244
f 2360/1885/1445 2024/1425/1372 2023/1385/1335 2358/1384/496
f 292/610/605 302/1551/1486 282/798/784 268/703/693
f 462/1886/180 455/1887/1695 544/1888/1792 549/1889/1793
f 126/110/110 104/537/533 142/536/532 166/245/245
f 228/1890/954 331/1891/1794 320/83/83 214/1892/1795
f 2438/758/747 2437/788/775 2455/787/774 2458/1820/1734
f 314/258/258 327/257/257 333/1893/1796 321/1406/1354
f 1545/1452/1397 1507/1670/1595 1520/1467/1412 1564/1470/1415
f 107/1894/1357 116/1895/1797 171/1896/1798 90/1897/227
f 2440/1898/1697 2341/603/598 2362/602/597 2454/1899/1698
f 733/1900/1799 714/1901/1800 2583/1902/1801 2574/1903/1802
f 430/1904/1803 432/1644/1569 329/1647/1572 328/1905/1804
f 1131/1906/1805 1108/1907/1806 1058/1908/1807 1078/1909/1808
f 559/1910/1809 432/1644/1569 430/1904/1803 557/1911/1810
f 1666/1521/1460 1592/1354/1307 1642/1598/1525 1734/1272/1229
f 228/982/954 214/1912/1795 210/4/4 221/980/952
f 1008/1913/1811 2596/1361/1314 941/1360/1313 1030/1914/1812
f 2575/1915/1813 512/1830/1743 331/1891/1794 340/1216/1176
f 955/1352/1305 974/1916/1814 996/1917/1815 976/1349/1302
f 133/535/531 95/534/530 120/506/502 140/667/661
f 1626/1221/1179 1669/1220/1178 1707/299/299 1640/302/302
f 1790/1918/1816 1817/1919/1817 1793/1405/1353 1741/1404/1352 1765/1920/1818
f 509/1230/1188 479/1482/1425 487/1921/1819 514/635/630
f 1409/1149/1113 1464/1148/1112 1478/757/746 1432/1725/1646
f 2606/1922/1820 2601/1091/1058 1496/814/797 1636/813/796
f 1048/1631/1556 1369/971/943 1375/424/422 1057/423/421
f 935/1351/1304 912/1254/1212 933/427/425 955/1352/1305
f 1563/1923/1821 842/1924/1822 580/1183/1143 1531/1182/1142
f 2013/1038/1007 1893/1037/1006 1870/613/608 1993/612/607
f 904/1925/1823 913/1160/1124 868/420/418 858/419/417
f 375/1065/1032 383/1737/1655 344/1396/1345 342/1534/1473
f 2216/1835/1746 2197/1926/1824 2160/1927/1825 2177/1836/1747
f 992/1928/1826 928/1929/1827 909/451/449 970/450/448
f 1977/1930/1828 1997/1855/1765 1922/1848/1759 1903/1931/1829
f 775/1932/1830 789/1933/1831 757/473/471 740/56/56
f 1579/1934/1832 654/1935/1833 842/1924/1822 1563/1923/1821
f 338/826/809 346/825/808 186/1936/1834 172/761/750
f 1637/1498/1439 1658/113/113 1550/1773/1688 1534/1485/1428
f 865/360/358 850/1937/1835 828/1938/1836 849/361/359
f 106/144/144 111/706/696 96/1264/1221 89/145/145
f 1463/431/429 1408/1939/310 1377/1510/313 1449/749/738
f 1242/1584/1512 963/845/827 985/645/639 1272/1013/984
f 1082/866/847 1032/869/850 1009/1940/1837 1062/1941/1838
f 758/946/920 742/1942/1839 723/159/159
f 1147/1839/1750 1091/1842/1753 1042/1619/1546 1092/1943/1840
f 122/1550/1485 115/1944/1841 103/1293/1248 110/207/207
f 482/1843/1754 475/1828/1741 460/1788/1703 467/1806/1720
f 456/1483/1426 437/528/524 448/1766/1681 471/1945/1842
f 2575/1915/1813 659/1359/1312 619/1362/1315 512/1830/1743
f 2015/901/643 1896/1946/1843 1938/513/509 2054/512/508
f 2082/1317/1272 2058/1316/1271 2020/1947/1844 2041/1844/1755
f 2423/445/443 2425/448/446 2432/789/776 2437/788/775
f 1635/1267/1224 1549/1380/1331 1533/429/427 1616/1268/1225
f 577/1948/1845 607/1949/1846 608/1950/1847 576/1951/1848
f 113/308/306 132/641/636 128/1952/1849 114/1953/1850
f 147/1549/1484 141/1954/1851 115/1944/1841 122/1550/1485
f 1694/1955/566 1655/582/577 1634/581/576 1676/1956/1852
f 1065/1957/1853 1015/1958/1854 992/1928/1826 1388/1959/1855
f 116/1960/1797 107/1409/1357 97/1283/1239 112/1282/1238
f 720/1961/1856 756/1962/1857 771/1963/1858 738/59/59
f 1623/1964/1859 1557/1471/1416 1572/1355/1308 1645/1965/1860
f 2604/1966/1861 2611/1967/1862 676/1777/1692 697/1776/1691
f 1854/1968/1863 1802/1969/1864 1776/1004/975 1830/738/727
f 160/1970/1865 153/96/96 194/95/95 189/1971/1866
f 769/481/479 737/1972/1867 719/1973/1868 753/1879/1786
f 167/1974/247 155/1875/249 149/704/694 161/1211/1171
f 654/1935/1833 2560/1975/1869 2572/1976/1870 842/1924/1822
f 500/857/838 501/856/837 485/1064/1031 484/1063/1030
f 415/1746/1664 429/1977/1204 368/1978/1054 362/1979/1871
f 568/288/288 578/1980/1872 558/1981/1873 550/289/289
f 857/1870/1779 903/1982/1874 922/1983/1875 879/1871/1780
f 1101/1984/1876 1076/1985/1877 984/1986/1878 1003/1987/1879
f 173/604/599 174/1496/1437 137/538/534 138/605/600
f 1187/1988/1880 1158/1989/1881 1107/1990/1882 1130/1991/1883
f 25/17/17 16/80/80 8/34/34 17/18/18
f 2592/1238/1196 640/1992/1402 604/1993/1401
f 705/1043/1012 667/1162/1126 724/1163/1127 745/1994/1884
f 1735/1995/1885 1705/1996/1886 1668/1997/1887 1682/1998/1888
f 2399/1131/1096 2369/1130/1095 2372/1566/1499 2405/1733/1652
f 509/1230/1188 495/657/651 464/1799/1714 479/1482/1425
f 2153/1999/1889 2131/2000/1890 2150/1859/1768 2166/2001/1891
f 1441/970/942 1448/1006/977 1375/424/422 1369/971/943
f 19/54/54 2616/1509/1450 2618/1826/1739 29/55/55
f 544/1888/1792 455/1887/1695 445/2002/1672 538/2003/1892
f 2035/438/436 2036/544/540 1995/477/475 1992/439/437
f 1521/1374/1325 1588/1669/1594 1581/1117/1084
f 606/1743/1661 625/954/928 610/2004/1893 597/1744/1662
f 608/1950/1847 613/2005/1894 582/2006/1895 576/1951/1848
f 579/1745/1663 596/1613/1540 578/1980/1872 568/288/288
f 691/271/271 727/193/193 689/2007/1896 653/2008/1897
f 393/463/461 404/1476/1419 316/1479/1422 311/1517/1456
f 146/606/601 152/1586/1513 187/14/14 182/607/602
f 99/1446/1391 100/237/237 82/198/198 83/200/200
f 593/2009/654 2592/1238/1196 604/1993/1401
f 189/1971/1866 183/1022/991 154/2010/1898 160/1970/1865
f 1977/1930/1828 1903/1931/1829 1878/737/726 1958/914/888
f 365/36/36 398/1740/1658 379/937/911 355/37/37
f 516/685/677 504/710/700 511/1831/1281 520/686/678
f 1376/1689/1611 747/583/578 1655/582/577 1693/2011/1899 1748/1129/1094
f 1716/1656/1581 1676/2012/1852 1656/2013/1900 1695/2014/1901
f 600/1606/1533 603/2015/1902 592/855/836 591/859/840
f 1847/2016/1903 1845/334/332 1818/1818/1732 1820/2017/1904
f 605/1098/1065 595/1742/1660 575/291/291 594/658/652
f 543/1682/1604 558/2018/1873 577/2019/1845 556/2020/1905
f 597/1744/1662 609/1564/1497 596/1613/1540 579/1745/1663
f 1036/2021/1906 971/2022/1907 950/2023/1908 1015/1958/1854
f 1351/1597/1524 1352/1417/1364 1306/1572/1504 1305/2024/1909
f 1792/1402/1350 1819/505/501 1794/2025/1910 1740/1403/1351
f 2439/2026/1911 2339/2027/1912 2306/2028/1913 2426/2029/1333
f 1800/1629/1554 1600/1326/1280 1582/1325/1279 1718/1815/1729
f 1269/1576/1321 1295/2030/1914 1909/2031/1915 1885/911/886
f 334/1646/1571 131/493/491 163/496/492 329/1647/1572
f 566/371/369 573/119/119 2593/122/122 2594/372/370
f 622/2032/1916 602/1195/1155 592/855/836 603/2015/1902
f 616/1605/1532 623/1643/1568 603/2015/1902 600/1606/1533
f 626/1612/1539 627/2033/1917 608/1950/1847 607/1949/1846
f 889/1630/1555 898/2034/1918 838/2035/1919 829/2036/1920 869/2037/1921
f 597/1744/1662 610/2004/1893 628/1565/1498 609/1564/1497
f 462/2038/180 549/2039/1793 554/673/665 468/672/177
f 2612/883/862 2608/1621/1548 796/2040/1922 843/2041/1923
f 627/2033/1917 630/2042/1924 613/2005/1894 608/1950/1847
f 2513/680/672 2524/321/319 2533/2043/1925 2519/681/673
f 1023/1067/1034 980/1070/1037 967/2044/1926 1010/2045/1927
f 857/1870/1779 822/1872/1781 797/2046/1475 821/2047/1474
f 1066/2048/1928 1087/747/736 1016/746/735 993/2049/1929
f 2522/584/579 2512/557/553 2515/556/552 2527/597/592
f 662/1642/1567 678/2050/1930 639/2051/1931 623/1643/1568
f 502/1825/1738 487/1921/1819 470/1484/1427 488/2052/1932
f 2211/1845/1756 1796/2053/1933 1770/2054/1934 2190/1144/1108
f 1539/1381/1332 1619/619/614 1602/618/613 1535/2055/1935
f 360/35/35 348/28/28 352/27/27 366/1573/1505
f 505/406/404 502/1825/1738 488/2052/1932 492/260/260
f 638/2056/1936 621/1577/1507 602/1195/1155 622/2032/1916
f 639/2051/1931 622/2032/1916 603/2015/1902 623/1643/1568
f 857/1870/1779 821/2047/1474 903/1982/1874
f 645/955/929 625/954/928 606/1743/1661 644/1759/1674
f 778/2057/1937 777/2058/1938 784/2059/1939 759/2060/1940
f 666/1042/1011 628/1565/1498 667/1162/1126 705/1043/1012
f 651/2061/1941 629/2062/1942 613/2005/1894 630/2042/1924
f 627/2033/1917 765/2063/1943 746/2064/1944 630/2042/1924
f 2285/2065/1945 2286/2066/1946 2252/2067/1947 2250/2068/1948
f 488/2052/1932 470/1484/1427 456/1483/1426 471/1945/1842
f 638/2056/1936 660/2069/1782 637/1578/1508 621/1577/1507
f 638/2056/1936 622/2032/1916 639/2051/1931 661/1136/1101
f 380/509/505 365/36/36 360/35/35 373/898/876
f 642/1099/1066 624/661/655 641/1455/1400 663/2070/1949
f 2091/1460/1405 2135/2071/1950 2112/2072/1951 2070/185/185
f 1400/1337/1290 1450/1336/1144 1439/2073/317
f 451/1193/1153 441/1192/1152 452/179/179 461/178/178
f 668/2074/1952 650/2075/1953 629/2062/1942 651/2061/1941
f 651/2061/1941 630/2042/1924 746/2064/1944 669/2076/1954
f 669/2076/1954 746/2064/1944 653/2008/1897 689/2007/1896
f 1994/514/510 1954/418/416 1936/818/801 1973/2077/1955
f 1806/616/611 1827/1266/1223 1900/1824/1737 1880/1823/1736
f 502/1825/1738 525/636/631 514/635/630 487/1921/1819
f 674/2078/1956 658/1540/1479 635/379/377 675/1036/1005
f 1596/1453/1398 1610/2079/1957 1578/2080/1958 1562/1454/1399
f 1902/987/596 1828/988/959 1976/1505/1446 2038/1506/1447
f 978/2081/1959 1019/2082/1960 998/2083/1961
f 549/1889/1793 544/1888/1792 2562/2084/1962 2568/2085/1963
f 538/2003/1892 445/2002/1672 443/1103/1070 533/1102/1069
f 677/1135/1100 660/2069/1782 638/2056/1936 661/1136/1101
f 470/1484/1427 487/1921/1819 479/1482/1425
f 657/1633/1558 671/1882/1789 679/2086/1964 662/1642/1567
f 642/1099/1066 663/2070/1949 682/2087/1965 664/1100/1067
f 727/193/193 726/192/192 688/2088/1966 689/2007/1896
f 1835/2089/1967 1808/2090/1968 1782/2091/1969 1807/2092/1970
f 81/236/236 72/199/199 50/1071/1038 59/234/234
f 941/1360/1313 659/1359/1312 676/1777/1692 2611/1967/1862
f 2284/2093/1283 2227/949/923 2427/952/926 2435/1852/1763
f 2319/2094/1971 2327/2095/1972 2318/2096/1973 2311/2097/1974
f 668/2074/1952 651/2061/1941 669/2076/1954 688/2088/1966
f 646/1563/1496 666/1042/1011 652/1041/1010 765/2063/1943
f 746/2064/1944 765/2063/1943 652/1041/1010 653/2008/1897
f 610/2004/1893 625/954/928 665/162/162 647/161/161
f 316/1479/1422 151/306/304 145/736/725 311/1517/1456
f 674/2078/1956 693/2098/1975 672/2099/1976 658/1540/1479
f 671/1882/1789 673/2100/1977 634/2101/1978 679/2086/1964
f 674/2078/1956 675/1036/1005 695/1008/979 696/2102/1979
f 2232/1767/1682 2251/132/132 2209/131/131 2187/1768/1683
f 677/1135/1100 699/2103/1071 698/2104/1074 660/2069/1782
f 662/1642/1567 679/2086/1964 701/2105/1980 678/2050/1930
f 209/1151/1115 204/1021/990 183/1022/991 189/1971/1866
f 682/2087/1965 703/58/58 683/1760/1675 664/1100/1067
f 1995/477/475 1952/480/478 1953/1814/1728 1992/439/437
f 705/1043/1012 745/1994/1884 728/273/273 690/272/272
f 704/57/57 685/1758/1673 683/1760/1675 703/58/58
f 1326/2106/1981 1274/2107/1982 1245/1167/1131 1300/1166/1130
f 404/1476/1419 543/1682/1604 556/2020/1905 431/1477/1420
f 1610/2079/1957 1629/2108/1983 1597/2109/1984 1578/2080/1958
f 653/2008/1897 652/1041/1010 690/272/272 691/271/271
f 1878/737/726 1903/1931/1829 1854/1968/1863 1830/738/727
f 1341/2110/1985 1367/2111/1986 1368/2112/1987
f 674/2078/1956 696/2102/1979 710/2113/1988 693/2098/1975
f 712/1007/978 713/2114/1989 696/2102/1979 695/1008/979
f 795/640/635 532/1174/679 520/1681/678 636/382/380
f 2580/2115/1990 2567/2116/1991 1719/2117/1992 1696/1704/1625
f 700/1137/1102 678/2050/1930 701/2105/1980 718/2118/1993
f 949/2119/1994 940/2120/1995 919/2121/1996 927/2122/1997
f 944/2123/1998 904/1925/1823 879/1871/1780 922/1983/1875
f 234/94/94 188/93/93 235/839/822 301/595/590
f 704/57/57 722/476/474 721/2124/1999 685/1758/1673
f 944/2123/1998 957/2125/2000 913/1160/1124 904/1925/1823
f 1807/2092/1970 1782/2091/1969 1756/1448/1393 1781/1447/1392
f 117/2126/305 108/2127/308 186/1936/1834 200/1528/1467
f 1750/572/567 1694/571/566 1676/2012/1852 1716/1656/1581
f 2175/2128/2001 2158/2129/2002 2119/1706/1627 2138/1705/1626
f 287/1261/1218 284/1313/1268 264/1209/1169 271/1234/1192
f 886/242/242 866/241/241 850/1937/1835 865/360/358
f 929/1461/1406 863/1462/1407 813/458/456 932/876/857
f 507/1194/1154 602/1195/1155 621/1577/1507 517/1366/1318
f 730/2130/2003 710/2113/1988 696/2102/1979 713/2114/1989
f 731/2131/2004 713/2114/1989 712/1007/978 732/1060/1027
f 1651/1226/1184 1630/1508/1449 1580/1469/1414 1599/2132/2005 1613/1224/1182
f 677/1135/1100 717/1134/1099 734/2133/769 699/2103/1071
f 580/1183/1143 842/1924/1822 2572/1976/1870 841/1561/1494
f 1451/1724/1645 1465/1641/1566 1433/2134/2006 1410/2135/2007
f 700/1137/1102 661/1136/1101 639/2051/1931 678/2050/1930
f 717/1134/1099 700/1137/1102 718/2118/1993 735/2136/2008
f 736/2137/2009 718/2118/1993 701/2105/1980 694/2138/2010
f 125/109/109 122/1550/1485 110/207/207
f 2370/2139/2011 2375/1075/1042 2356/1074/1041 2353/2140/2012
f 813/458/456 863/1462/1407 826/2141/2013 789/1933/1831
f 783/1463/1408 763/865/846 726/192/192 744/191/191
f 626/1612/1539 607/1949/1846 578/1980/1872 596/1613/1540
f 716/1754/1670 620/1248/1206 513/1247/1205 522/1751/1316
f 1376/1689/1611 1547/1688/1610 2563/637/632 2571/381/379
f 1018/1617/1544 1039/2142/2014 1038/2143/2015 994/176/176 975/875/856
f 273/799/785 257/1202/1162 245/997/968 268/703/693
f 748/2144/2016 711/2145/2017 710/2113/1988 730/2130/2003
f 730/2130/2003 713/2114/1989 731/2131/2004 749/2146/2018
f 748/2144/2016 736/2137/2009 694/2138/2010 711/2145/2017
f 731/2131/2004 732/1060/1027 750/2147/586 751/2148/589
f 1466/1111/1078 1467/1110/1077 1412/1596/1523 1351/1597/1524 1415/1372/1323
f 717/1134/1099 735/2136/2008 754/2149/766 734/2133/769
f 736/2137/2009 755/2150/2019 735/2136/2008 718/2118/1993
f 913/1160/1124 957/2125/2000 958/365/363 914/368/366
f 587/877/858 563/1108/1075 548/404/402 564/403/401
f 760/2151/2020 761/2152/2021 741/2153/2022 742/1942/1839
f 1425/1718/1639 1407/832/815 1586/1487/1430 1755/1808/1722
f 801/1302/1257 774/475/473 800/474/472 812/1303/1258
f 767/2154/2023 748/2144/2016 730/2130/2003 749/2146/2018
f 767/2154/2023 755/2150/2019 736/2137/2009 748/2144/2016
f 343/1219/1177 259/1218/1165 275/387/385 349/386/384
f 108/310/308 98/309/307 80/103/103 91/190/190
f 172/761/750 186/1936/1834 108/2127/308 91/762/190
f 735/2136/2008 755/2150/2019 770/2155/1771 754/2149/766
f 2573/765/753 521/764/752 620/1248/1206 2588/1047/1016
f 129/532/528 105/143/143 134/533/529
f 761/2152/2021 778/2057/1937 759/2060/1940 741/2153/2022
f 760/2151/2020 779/1560/1493 780/1559/1492 761/2152/2021
f 776/2156/2024 781/2157/2025 760/2151/2020 742/1942/1839
f 1599/2132/2005 1546/2158/2026 1565/1116/1083 1615/1115/1082
f 557/1911/1810 430/1904/1803 431/1477/1420 556/2020/1905
f 820/1878/1785 808/1444/1389 743/278/278 763/865/846
f 2096/899/877 2172/2159/2027 2137/2160/2028 2097/900/644
f 767/2154/2023 749/2146/2018 751/2148/589 785/2161/1772
f 767/2154/2023 785/2161/1772 770/2155/1771 755/2150/2019
f 477/353/351 303/352/350 308/82/82 483/81/81
f 1149/587/582 1206/1213/1173 1263/2162/2029 1177/2163/2030
f 68/495/158 67/2164/157 162/2165/2031 163/496/492
f 1705/1996/1886 1683/2166/2032 1647/2167/2033 1668/1997/1887
f 776/2156/2024 758/946/920 773/948/922 788/2168/2034
f 634/2101/1978 711/2145/2017 694/2138/2010
f 2438/758/747 2458/1820/1734 2442/336/334 2415/339/337
f 92/2169/2035 114/1953/1850 109/1445/1390 93/235/235
f 781/2157/2025 790/2170/2036 779/1560/1493 760/2151/2020
f 816/2171/2037 817/1558/1491 779/1560/1493 790/2170/2036
f 776/2156/2024 791/2172/2038 792/2173/2039 781/2157/2025
f 116/1895/1797 127/2174/1783 248/248/248 171/1896/1798
f 2073/511/507 1994/514/510 1973/2077/1955 2053/1787/1702
f 1079/2175/2040 1059/2176/2041 1008/2177/1811 1030/2178/1812
f 776/2156/2024 788/2168/2034 799/2179/2042 791/2172/2038
f 2227/2180/923 2284/1329/1283 2208/1858/1767 2164/1857/1766
f 786/422/420 802/421/419 771/1963/1858 756/1962/1857
f 2590/1079/1046 1425/1718/1639 1755/1808/1722 1833/2181/2043
f 963/845/827 836/844/826 856/646/640 985/645/639
f 781/2157/2025 792/2173/2039 804/2182/2044 790/2170/2036
f 1486/317/315 1468/1112/1079 1457/1431/1376 1436/2183/556 1440/318/316
f 2440/1782/1697 2445/327/325 2436/555/551 2431/1530/1469
f 805/2184/2045 792/2173/2039 791/2172/2038 806/2185/2046
f 1319/2186/2047 1367/2111/1986 1341/2110/1985 1318/2187/2048
f 1156/2188/2049 1472/1241/1199 1460/1227/1185 1127/1229/1187
f 815/435/433 852/434/432 831/2189/2050 804/2182/2044
f 1612/2190/2051 1631/2191/2052 1598/2192/2053 1579/1934/1832
f 573/119/119 566/371/369 477/353/351 483/81/81
f 1721/1790/1705 1566/1793/1708 1570/470/468 1725/469/467
f 640/1992/1402 2592/1238/1196 2595/369/367 680/1659/1584
f 798/1438/1383 809/2193/2054 810/2194/2055 787/1439/1384
f 788/2168/2034 787/1439/1384 810/2194/2055 799/2179/2042
f 791/2172/2038 799/2179/2042 811/2195/2056 806/2185/2046
f 848/2196/2057 883/452/450 909/451/449 864/2197/2058
f 798/1438/1383 801/1302/1257 814/1301/1256 809/2193/2054
f 992/1928/1826 1015/1958/1854 950/2023/1908 928/1929/1827
f 805/2184/2045 815/435/433 804/2182/2044 792/2173/2039
f 793/1443/1388 725/279/279 743/278/278 808/1444/1389
f 805/2184/2045 806/2185/2046 818/2198/2059 819/2199/2060
f 156/1120/1086 78/1119/60 90/1897/227 171/1896/1798
f 1666/1521/1460 1645/1965/1860 1572/1355/1308 1592/1354/1307
f 810/2194/2055 809/2193/2054 823/2200/2061 824/2201/2062
f 810/2194/2055 824/2201/2062 811/2195/2056 799/2179/2042
f 806/2185/2046 811/2195/2056 825/2202/2063 818/2198/2059
f 809/2193/2054 814/1301/1256 828/1938/1836 823/2200/2061
f 805/2184/2045 819/2199/2060 830/436/434 815/435/433
f 164/70/70 165/69/69 136/2203/637
f 832/1764/1679 833/2204/2064 817/1558/1491 816/2171/2037
f 834/2205/2065 819/2199/2060 818/2198/2059 835/2206/2066
f 550/2207/289 558/2018/1873 543/1682/1604 536/462/460
f 200/1528/1467 186/1936/1834 346/825/808 357/1529/1468
f 2058/1316/1271 2600/2208/2067 1299/349/347 2020/1947/1844
f 797/2046/1475 822/1872/1781 753/1879/1786 715/2209/1585
f 845/2210/2068 824/2201/2062 823/2200/2061 846/2211/2069
f 845/2210/2068 825/2202/2063 811/2195/2056 824/2201/2062
f 835/2206/2066 818/2198/2059 825/2202/2063 847/2212/2070
f 971/2022/1907 993/2049/1929 954/2213/2071 930/2214/2072
f 976/1349/1302 1020/2215/2073 1019/2082/1960 1356/1350/1303
f 828/1938/1836 850/1937/1835 846/2211/2069 823/2200/2061
f 1735/1995/1885 1682/1998/1888 1704/932/906 1762/931/905
f 833/2204/2064 869/2037/1921 829/2036/1920
f 851/870/851 830/436/434 819/2199/2060 834/2205/2065
f 832/1764/1679 816/2171/2037 831/2189/2050 853/1035/1004
f 854/2216/2074 855/2217/2075 834/2205/2065 835/2206/2066
f 1636/813/796 1657/977/949 2607/2218/2076 2606/1922/1820
f 1558/2219/2077 1541/1654/1579 1503/1240/1198 1516/1242/1200 1573/2220/2078
f 162/2165/2031 67/2164/157 55/304/133 157/303/303
f 740/56/56 757/473/471 722/476/474 704/57/57
f 338/826/809 172/761/750 131/493/491 334/1646/1571
f 845/2210/2068 846/2211/2069 860/2221/2079 861/2222/2080
f 825/2202/2063 845/2210/2068 861/2222/2080
f 854/2216/2074 835/2206/2066 847/2212/2070 862/2223/2081
f 486/388/386 357/1529/1468 346/825/808 469/824/807
f 860/2221/2079 846/2211/2069 850/1937/1835 866/241/241
f 109/1445/1390 114/1953/1850 128/1952/1849 124/1784/1699
f 851/870/851 834/2205/2065 855/2217/2075 870/2224/2082
f 872/1032/1001 853/1035/1004 831/2189/2050 852/434/432
f 854/2216/2074 874/2225/2083 875/2226/2084 855/2217/2075
f 1999/1412/1359 2018/410/408 1978/412/410 1960/1391/1340
f 2116/1522/1461 2093/956/930 2169/958/932 2189/2227/2085
f 880/2228/2086 861/2222/2080 860/2221/2079 881/2229/2087
f 854/2216/2074 862/2223/2081 882/2230/2088 874/2225/2083
f 909/451/449 928/1929/1827 884/357/355 864/2197/2058
f 446/541/537 379/937/911 398/1740/1658 464/1799/1714
f 860/2221/2079 866/241/241 888/240/240 881/2229/2087
f 2037/1854/1764 1997/1855/1765 2040/1026/995 2081/1611/1538
f 1508/748/737 1522/432/430 1463/431/429 1449/749/738
f 875/2226/2084 892/1332/1286 870/2224/2082 855/2217/2075
f 871/433/431 893/1154/1118 872/1032/1001 852/434/432
f 895/1312/1267 889/1630/1555 869/2037/1921 873/1763/1678
f 919/2121/1996 896/2231/2089 927/2122/1997
f 1901/341/339 1853/1237/1195 1825/1816/1730 1874/342/340
f 1690/2232/2090 1695/2014/1901 1656/2013/1900 1652/2233/2091
f 2289/2234/2092 2270/2235/2093 2253/2236/2094 2268/2237/2095
f 681/1458/1403 719/1973/1868 737/1972/1867 702/2238/2096
f 880/2228/2086 881/2229/2087 906/2239/2097 907/2240/2098
f 926/2241/2099 924/2242/2100 947/1797/1712 948/1796/1711
f 908/2243/2101 896/2231/2089 874/2225/2083 882/2230/2088
f 1088/1030/999 1117/1029/998 1068/1602/1529 1040/2244/2102
f 885/359/357 886/242/242 865/360/358
f 306/1338/1291 286/1280/1236 282/798/784 302/1551/1486
f 888/240/240 912/1254/1212 906/2239/2097 881/2229/2087
f 870/2224/2082 892/1332/1286 915/1335/1289 890/2245/2103
f 916/1155/1119 893/1154/1118 871/433/431 891/871/852
f 895/1312/1267 873/1763/1678 894/1034/1003 918/1122/1087
f 1482/1775/1690 1481/1774/1689 1566/1793/1708 1567/1792/1707
f 1657/977/949 1677/1488/1431 2119/1706/1627 2607/2218/2076
f 1581/1117/1084 1565/1116/1083 1475/2246/2104 1494/1375/1326 1521/1374/1325
f 546/2247/2105 541/663/657 531/405/403 535/407/405
f 2608/1621/1548 2612/883/862 1324/882/861 1273/2248/1717
f 553/355/353 572/297/297 561/1062/1029 547/553/549
f 924/2242/2100 907/2240/2098 906/2239/2097 925/2249/2106
f 1072/1607/1534 1100/374/372 1073/2250/2107 1025/915/889
f 908/2243/2101 926/2241/2099 927/2122/1997 896/2231/2089
f 1499/548/544 1552/2251/2108 1527/2252/451 1469/811/454
f 885/359/357 910/358/356 930/2214/2072 931/428/426
f 2204/804/788 2129/807/791 2117/2253/2109 2191/924/898
f 85/202/202 101/238/238 102/507/503 84/201/201
f 925/2249/2106 906/2239/2097 912/1254/1212 935/1351/1304
f 1126/2254/2110 1209/2255/2111 1241/1423/1370 1156/2188/2049
f 890/2245/2103 915/1335/1289 959/1334/1288 981/917/891
f 939/1123/1088 918/1122/1087 894/1034/1003 917/1033/1002
f 1428/2256/2112 1344/1015/986 1374/770/758 1447/769/757
f 369/991/962 307/990/961 312/1884/1791 376/2257/2113
f 968/780/767 754/779/766 770/1862/1771 989/1861/1770
f 1634/581/576 766/580/575 537/88/88 1243/87/87
f 1212/2258/2114 1187/1988/1880 1130/1991/1883 1157/2259/2115
f 1489/1376/1327 1494/1375/1326 1448/1006/977 1441/970/942
f 943/2260/2116 922/1983/1875 903/1982/1874 921/1538/1477
f 367/1493/1434 298/1492/1275 305/2261/170 374/1867/1776
f 924/2242/2100 925/2249/2106 946/2262/2117 947/1797/1712
f 949/2119/1994 927/2122/1997 926/2241/2099 948/1796/1711
f 775/1932/1830 803/459/457 813/458/456 789/1933/1831
f 953/426/424 931/428/426 930/2214/2072 954/2213/2071
f 783/1463/1408 744/191/191 728/273/273 764/1464/1409
f 2019/1027/996 2040/1026/995 1997/1855/1765 1977/1930/1828
f 946/2262/2117 925/2249/2106 935/1351/1304 956/2263/2118
f 2374/2264/2119 2376/2265/2120 2044/2266/2121 2004/2267/2122
f 2428/1531/1470 2416/2268/2123 2410/2269/682 2422/1532/1471
f 937/1333/1287 919/2121/1996 940/2120/1995 961/2270/2124
f 939/1123/1088 917/1033/1002 938/1153/1117 962/2271/2125
f 1586/1487/1430 1526/1113/1080 1535/2055/1935 1602/618/613
f 2192/2272/2126 2157/2273/2127 2174/1442/1387 2212/1441/1386
f 1299/349/347 2600/2208/2067 2021/2274/2128 1979/350/348
f 1650/2275/2129 1673/2276/2130 1631/2277/2052 1612/2278/2051
f 768/2279/2131 752/2280/2132 2578/2281/2133 2589/1866/1775
f 769/481/479 786/422/420 756/1962/1857 737/1972/1867
f 944/2123/1998 922/1983/1875 943/2260/2116 967/2044/1926
f 1070/2282/2134 1000/2283/2135 982/2284/2136 1049/2285/2137
f 908/2243/2101 907/2240/2098 924/2242/2100 926/2241/2099
f 1037/745/734 995/2286/2138 973/2287/2139 1016/746/735
f 972/174/174 951/449/447 929/1461/1406 952/175/175
f 953/426/424 954/2213/2071 973/2287/2139 974/1916/1814
f 1987/2288/2140 2010/2289/2141 2065/2290/2142 2046/2291/2143
f 849/361/359 828/1938/1836 814/1301/1256 827/1300/1255
f 978/2081/1959 969/2292/2144 946/2262/2117 956/2263/2118
f 979/1069/1036 958/365/363 957/2125/2000 980/1070/1037
f 1570/470/468 1566/1793/1708 1481/1774/1689 1467/1110/1077
f 583/1340/1293 708/848/829 877/1002/973 794/1562/1495
f 937/1333/1287 961/2270/2124 982/2284/2136 959/1334/1288
f 960/1152/1116 984/1986/1878 962/2271/2125 938/1153/1117
f 1296/2293/2145 1240/2294/2146 1208/1377/1328 1239/722/712
f 1854/1968/1863 1903/1931/1829 1922/1848/1759 1877/1847/1758
f 1897/728/718 1938/513/509 1896/1946/1843 1849/1569/1093
f 1527/2252/451 1552/2251/2108 1585/2295/2147 1554/2296/2148
f 1432/1725/1646 1382/2297/2149 1349/2298/2150 1409/1149/1113
f 1916/264/264 1918/819/802 1937/417/415 1898/486/484
f 944/2123/1998 967/2044/1926 980/1070/1037 957/2125/2000
f 972/174/174 991/2299/2151 970/450/448 951/449/447
f 971/2022/1907 930/2214/2072 910/358/356 950/2023/1908
f 213/214/214 225/414/412 226/1133/1098 209/1151/1115
f 973/2287/2139 995/2286/2138 996/1917/1815 974/1916/1814
f 979/1069/1036 997/1618/1545 977/366/364 958/365/363
f 978/2081/1959 998/2083/1961 999/2300/2152 969/2292/2144
f 737/1972/1867 756/1962/1857 720/1961/1856 702/2238/2096
f 1000/2283/2135 1001/918/892 981/917/891 959/1334/1288
f 861/2222/2080 862/2223/2081 847/2212/2070 825/2202/2063
f 960/1152/1116 983/1615/1542 1003/1987/1879 984/1986/1878
f 291/1699/1620 235/839/822 202/244/244 244/243/243
f 2533/2043/1925 2524/321/319 2532/320/318 2546/525/521
f 582/2301/1895 598/2302/2153 569/1822/1735 559/1910/1809
f 1037/745/734 1088/1030/999 1040/2244/2102 995/2286/2138
f 966/1537/1476 987/974/946 1009/1940/1837 988/2303/2154
f 1935/2304/2155 1792/1402/1350 1793/1405/1353 1894/2305/2156
f 328/1905/1804 162/2165/2031 157/303/303 324/1478/1421
f 949/2119/1994 948/1796/1711 1012/1795/1710 1004/219/219 940/2120/1995
f 1115/2306/2157 1143/2307/2158 1087/747/736 1066/2048/1928
f 1170/1031/1000 1088/1030/999 1037/745/734 1116/744/733
f 2324/841/823 2431/2308/1469 2422/2309/1471 2302/842/824
f 1748/1129/1094 1849/1128/1093 1896/2310/1843 1974/652/646
f 1120/2311/2159 1092/1943/1840 1045/1723/1644 1093/588/583
f 258/118/118 355/37/37 379/937/911 293/251/251
f 998/2083/1961 1021/2312/2160 1022/1251/1209 999/2300/2152
f 990/1798/1713 969/2292/2144 999/2300/2152 1013/2313/2161
f 961/2270/2124 1026/222/222 1049/2285/2137 982/2284/2136
f 981/917/891 1002/916/890 936/1614/1541 890/2245/2103
f 882/2230/2088 862/2223/2081 861/2222/2080 880/2228/2086
f 891/871/852 851/870/851 870/2224/2082 890/2245/2103
f 2339/2027/1912 1812/2314/1230 1729/2315/1578 2306/2028/1913
f 1583/1772/1687 1659/1342/1295 1617/2316/2162 1551/1695/1616
f 176/1794/1709 256/1632/1557 255/1736/1654 175/1735/1653
f 2500/679/671 2497/2317/2163 2508/2318/2164 2513/680/672
f 418/1729/276 405/1708/1629 376/2257/2113 384/2319/1394
f 1177/2163/2030 1120/2311/2159 1093/588/583 1149/587/582
f 1032/869/850 1010/2045/1927 988/2303/2154 1009/1940/1837
f 1014/1287/1243 1035/1286/1242 991/2299/2151
f 935/1351/1304 1356/1350/1303 956/2263/2118
f 1326/2106/1981 1347/2320/2165 1301/2321/2166 1274/2107/1982
f 972/174/174 1017/173/173 1014/1287/1243 991/2299/2151
f 2496/558/554 2512/557/553 2506/586/581 2493/2322/2167
f 1019/2082/1960 1020/2215/2073 1043/1721/1642 1044/2323/2168
f 998/2083/1961 1019/2082/1960 1044/2323/2168 1021/2312/2160
f 999/2300/2152 1022/1251/1209 1034/1250/1208 1013/2313/2161
f 1046/868/849 1047/1281/1237 1024/1068/1035 1023/1067/1034
f 1548/2324/1277 1582/1325/1279 1508/748/737 1476/751/740
f 1026/222/222 961/2270/2124 940/2120/1995 1004/219/219
f 2357/1567/1500 2372/1566/1499 2369/1130/1095 2354/2325/2169
f 2328/2326/2170 2336/1789/1704 2327/2095/1972 2319/2094/1971
f 1098/1608/1535 1072/1607/1534 1025/915/889 1001/918/892
f 2298/2327/2171 2293/2328/2172 2240/2329/2173 2249/2330/2174
f 969/2292/2144 990/1798/1713 947/1797/1712 946/2262/2117
f 140/667/661 139/539/535 176/1794/1709 175/1735/1653
f 1073/2250/2107 1050/2331/2175 1002/916/890 1025/915/889
f 329/1647/1572 163/496/492 162/2165/2031 328/1905/1804
f 449/1785/1700 425/1722/1643 439/1741/1659 459/1801/1716
f 697/1776/1691 714/1901/1800 2602/2332/2176 2604/1966/1861
f 331/1891/1794 239/2333/953 249/1217/1138 340/1216/1176
f 221/980/952 210/4/4 197/3/3 206/943/917
f 2388/2334/2177 2382/2335/812 2385/2336/811 2392/2337/2178
f 1032/869/850 1046/868/849 1023/1067/1034 1010/2045/1927
f 1084/1285/1241 1140/2338/2179 1064/2339/2180 1035/1286/1242
f 1388/1959/1855 1064/2339/2180 1085/2340/2181 1065/1957/1853
f 1067/1719/1640 1041/2341/2182 1040/2244/2102 1068/1602/1529
f 1136/2342/2183 1129/2343/2184 1055/292/292 1063/294/294
f 1355/1519/1458 1308/2344/2185 1197/1028/997 1255/1520/1459
f 1047/1281/1237 1069/589/584 1045/1723/1644 1024/1068/1035
f 1022/1251/1209 1021/2312/2160 1123/2345/2186 1122/1252/1210
f 1393/41/41 1471/40/40 1484/1278/1234 1386/1279/1235
f 2388/2334/2177 2392/2337/2178 2398/792/779 2394/791/778
f 2513/680/672 2508/2318/2164 2520/322/320 2524/321/319
f 1098/1608/1535 1001/918/892 1000/2283/2135 1070/2282/2134
f 1071/2346/2187 1049/2285/2137 1026/222/222 1051/221/221
f 2489/2347/2188 2400/1543/1481 2387/1542/1480 2473/2348/2189
f 2379/1072/1039 2390/759/748 2371/1568/1501 2366/1073/1040
f 1565/1116/1083 1546/2158/2026 1462/768/756 1475/2246/2104
f 1150/2349/2190 1123/2345/2186 1021/2312/2160 1044/2323/2168
f 1911/2350/2191 1929/2351/2192 1888/2352/2193 1865/2353/2194
f 1753/2354/2195 1796/2053/1933 2211/1845/1756 2174/1442/1387
f 752/2280/2132 2610/2355/2196 2609/2356/2197 733/1900/1799
f 1550/1773/1688 1583/1772/1687 1551/1695/1616 1523/1639/1564
f 2323/2357/2198 2337/2358/2199 2329/2359/2200 2315/1296/1251
f 1058/2360/1807 2611/1967/1862 2604/1966/1861 1078/2361/1808
f 1597/2362/1984 1612/2190/2051 1579/1934/1832 1563/1923/1821
f 1202/2363/2201 1262/2364/2202 1290/2365/2203 1264/2366/2204
f 1061/973/945 1031/2367/2205 1060/1811/1725 1062/1941/1838
f 1729/2315/1578 1641/1427/988 2266/1426/1373 2306/2028/1913
f 2485/2368/2206 2495/2369/2207 2492/2370/2208 2479/2371/2209
f 1140/2338/2179 1167/2372/2210 1085/2340/2181 1064/2339/2180
f 684/953/927 645/955/929 685/1758/1673 721/2124/1999
f 1957/1849/1760 2037/1854/1764 2098/2373/2211 2017/2374/2212
f 1976/1505/1446 1940/1813/1727 2017/2374/2212 2055/879/859
f 1114/2375/2213 1195/2376/2214 1221/1187/1147 1142/1186/1146
f 1055/292/292 1129/2343/2184 2242/2377/2215 1075/1864/1773
f 1067/1719/1640 1043/1721/1642 1020/2215/2073 1041/2341/2182
f 684/953/927 721/2124/1999 772/1437/1382 739/947/921
f 1050/2331/2175 983/1615/1542 936/1614/1541 1002/916/890
f 1148/2378/2216 1202/2363/2201 1230/2379/2217 1176/2380/2218
f 1071/2346/2187 1096/2381/2219 1070/2282/2134 1049/2285/2137
f 1124/1609/1536 1098/1608/1535 1070/2282/2134 1096/2381/2219
f 1071/2346/2187 1051/221/221 1075/1864/1773
f 2329/2359/2200 2320/2382/2220 2307/1297/1252 2315/1296/1251
f 2464/283/283 2461/282/282 2399/1131/1096 2405/1733/1652
f 1073/2250/2107 1099/1378/1329 1074/1557/1490 1050/2331/2175
f 1238/723/713 1155/375/373 1097/1610/1537 1183/1368/1320
f 1102/2383/2221 1052/2384/2222 1076/1985/1877 1103/2385/2223
f 1879/2386/2224 1961/2387/2225 1346/348/346 1379/1080/1047
f 1996/1358/1311 1975/344/342 2156/2388/2226 2173/925/899
f 2410/691/682 2282/690/681 2302/842/824 2422/2309/1471
f 292/610/605 274/413/411 325/442/440 336/611/606
f 1694/1955/566 1749/2389/569 1693/2011/1899 1655/582/577
f 1079/2175/2040 1109/2390/2227 1080/1812/1726 1059/2176/2041
f 1081/1810/1724 1082/866/847 1062/1941/1838 1060/1811/1725
f 1083/1284/1240 1111/2391/2228 1112/2392/2229 1084/1285/1241
f 1038/2143/2015 1113/2393/2230 1017/173/173 994/176/176
f 1089/2394/2231 1118/2395/2232 1113/2393/2230 1038/2143/2015 1090/2396/2233
f 1065/1957/1853 1085/2340/2181 1114/2375/2213 1086/2397/2234
f 991/2299/2151 1388/1959/1855 992/1928/1826 970/450/448
f 1115/2306/2157 1066/2048/1928 1036/2021/1906 1086/2397/2234
f 993/2049/1929 1016/746/735 973/2287/2139 954/2213/2071
f 1089/2394/2231 1090/2396/2233 1091/1842/1753 1119/1841/1752
f 2266/1426/1373 2024/1425/1372 2360/1885/1445 2406/2398/1334
f 2591/461/459 2592/1238/1196 593/2009/654 567/1579/653
f 1094/1052/1019 1047/1281/1237 1046/868/849 1095/867/848
f 1154/1051/1018 1121/590/585 1094/1052/1019
f 1295/2399/1914 1207/2400/2235 1182/863/844 1268/862/843
f 1573/2220/2078 1623/1964/1859 1679/626/621 1621/2401/2236
f 1125/373/371 1099/1378/1329 1073/2250/2107 1100/374/372
f 2494/1232/1190 2408/711/701 2421/181/181 2505/1256/1214
f 1600/1326/1280 1616/1268/1225 1533/429/427 1522/432/430
f 1101/1984/1876 1126/2254/2110 1103/2385/2223 1076/1985/1877
f 1102/2383/2221 1103/2385/2223 1127/1229/1187 1128/1228/1186
f 1102/2383/2221 1128/1228/1186 1105/1324/1278 1104/2402/2237
f 1307/1750/1668 1353/1419/1366 1330/491/489 1281/490/488
f 1567/1792/1707 1584/928/902 1498/927/901 1482/1775/1690
f 2552/565/560 2540/568/563 2551/524/520 2553/1214/1174
f 1079/2175/2040 1108/1907/1806 1132/2403/2238 1109/2390/2227
f 1133/2404/2239 1110/1809/1723 1080/1812/1726 1109/2390/2227
f 965/1048/948 2598/121/121 2596/1361/1314 1008/1913/1811
f 1118/2395/2232 1111/2391/2228 1083/1284/1240 1113/2393/2230
f 1138/2405/2240 1112/2392/2229 1111/2391/2228 1139/2406/2241
f 1140/2338/2179 1084/1285/1241 1112/2392/2229 1141/2407/2242
f 1017/173/173 1113/2393/2230 1083/1284/1240 1014/1287/1243
f 1115/2306/2157 1086/2397/2234 1114/2375/2213 1142/1186/1146
f 1356/1350/1303 1019/2082/1960 978/2081/1959 956/2263/2118
f 464/1799/1714 495/657/651 478/542/538 446/541/537
f 1042/1619/1546 997/1618/1545 1045/1723/1644 1092/1943/1840
f 1144/2408/2243 1118/2395/2232 1089/2394/2231 1145/2409/2244
f 1146/684/676 1145/2409/2244 1089/2394/2231 1119/1841/1752
f 1150/2349/2190 1044/2323/2168 1043/1721/1642 1151/1720/1641
f 1147/1839/1750 1092/1943/1840 1120/2311/2159 1148/2378/2216
f 1177/2163/2030 1202/2363/2201 1148/2378/2216 1120/2311/2159
f 1031/2367/2205 1059/2176/2041 1080/1812/1726 1060/1811/1725
f 1152/2410/2245 1153/2411/2246 1122/1252/1210 1123/2345/2186
f 1722/1791/1706 1754/1003/974 1584/928/902 1567/1792/1707
f 2486/1727/1648 2491/2412/2247 2483/2413/2248 2475/1771/1686
f 2161/466/464 2219/1416/1363 2259/1415/1362 2243/467/465
f 2317/2414/2249 2323/2357/2198 2315/1296/1251 2310/1299/1254
f 2050/329/327 2053/1787/1702 1973/2077/1955 1951/340/338
f 1155/375/373 1100/374/372 1072/1607/1534 1097/1610/1537
f 2417/502/498 2434/908/884 2430/569/564
f 1127/1229/1187 1103/2385/2223 1126/2254/2110 1156/2188/2049
f 1197/1028/997 1308/2344/2185 1223/1600/1527 1117/1029/998
f 896/2231/2089 919/2121/1996 875/2226/2084 874/2225/2083
f 132/641/636 158/644/638 152/1586/1513 128/1952/1849
f 1481/1774/1689 1453/1418/1365 1412/1596/1523 1467/1110/1077
f 681/1458/1403 640/1457/1402 680/2415/1584 719/1973/1868
f 821/1535/1474 2595/369/367 2594/372/370 878/2416/1478
f 714/1901/1800 733/1900/1799 2609/2356/2197 2602/2332/2176
f 1463/431/429 1477/430/428 1430/2417/406 1408/1939/310
f 1580/1469/1414 1532/1468/1413 1546/2158/2026 1599/2132/2005
f 569/1822/1735 442/1645/1570 432/1644/1569 559/1910/1809
f 1131/1906/1805 1159/2418/2250 1132/2403/2238 1108/1907/1806
f 1160/2419/2251 1133/2404/2239 1109/2390/2227 1132/2403/2238
f 1966/2420/2252 1944/2421/2253 1965/2422/2254 1985/2423/2255
f 1236/2424/1560 1237/861/842 2241/860/841 2242/2377/2215
f 1144/2408/2243 1139/2406/2241 1111/2391/2228 1118/2395/2232
f 1163/2425/2256 1141/2407/2242 1112/2392/2229 1138/2405/2240
f 1164/2426/2257 1165/2427/2258 1138/2405/2240 1139/2406/2241
f 1166/2428/2259 1167/2372/2210 1140/2338/2179 1141/2407/2242
f 1064/2339/2180 1388/1959/1855 991/2299/2151 1035/1286/1242
f 1168/1189/1149 1143/2307/2158 1115/2306/2157 1142/1186/1146
f 1167/2372/2210 1195/2376/2214 1114/2375/2213 1085/2340/2181
f 374/1867/1776 305/2261/170 315/2429/169 391/1868/1777
f 826/2141/2013 863/1462/1407 883/452/450 848/2196/2057
f 1144/2408/2243 1145/2409/2244 1171/2430/2260 1172/2431/2261
f 732/1060/1027 709/1012/983 729/1011/982 750/2147/586
f 1171/2430/2260 1145/2409/2244 1146/684/676 1174/168/168
f 87/335/333 103/1293/1248 88/146/146 64/2432/2262
f 1147/1839/1750 1148/2378/2216 1176/2380/2218 1173/1840/1751
f 2596/1361/1314 2598/121/121 590/120/120 619/1362/1315
f 1178/2433/2263 1152/2410/2245 1123/2345/2186 1150/2349/2190
f 1137/1253/1211 1122/1252/1210 1153/2411/2246 1161/2434/2264
f 1180/2435/2265 1154/1051/1018 1134/1050/1017 1181/2436/2266
f 39/20/20 63/155/155 95/534/530 104/537/533
f 2283/1331/1285 2228/2437/2267 2184/2438/2268 2248/2439/2269
f 1890/2440/2270 1911/2350/2191 1865/2353/2194 1843/2441/2271
f 1659/1342/1295 1699/693/684 1660/692/683 1617/2316/2162
f 2283/1331/1285 2298/2327/2171 2249/2330/2174 2228/2437/2267
f 2102/1638/1563 2180/2442/2272 2162/1318/1273 2082/1317/1272
f 506/1365/1317 513/1364/1205 429/1977/1204 415/1746/1664
f 260/1257/1215 250/147/147 230/150/150 251/2443/2273
f 2599/1090/1057 2613/1322/1276 1106/1046/1015 1405/1045/1014
f 1158/1989/1881 1188/2444/2274 1159/2418/2250 1131/1906/1805
f 1189/2445/2275 1160/2419/2251 1132/2403/2238 1159/2418/2250
f 2301/2446/2276 2259/1415/1362 2276/6/6 2304/2447/2277
f 1164/2426/2257 1139/2406/2241 1144/2408/2243 1172/2431/2261
f 1163/2425/2256 1190/2448/2278 1166/2428/2259 1141/2407/2242
f 1165/2427/2258 1191/2449/2279 1163/2425/2256 1138/2405/2240
f 1164/2426/2257 1192/2450/2280 1193/2451/2281 1165/2427/2258
f 1166/2428/2259 1194/2452/2282 1195/2376/2214 1167/2372/2210
f 1281/490/488 1196/489/487 1168/1189/1149 1280/1188/1148
f 1196/489/487 1169/2453/2283 1143/2307/2158 1168/1189/1149
f 204/1021/990 220/1086/1053 216/965/937 207/968/940
f 1172/2431/2261 1171/2430/2260 1198/2454/2284 1199/2455/2285
f 1171/2430/2260 1174/168/168 1201/167/167 1198/2454/2284
f 1283/656/650 1331/655/649 1232/2456/2286 1179/2457/2287
f 885/359/357 931/428/426 911/239/239 886/242/242
f 1061/973/945 1062/1941/1838 1009/1940/1837 987/974/946
f 1315/2458/2288 1291/2459/2289 1264/2366/2204 1290/2365/2203
f 1983/1169/1133 2025/699/689 2026/698/688 1984/1170/1134
f 1180/2435/2265 1181/2436/2266 1204/2460/2290 1205/2461/2291
f 377/1650/1575 378/1649/1574 358/724/714 359/727/717
f 2120/712/702 2408/711/701 2377/1231/1189 2038/2462/1447
f 2197/1926/1824 2178/2463/2292 2143/2464/2293 2160/1927/1825
f 905/1106/1073 660/1874/1782 698/1107/1074
f 362/1979/1871 341/2465/2294 332/666/660 350/1397/1346
f 2124/2466/2295 2083/2467/2296 2021/2274/2128 2600/2208/2067
f 1027/1124/1089 939/1123/1088 962/2271/2125 1052/2384/2222
f 1458/2468/795 1438/2469/2297 1395/2470/2298 1419/2471/2299
f 1826/2472/1056 1874/342/340 1825/1816/1730 1773/2473/1721
f 1629/2108/1983 1650/2275/2129 1612/2278/2051 1597/2109/1984
f 654/1935/1833 2569/2474/2300 2560/1975/1869
f 1696/1704/1625 1677/1488/1431 2584/1489/1432 2580/2115/1990
f 1187/1988/1880 1213/2475/2301 1188/2444/2274 1158/1989/1881
f 1214/2476/2302 1189/2445/2275 1159/2418/2250 1188/2444/2274
f 1189/2445/2275 1204/2460/2290 1181/2436/2266 1160/2419/2251
f 1164/2426/2257 1172/2431/2261 1199/2455/2285 1192/2450/2280
f 1163/2425/2256 1191/2449/2279 1215/2477/2303 1190/2448/2278
f 1166/2428/2259 1190/2448/2278 1216/2478/2304 1194/2452/2282
f 1165/2427/2258 1193/2451/2281 1217/2479/2305 1191/2449/2279
f 1218/2480/2306 1219/2481/2307 1193/2451/2281 1192/2450/2280
f 1194/2452/2282 1220/2482/2308 1221/1187/1147 1195/2376/2214
f 1222/2483/2309 1170/1031/1000 1116/744/733 1169/2453/2283
f 802/421/419 803/459/457 775/1932/1830 771/1963/1858
f 1224/2484/2310 1225/2485/2311 1199/2455/2285 1198/2454/2284
f 1200/683/675 1173/1840/1751 1227/2486/2312 1228/2487/2313
f 1229/1436/1381 1224/2484/2310 1198/2454/2284 1201/167/167
f 1984/1170/1134 2026/698/688 2063/697/687 2006/2488/2314
f 2396/197/197 2412/2489/2315 2397/793/780 2393/2490/2316
f 1396/2491/2317 1365/2492/2318 2597/2493/2319 1363/2494/2320
f 702/2238/2096 720/1961/1856 682/2087/1965 663/2070/1949
f 1233/2495/2321 1205/2461/2291 1204/2460/2290 1234/2496/2322
f 1235/2497/2323 1206/1213/1173 1180/2435/2265 1205/2461/2291
f 2064/2498/2324 2086/700/690 2025/699/689 2007/2499/2325
f 2480/2500/2326 2490/1379/1330 2455/787/774 2460/325/323
f 2390/759/748 2379/1072/1039 2414/895/873 2419/760/749
f 1730/625/620 1680/2501/664 1643/2502/2327 1621/2401/2236 1679/626/621
f 1208/1377/1328 1240/2294/2146 1209/2255/2111 1184/1556/1489
f 2348/1311/1266 2336/1789/1704 2328/2326/2170 2340/936/910
f 1260/1435/1380 1311/1434/1379 1334/621/616 1288/624/619
f 248/248/248 167/247/247 195/1019/913 303/352/350
f 2457/324/322 2454/1783/1698 2468/2503/1191 2474/2504/2328
f 1604/1626/1551 1663/1628/1553 1638/2505/2329 1588/1669/1594 1590/1668/1593
f 1246/2506/2330 1213/2475/2301 1187/1988/1880 1212/2258/2114
f 1247/2507/2331 1214/2476/2302 1188/2444/2274 1213/2475/2301
f 1214/2476/2302 1234/2496/2322 1204/2460/2290 1189/2445/2275
f 1225/2485/2311 1218/2480/2306 1192/2450/2280 1199/2455/2285
f 1191/2449/2279 1217/2479/2305 1248/2508/2332 1215/2477/2303
f 1216/2509/2304 1190/2510/2278 1228/2487/2313 1227/2486/2312
f 1216/2478/2304 1231/2511/2333 1220/2482/2308 1194/2452/2282
f 1219/2481/2307 1249/2512/2334 1217/2479/2305 1193/2451/2281
f 1250/2513/2335 1251/2514/2336 1219/2481/2307 1218/2480/2306
f 1252/1747/1665 1221/1187/1147 1220/2482/2308 1253/1748/1666
f 2228/2437/2267 2249/2330/2174 2230/1838/1749 2185/720/710
f 1010/2045/1927 967/2044/1926 943/2260/2116 988/2303/2154
f 928/1929/1827 950/2023/1908 910/358/356 884/357/355
f 1224/2484/2310 1256/2515/2337 1257/2516/2338 1225/2485/2311
f 1200/683/675 1228/2487/2313 1258/2517/2339 1226/165/165
f 503/1834/1745 490/223/223 496/709/699 510/708/698
f 1260/1435/1380 1256/2515/2337 1224/2484/2310 1229/1436/1381
f 1216/2509/2304 1227/2486/2312 1176/2380/2218 1231/2518/2333
f 1262/2364/2202 1202/2363/2201 1177/2163/2030 1263/2162/2029
f 2317/2414/2249 2326/934/908 2333/933/907 2323/2357/2198
f 1233/2495/2321 1265/2519/2340 1235/2497/2323 1205/2461/2291
f 1266/2520/2341 1233/2495/2321 1234/2496/2322 1267/2521/2342
f 826/2141/2013 800/474/472 757/473/471 789/1933/1831
f 1074/1557/1490 1003/1987/1879 983/1615/1542 1050/2331/2175
f 1458/2468/795 1419/2471/2299 1437/2522/933
f 1209/2255/2111 1240/2294/2146 1270/1424/1371 1241/1423/1370
f 261/1210/1170 269/1258/1216 260/1257/1215 251/2443/2273
f 489/1109/1076 472/1161/1125 457/620/615
f 1245/1167/1131 1274/2107/1982 1246/2506/2330 1212/2258/2114
f 1275/2523/2343 1247/2507/2331 1213/2475/2301 1246/2506/2330
f 1247/2507/2331 1267/2521/2342 1234/2496/2322 1214/2476/2302
f 1250/2513/2335 1218/2480/2306 1225/2485/2311 1257/2516/2338
f 1217/2479/2305 1249/2512/2334 1276/2524/2344 1248/2508/2332
f 1258/2517/2339 1228/2487/2313 1215/2525/2303 1248/2526/2332
f 1251/2514/2336 1277/2527/2345 1249/2512/2334 1219/2481/2307
f 1250/2513/2335 1278/2528/2346 1279/2529/2347 1251/2514/2336
f 1282/124/124 1255/1520/1459 1222/2483/2309 1254/492/490
f 932/876/857 813/458/456 887/457/455
f 1065/1957/1853 1086/2397/2234 1036/2021/1906 1015/1958/1854
f 1284/2530/2348 1285/2531/2349 1257/2516/2338 1256/2515/2337
f 1286/2532/2350 1259/166/166 1226/165/165 1258/2517/2339
f 1288/624/619 1284/2530/2348 1256/2515/2337 1260/1435/1380
f 1265/2519/2340 1262/2364/2202 1263/2162/2029 1235/2497/2323
f 320/83/83 331/1891/1794 512/1830/1743 499/84/84
f 1266/2520/2341 1292/2533/2351 1265/2519/2340 1233/2495/2321
f 1293/2534/2352 1294/2535/2353 1266/2520/2341 1267/2521/2342
f 1854/1968/1863 1877/1847/1758 1829/115/115 1802/1969/1864
f 2314/1330/1284 2308/2536/2354 2293/2328/2172 2298/2327/2171
f 2043/809/793 2016/808/792 2117/2253/2109 2129/807/791
f 1296/2293/2145 1297/1869/1778 1270/1424/1371 1240/2294/2146
f 1270/1424/1371 1297/1869/1778 1540/1357/1310 1528/1356/1309
f 1920/2537/1059 1956/343/341 1874/342/340 1826/2472/1056
f 1690/2232/2090 1652/2233/2091 1631/2277/2052 1673/2276/2130
f 2599/1090/1057 1826/1089/1056 1773/1807/1721
f 1301/2321/2166 1275/2523/2343 1246/2506/2330 1274/2107/1982
f 1275/2523/2343 1293/2534/2352 1267/2521/2342 1247/2507/2331
f 1276/2524/2344 1249/2512/2334 1277/2527/2345 1302/2538/2355
f 1286/2532/2350 1258/2517/2339 1248/2526/2332 1276/2539/2344
f 1251/2514/2336 1279/2529/2347 1303/2540/2356 1277/2527/2345
f 1304/2541/2357 1278/2528/2346 1250/2513/2335 1285/2531/2349
f 1279/2542/2347 1278/2543/2346 1305/2024/1909 1306/1572/1504
f 2034/1039/1008 2014/478/476 2052/2544/2358 2115/850/831 2114/1040/1009
f 1281/490/488 1280/1188/1148 1252/1747/1665 1307/1750/1668
f 2503/1781/1696 2498/2545/2359 2488/2546/2360 2491/2412/2247
f 1175/1601/1528 1067/1719/1640 1068/1602/1529
f 2322/151/151 2327/2095/1972 2336/1789/1704 2331/1076/1043
f 1309/2547/2361 1304/2541/2357 1285/2531/2349 1284/2530/2348
f 1287/1433/1378 1259/166/166 1286/2532/2350 1310/2548/2362
f 1820/2017/1904 1846/504/500 1870/613/608 1847/2016/1903
f 1309/2547/2361 1284/2530/2348 1288/624/619 1312/623/618
f 1264/2366/2204 1291/2459/2289 1313/2549/2363 1230/2379/2217
f 1314/2550/2364 1289/1749/1667 1261/2551/2365 1313/2552/2363
f 1292/2533/2351 1290/2365/2203 1262/2364/2202 1265/2519/2340
f 1338/2553/2366 1363/2494/2320 2597/2493/2319 1316/2554/2367
f 1294/2535/2353 1317/2555/2368 1292/2533/2351 1266/2520/2341
f 1318/2187/2048 1294/2535/2353 1293/2534/2352 1319/2186/2047
f 174/1496/1437 265/1497/1438 256/1632/1557 176/1794/1709
f 403/1738/1656 383/1737/1655 375/1065/1032 485/1064/1031 494/1595/1522
f 1579/1934/1832 1598/2192/2053 1006/2556/2369 654/1935/1833
f 1719/2117/1992 2567/2116/1991 2558/2557/2370 1753/2354/2195
f 405/1708/1629 395/1685/1607 369/991/962 376/2257/2113
f 2568/2558/1963 2565/2559/2371 554/673/665 549/2039/1793
f 1753/2354/2195 2174/1442/1387 2157/2273/2127 1719/2117/1992
f 688/2088/1966 726/192/192 707/281/281 668/2074/1952
f 1301/2321/2166 1319/2186/2047 1293/2534/2352 1275/2523/2343
f 1277/2527/2345 1303/2540/2356 1327/2560/2372 1302/2538/2355
f 1310/2548/2362 1286/2532/2350 1276/2539/2344 1302/2561/2355
f 1328/1571/1503 1303/2562/2356 1279/2542/2347 1306/1572/1504
f 1329/1199/1159 1305/2024/1909 1278/2543/2346 1304/2563/2357
f 844/482/480 879/1871/1780 904/1925/1823 858/419/417
f 2135/2071/1950 2091/1460/1405 2111/730/720 2154/2564/2373
f 1332/1200/1160 1329/1199/1159 1304/2563/2357 1309/2565/2361
f 1287/1433/1378 1310/2548/2362 1333/2566/2374 1311/1434/1379
f 160/1970/1865 154/2010/1898 141/1954/1851 147/1549/1484
f 1332/1200/1160 1309/2565/2361 1312/1472/618 1335/1429/1374
f 1336/2567/2375 1313/2549/2363 1291/2459/2289 1316/2554/2367
f 1337/1294/1249 1392/994/965 1360/2568/2376 1314/2550/2364
f 1336/2569/2375 1337/1294/1249 1314/2550/2364 1313/2552/2363
f 1292/2533/2351 1317/2555/2368 1315/2458/2288 1290/2365/2203
f 1031/2367/2205 965/976/948 1008/2177/1811 1059/2176/2041
f 1318/2187/2048 1340/2570/2377 1317/2555/2368 1294/2535/2353
f 2470/2571/2378 2380/2572/2379 2376/2265/2120 2467/2573/1123
f 2275/5/5 2217/8/8 2240/2329/2173 2293/2328/2172
f 1812/1273/1230 1734/1272/1229 1642/1598/1525 1729/1653/1578
f 576/2574/1848 557/1911/1810 556/2020/1905 577/2019/1845
f 1718/1815/1729 1773/2473/1721 1825/1816/1730
f 719/1973/1868 680/2415/1584 715/2209/1585 753/1879/1786
f 1385/1198/1158 1351/1597/1524 1305/2024/1909 1329/1199/1159
f 278/139/139 262/142/142 257/1202/1162 273/799/785
f 1333/2566/2374 1310/2548/2362 1302/2561/2355 1327/2575/2372
f 1328/1571/1503 1349/2298/2150 1350/2576/2380 1303/2562/2356
f 908/2243/2101 882/2230/2088 880/2228/2086 907/2240/2098
f 2541/1215/1175 2556/523/519 2557/599/594 2535/598/593
f 1354/125/125 1282/124/124 1254/492/490 1330/491/489
f 1222/2483/2309 1255/1520/1459 1197/1028/997 1170/1031/1000
f 1334/621/616 1311/1434/1379 1333/2566/2374 1357/2577/2381
f 1456/774/648 2061/773/761 1963/1526/1465 1331/2578/649
f 1359/2579/2382 1336/2567/2375 1316/2554/2367 1339/2580/2383
f 1359/2581/2382 1362/1295/1250 1337/1294/1249 1336/2569/2375
f 1338/2553/2366 1315/2458/2288 1317/2555/2368 1340/2570/2377
f 1134/1050/1017 1095/867/848 1081/1810/1724 1110/1809/1723
f 1318/2187/2048 1341/2110/1985 1366/2582/2384 1340/2570/2377
f 2443/1475/1418 2434/908/884 2367/1570/1502 2373/398/396
f 2152/2583/2385 2110/1800/1715 2151/721/711 2185/720/710
f 1447/769/757 1462/768/756 1546/2158/2026 1532/1468/1413
f 759/2060/1940 784/2059/1939 745/1994/1884 724/1163/1127
f 1326/2106/1981 1348/313/311 1378/409/407 1347/2320/2165
f 2576/1865/1774 391/1868/1777 428/2584/2386 2585/2585/2387
f 1333/2586/2374 1327/2587/2372 1380/2588/2388 1381/2589/2389
f 1350/2576/2380 1349/2298/2150 1382/2297/2149 1383/2590/2390
f 1330/491/489 1353/1419/1366 1386/1279/1235 1354/125/125
f 614/378/376 560/615/610 571/662/656 631/741/730
f 1143/2307/2158 1169/2453/2283 1116/744/733 1087/747/736
f 1364/2591/2391 1391/2592/2392 1359/2579/2382 1339/2580/2383
f 1393/41/41 1361/1420/1367 1360/2568/2376 1394/38/38
f 1359/2581/2382 1391/2593/2392 1395/2470/2298 1362/1295/1250
f 1366/2582/2384 1363/2494/2320 1338/2553/2366 1340/2570/2377
f 1364/2591/2391 1365/2492/2318 1397/2594/2393 1398/2595/2394
f 1399/2596/2395 1366/2582/2384 1341/2110/1985 1368/2112/1987
f 1400/1337/1290 1401/564/559 1368/2112/1987 1367/2111/1986
f 1778/1547/1482 1803/739/728 1754/1003/974 1722/1791/1706
f 1721/1790/1705 1777/2597/2396 1778/1547/1482 1722/1791/1706
f 1893/1037/1006 1871/717/707 1847/2016/1903 1870/613/608
f 2451/2598/2397 2537/2599/2398 2530/2600/2399 2449/2601/2400
f 1048/1631/1556 1057/423/421 898/2034/1918 889/1630/1555
f 2363/1527/1466 2061/773/761 2183/772/760 2378/1260/1217
f 1785/668/662 1730/671/620 1760/2602/623 1810/2603/2401
f 615/1263/1220 561/1062/1029 572/297/297 632/296/296
f 649/2604/2402 686/2605/2403 648/389/387 611/1058/1025
f 1347/2320/2165 1378/409/407 1400/1337/1290 1367/2111/1986
f 1350/2606/2380 1383/2607/2390 1380/2588/2388 1327/2587/2372
f 1397/2594/2393 1365/2492/2318 1381/2589/2389 1380/2588/2388
f 1410/2135/2007 1411/2608/2404 1383/2590/2390 1382/2297/2149
f 2432/789/776 2428/1531/1470 2436/555/551 2446/554/550
f 1525/775/762 1553/2609/2405 2205/830/813 2183/772/760
f 1470/39/39 1500/1677/1600 1501/2610/2406 1471/40/40
f 1420/995/966 1438/2469/2297 1459/455/453
f 1414/1373/1324 1415/1372/1323 1385/1198/1158 1389/1201/1161
f 2144/465/463 2081/1611/1538 2040/1026/995 2101/1025/994
f 1414/1373/1324 1389/1201/1161 1390/1432/1377 1418/1114/1081
f 1364/2591/2391 1398/2595/2394 1419/2611/2299 1391/2592/2392
f 2079/66/66 2039/1411/1358 2078/1414/1361 2100/67/67
f 1392/994/965 1421/993/964 1394/38/38 1360/2568/2376
f 1421/993/964 1487/1678/1601 1470/39/39 1394/38/38
f 1399/2596/2395 1396/2491/2317 1363/2494/2320 1366/2582/2384
f 1396/2491/2317 1422/2612/2407 1381/2589/2389 1365/2492/2318
f 1397/2594/2393 1411/2613/2404 1423/2614/2408 1398/2595/2394
f 1399/2596/2395 1368/2112/1987 1401/564/559 1424/563/558
f 687/280/280 725/279/279 686/2615/2403 649/2616/2402
f 1155/375/373 1239/722/712 1125/373/371
f 1747/2617/2409 1770/2054/1934 2566/1683/1605 2559/2618/2410
f 900/232/232 899/2619/2411 964/233/233
f 1611/1507/1448 1596/1453/1398 1545/1452/1397 1564/1470/1415
f 555/1580/290 550/2207/289 536/462/460
f 113/308/306 114/1953/1850 92/2169/2035 98/309/307
f 1397/2594/2393 1380/2588/2388 1383/2607/2390 1411/2613/2404
f 1433/2134/2006 1423/2620/2408 1411/2608/2404 1410/2135/2007
f 2359/399/397 2373/398/396 2367/1570/1502
f 2389/2621/2412 2368/2622/2413 2365/2623/2414 2383/2624/2415
f 1422/2612/2407 1434/2625/2416 1357/2626/2381 1381/2589/2389
f 1417/2627/2417 1358/2628/617 1357/2626/2381 1434/2625/2416
f 542/853/834 535/407/405 498/262/262 503/1834/1745 515/854/835
f 1435/562/557 1436/561/556 1416/2629/1375 1417/2627/2417
f 1811/1347/1300 1761/1348/1301 1839/217/217 1864/216/216
f 1398/2595/2394 1423/2614/2408 1437/2630/933 1419/2611/2299
f 2101/1025/994 2080/65/65 2123/64/64 2143/2464/2293
f 1387/123/123 1413/653/647 1355/1519/1458
f 1697/112/112 1774/1343/1296 1659/1342/1295 1583/1772/1687
f 1399/2596/2395 1424/563/558 1422/2612/2407 1396/2491/2317
f 1439/2073/317 1440/560/316 1401/564/559 1400/1337/1290
f 1801/1265/1222 1800/1629/1554 1853/1237/1195 1875/1236/1194
f 1474/920/894 1519/2631/1396 1493/921/895
f 1637/1498/1439 1618/1353/1306 1802/1969/1864 1829/115/115 1698/114/114
f 569/1822/1735 598/2302/2153 612/2632/2418 581/1059/1026
f 2016/808/792 1939/1625/1550 1921/1235/1193 1996/1358/1311
f 2233/2633/2419 2190/1144/1108 2234/1143/1107
f 2314/2634/1284 2452/1851/1762 2401/2635/2420 2308/2636/2354
f 1452/960/934 1437/959/933 1423/2620/2408 1433/2134/2006
f 333/2637/1796 428/2584/2386 391/1868/1777 321/2638/1354
f 741/2153/2022 759/2060/1940 724/1163/1127 706/160/160
f 1090/2396/2233 1039/2142/2014 1018/1617/1544 1042/1619/1546 1091/1842/1753
f 1667/2639/2421 1646/1717/1638 1607/1716/1637 1624/2640/2422
f 1372/972/944 1369/971/943 1048/1631/1556 1054/1290/1245
f 1776/1004/975 1802/1969/1864 1618/1353/1306 1601/926/900
f 2002/837/820 2022/2641/2423 2084/2642/2424 2060/838/821
f 124/1784/1699 128/1952/1849 152/1586/1513 146/606/601
f 1203/2643/2425 1161/2434/2264 1153/2411/2246 1232/2456/2286
f 546/2247/2105 585/742/731 571/662/656 541/663/657
f 1459/455/453 1438/2469/2297 1458/2468/795 1469/456/454
f 81/236/236 59/234/234 70/104/104 92/2169/2035
f 2389/2621/2412 2395/2644/2426 2370/2139/2011 2368/2622/2413
f 2377/1231/1189 2468/1233/1191 2454/1899/1698 2362/602/597
f 1905/1524/1463 1831/2645/2427 1834/1270/1227 1907/1269/1226
f 2173/925/899 2191/924/898 2117/2253/2109 2016/808/792 1996/1358/1311
f 136/2203/637 117/2126/305 200/1528/1467 164/70/70
f 2147/1319/1274 2182/2646/2428 2145/2647/2429 2124/2466/2295
f 2432/789/776 2425/448/446 2416/2268/2123 2428/1531/1470
f 1459/455/453 1513/454/452 1487/1678/1601 1421/993/964
f 1484/1278/1234 1471/40/40 1501/2610/2406 1512/2648/2430
f 2206/1675/1598 1537/2649/2431 1555/2650/2432 2226/1672/1596
f 2531/2651/2433 2529/323/321 2523/2652/1060 2528/2653/1061
f 1957/1849/1760 1876/116/116 1829/115/115 1877/1847/1758
f 528/390/388 417/1341/1294 357/1529/1468 486/388/386
f 321/2638/1354 391/1868/1777 315/2429/169
f 1696/1704/1625 1719/2117/1992 2157/2273/2127 2138/1705/1626
f 2236/2654/2434 2213/2655/2435 2175/2656/2001 2192/2657/2126
f 843/2041/1923 2585/2585/2387 2577/766/754 902/1243/1201
f 1904/1390/1339 1941/913/887 1855/740/729 1832/1548/1483
f 1794/2025/1910 1791/2658/2436 1766/2659/2437 1738/2660/2438
f 2044/2661/2121 2062/2662/2439 2005/1500/1441 1982/1499/1440
f 507/1194/1154 494/1595/1522 485/1064/1031 501/856/837
f 2102/1638/1563 2082/1317/1272 2041/1844/1755 2059/1481/1424
f 1623/1964/1859 1645/1965/1860 1702/627/622 1679/626/621
f 1136/2342/2183 1063/294/294 1034/1250/1208 1137/1253/1211
f 1516/1242/1200 1472/1241/1199 1515/1422/1369 1557/1471/1416
f 1402/1292/1247 1077/1125/1090 1105/1324/1278 1427/892/870
f 1924/941/915 1980/942/916 1962/1765/1680 1907/1269/1226
f 385/1666/1591 363/992/963 369/991/962 395/1685/1607
f 2208/1858/1767 2284/1329/1283 2229/2663/2440
f 1505/630/625 1492/1582/1510 1491/1581/1509 1506/1762/1677
f 878/1539/1478 921/1538/1477 903/1982/1874 821/2047/1474
f 1902/601/596 2038/2462/1447 2377/1231/1189 2362/602/597
f 1052/2384/2222 962/2271/2125 984/1986/1878 1076/1985/1877
f 2396/197/197 2411/196/196 2420/447/445 2412/2489/2315
f 2259/1415/1362 2301/2446/2276 2294/2664/46 2243/467/465
f 1477/430/428 1495/1185/1145 1450/1184/1144 1430/2417/406
f 1637/1498/1439 1698/114/114 1658/113/113
f 2335/935/909 2343/1495/1436 2350/1494/1435 2347/1310/1265
f 977/366/364 1018/1617/1544 975/875/856 934/367/365
f 1505/630/625 1502/629/624 1489/1376/1327 1492/1582/1510
f 2080/65/65 2019/1027/996 2000/411/409 2079/66/66
f 1491/1581/1509 1504/1599/1526 1518/1664/1589 1506/1762/1677
f 2597/2493/2319 1365/2492/2318 1364/2591/2391 1339/2580/2383
f 1550/1773/1688 1523/1639/1564 1509/1486/1429 1534/1485/1428
f 248/248/248 414/354/352 337/1249/1207 171/1896/1798
f 2461/282/282 2443/1475/1418 2373/398/396 2399/1131/1096
f 2007/2499/2325 2025/699/689 1983/1169/1133 1967/2665/2441
f 296/286/286 310/172/172 297/171/171 277/287/287
f 368/1978/1054 345/2666/1055 341/2465/2294 362/1979/1871
f 1660/692/683 1720/695/685 1661/2667/825 1585/2295/2147
f 2001/810/794 1981/1401/1349 1906/2668/2442 1925/1624/1549
f 1504/1599/1526 1517/2669/2443 1530/1392/1341 1518/1664/1589
f 537/88/88 766/580/575 2570/2670/2444 2565/2559/2371
f 817/1558/1491 833/2204/2064 829/2036/1920 778/2057/1937 780/1559/1492
f 2226/1672/1596 2265/689/680 2404/688/195 2391/1673/194
f 1390/1432/1377 1389/1201/1161 1332/1200/1160 1335/1429/1374
f 2306/2028/1913 2266/1426/1373 2406/2398/1334 2426/2029/1333
f 1488/316/314 1539/1381/1332 1535/2055/1935 1486/317/315
f 2153/1999/1889 2132/888/866 2109/887/865 2131/2000/1890
f 1780/1389/1338 1777/2597/2396 1721/1790/1705 1725/469/467
f 1530/1392/1341 1517/2669/2443 1529/1655/1580 1542/1393/1342
f 582/2006/1895 613/2005/1894 629/2062/1942 598/2671/2153
f 654/1935/1833 1006/2556/2369 2562/2084/1962 2569/2474/2300
f 650/2075/1953 612/2672/2418 598/2671/2153 629/2062/1942
f 1497/756/745 1509/1486/1429 1465/1641/1566 1451/1724/1645
f 966/1537/1476 988/2303/2154 943/2260/2116 921/1538/1477
f 784/2059/1939 764/1464/1409 728/273/273 745/1994/1884
f 1426/2673/389 1320/1575/1319 1926/910/885 2003/1386/1336
f 371/1066/1033 339/608/603 336/611/606 364/1175/1137
f 1445/969/941 1372/972/944 1373/1291/1246 1446/1583/1511
f 1500/1677/1600 1537/2674/2431 1538/2675/2445 1501/2610/2406
f 150/1212/1172 161/1211/1171 149/704/694 135/707/697
f 1560/2676/2446 1543/631/626 1544/1761/1676 1561/2677/2447
f 2021/2274/2128 2022/2641/2423 1980/942/916 1979/350/348
f 2047/1502/1443 2009/1697/1618 2027/1805/1719 2067/886/864
f 1560/2676/2446 1571/2678/2448 1556/632/627 1543/631/626
f 2520/322/320 2508/2318/2164 2505/2679/1214 2517/2680/1213
f 1561/2677/2447 1544/1761/1676 1559/1663/1588 1575/2681/2449
f 1576/2682/1516 1577/2683/1050 1560/2676/2446 1561/2677/2447
f 2022/2641/2423 2002/837/820 1962/1765/1680 1980/942/916
f 1656/2684/1900 1676/1956/1852 1634/581/576 1243/87/87
f 1838/1554/1488 1810/2603/2401 1760/2602/623 1784/1555/343
f 1558/2219/2077 1573/2220/2078 1621/2401/2236 1605/2685/2450
f 1589/2686/1049 1571/2678/2448 1560/2676/2446 1577/2683/1050
f 2416/2268/2123 2425/448/446 2420/447/445 2411/196/196
f 1925/1624/1549 1906/2668/2442 1858/2687/2451 1880/1823/1736
f 1559/1663/1588 1574/1395/1344 1594/2688/2452 1575/2681/2449
f 1576/2682/1516 1561/2677/2447 1575/2681/2449 1595/2689/1636
f 752/2280/2132 733/1900/1799 2574/1903/1802 2578/2281/2133
f 1413/653/647 1308/2344/2185 1355/1519/1458
f 1457/1431/1376 1416/1430/1375 1436/2183/556
f 1589/2686/1049 1604/1626/1551 1590/1668/1593 1571/2678/2448
f 1593/1394/1343 1606/2690/2453 1594/2688/2452 1574/1395/1344
f 1607/2691/1637 1595/2689/1636 1575/2681/2449 1594/2688/2452
f 1614/2692/86 1323/2693/85 1006/2556/2369 1598/2192/2053
f 2439/2694/1911 2426/1382/1333 2429/570/565 2444/1408/1356
f 576/2574/1848 582/2301/1895 559/1910/1809 557/1911/1810
f 1158/1989/1881 1131/1906/1805 1078/1909/1808 1107/1990/1882
f 1919/416/414 1873/483/481 1898/486/484 1937/417/415
f 178/715/705 148/530/526 154/2010/1898 183/1022/991
f 2086/1541/690 2064/2695/2324 2381/2696/2454 2387/1542/1480
f 371/1066/1033 375/1065/1032 342/1534/1473 339/608/603
f 289/725/715 265/1497/1438 266/713/703 290/726/716
f 1622/2697/2455 1606/2690/2453 1593/1394/1343 1605/2685/2450
f 1624/2698/2422 1607/2691/1637 1594/2688/2452 1606/2690/2453
f 1626/1221/1179 1608/1084/1051 1609/1590/1517 1627/1222/1180
f 1628/1703/1624 1610/2079/1957 1596/1453/1398 1611/1507/1448
f 1613/1224/1182 1599/2132/2005 1615/1115/1082 1632/1593/1520
f 1432/1725/1646 1451/1724/1645 1410/2135/2007 1382/2297/2149
f 1951/340/338 1973/2077/1955 1936/818/801 1917/817/800
f 2601/1091/1058 2606/1922/1820 2614/2699/2456 1920/1092/1059
f 1626/1221/1179 1640/302/302 1620/1081/1048 1608/1084/1051
f 1864/216/216 1890/2440/2270 1843/2441/2271 1811/1347/1300
f 1766/2659/2437 1758/2700/2457 1728/734/724 1759/733/723
f 1622/2697/2455 1605/2685/2450 1621/2401/2236 1643/2502/2327
f 1622/2697/2455 1644/2701/268 1624/2698/2422 1606/2690/2453
f 1625/1714/1635 1647/2167/2033 1627/1222/1180 1609/1590/1517
f 491/1832/1744 504/710/700 496/709/699 480/1588/1515
f 1648/1702/1623 1629/2108/1983 1610/2079/1957 1628/1703/1624
f 1628/1703/1624 1611/1507/1448 1630/1508/1449 1649/1700/1621
f 2233/2633/2419 2254/1846/1757 2211/1845/1756
f 1653/1594/1521 1632/1593/1520 1615/1115/1082 1633/1118/1085
f 2460/325/323 2455/787/774 2450/326/324
f 384/2319/1394 376/2257/2113 312/1884/1791 317/1883/1790
f 594/658/652 575/291/291 555/290/290 567/659/653
f 836/844/826 807/847/828 762/2702/2458 793/1443/1388
f 1041/2341/2182 1020/2215/2073 976/1349/1302 996/1917/1815
f 1620/1081/1048 1640/302/302 1664/301/301 1639/2703/1552
f 1024/1068/1035 1045/1723/1644 997/1618/1545 979/1069/1036
f 2303/2704/2459 2304/2447/2277 2276/6/6 2275/5/5
f 1622/2697/2455 1643/2502/2327 1665/2705/269 1644/2701/268
f 1625/1714/1635 1646/1717/1638 1668/1997/1887 1647/2167/2033
f 2267/129/129 2285/2065/1945 2250/2068/1948 2231/130/130
f 1671/2706/2460 1650/2275/2129 1629/2108/1983 1648/1702/1623
f 1672/2707/2461 1649/1700/1621 1630/1508/1449 1651/1226/1184
f 280/26/26 255/1736/1654 256/1632/1557 281/579/574
f 1662/2708/2462 1653/1594/1521 1633/1118/1085 1638/2505/2329
f 2193/2709/2463 2158/2710/2002 2175/2656/2001 2213/2655/2435
f 2118/2711/2464 2156/2388/2226 1975/344/342 1956/343/341
f 100/237/237 99/1446/1391 119/1344/1297 118/396/394
f 2519/681/673 2514/567/562 2509/678/670
f 1780/1389/1338 1834/1270/1227 1831/2645/2427 1777/2597/2396
f 2081/1611/1538 2198/1398/1347 2098/2373/2211 2037/1854/1764
f 1678/2712/2465 1663/1628/1553 1639/1627/1552 1664/2713/301
f 306/1338/1291 309/664/658 295/1315/1270 286/1280/1236
f 1643/2502/2327 1680/2501/664 1665/2705/269
f 1585/2295/2147 1552/2251/2108 1617/2316/2162 1660/692/683
f 1667/2639/2421 1682/1998/1888 1668/1997/1887 1646/1717/1638
f 1684/2714/2466 1685/2715/2467 1669/1220/1178 1670/1223/1181
f 1686/2716/2468 1673/2276/2130 1650/2275/2129 1671/2706/2460
f 1687/1701/1622 1649/1700/1621 1672/2707/2461 1688/2717/2469
f 1689/2718/2470 1672/2707/2461 1651/1226/1184 1674/1225/1183
f 1689/2718/2470 1674/1225/1183 1675/1592/1519 1692/2719/2471
f 768/2279/2131 2605/1620/1547 2610/2355/2196 752/2280/2132
f 1598/2192/2053 1631/2191/2052 1652/2720/2091 1614/2692/86
f 2349/674/666 2353/2140/2012 2334/2721/2472 2325/675/667
f 1452/960/934 1479/1640/1565 1511/547/543 1480/546/542
f 1573/2220/2078 1516/1242/1200 1557/1471/1416 1623/1964/1859
f 2475/1771/1686 2483/2413/2248 2477/2722/2473 2469/1770/1685
f 1681/267/267 1704/932/906 1682/1998/1888 1667/2639/2421
f 1684/2714/2466 1670/1223/1181 1683/2166/2032 1706/2723/2474
f 1708/2724/2475 1685/2715/2467 1684/2714/2466 1709/2725/2476
f 1710/2726/2477 1690/2232/2090 1673/2276/2130 1686/2716/2468
f 1686/2716/2468 1671/2706/2460 1687/1701/1622 1711/2727/2478
f 1689/2718/2470 1712/2728/2479 1688/2717/2469 1672/2707/2461
f 1713/2729/2480 1711/2727/2478 1687/1701/1622 1688/2717/2469
f 1691/1591/1518 1714/2730/2481 1692/2719/2471 1675/1592/1519
f 1715/2731/2482 1712/2728/2479 1689/2718/2470 1692/2719/2471
f 1717/2732/2483 1695/2014/1901 1690/2232/2090 1710/2726/2477
f 2370/2139/2011 2353/2140/2012 2349/674/666 2368/2622/2413
f 408/1710/1631 407/1712/1633 397/1667/1592
f 463/767/755 368/1087/1054 429/1246/1204 521/764/752
f 281/579/574 289/725/715 358/724/714 351/578/573
f 1681/267/267 1703/270/270 1733/929/903 1704/932/906
f 1706/2723/2474 1683/2166/2032 1705/1996/1886 1736/2733/2484
f 1684/2714/2466 1706/2723/2474 1737/2734/2485 1709/2725/2476
f 1708/2724/2475 1738/2660/2438 1739/2735/2486 1685/2715/2467
f 1740/1403/1351 1708/2724/2475 1709/2725/2476 1741/1404/1352
f 1742/2736/2487 1710/2726/2477 1686/2716/2468 1711/2727/2478
f 1713/2729/2480 1688/2717/2469 1712/2728/2479 1743/2737/2488
f 1742/2736/2487 1711/2727/2478 1713/2729/2480 1744/2738/2489
f 1700/785/772 1726/784/771 1714/2730/2481 1691/1591/1518
f 1745/2739/2490 1715/2731/2482 1692/2719/2471 1714/2730/2481
f 1743/2737/2488 1712/2728/2479 1715/2731/2482 1746/2740/2491
f 1716/1656/1581 1695/2014/1901 1717/2732/2483 1751/1055/1022
f 1717/2732/2483 1710/2726/2477 1742/2736/2487 1752/2741/2492
f 1998/836/819 1999/1412/1359 1960/1391/1340 1959/1523/1462
f 1475/2246/2104 1462/768/756 1404/771/759 1429/1005/976
f 2020/1947/1844 1299/349/347 1346/348/346 1961/2387/2225
f 1678/2712/2465 1662/2708/2462 1638/2505/2329 1663/1628/1553
f 1728/2742/724 1757/783/770 1727/786/773 1701/2743/300
f 1761/1348/1301 1733/929/903 1703/270/270 1732/669/663
f 1763/2744/2493 1736/2733/2484 1705/1996/1886 1735/1995/1885
f 1706/2723/2474 1736/2733/2484 1764/2745/2494 1737/2734/2485
f 1765/1920/1818 1741/1404/1352 1709/2725/2476 1737/2734/2485
f 1766/2659/2437 1759/733/723 1739/2735/2486 1738/2660/2438
f 1767/2746/2495 1744/2738/2489 1713/2729/2480 1743/2737/2488
f 1742/2736/2487 1744/2738/2489 1768/2747/2496 1752/2741/2492
f 1756/1448/1393 1745/2739/2490 1714/2730/2481 1726/784/771
f 1769/2748/2497 1746/2740/2491 1715/2731/2482 1745/2739/2490
f 848/2196/2057 864/2197/2058 827/1300/1255 812/1303/1258
f 1751/1055/1022 1717/2732/2483 1752/2741/2492 1772/1056/1023
f 2192/2272/2126 2175/2128/2001 2138/1705/1626 2157/2273/2127
f 897/231/231 876/647/641 820/1878/1785 837/1877/1784
f 1520/1467/1412 1507/1670/1595 1403/1691/1613 1428/2256/2112
f 777/2058/1938 764/1464/1409 784/2059/1939
f 1866/2749/2498 1888/2352/2193 1912/2750/2499 1889/2751/2500
f 1728/2742/724 1758/2752/2457 1781/1447/1392 1757/783/770
f 105/143/143 88/146/146 103/1293/1248 115/1944/1841
f 164/70/70 394/1680/1603 299/2753/1244 201/68/68
f 695/1008/979 675/1036/1005 655/743/732 670/1009/980
f 2545/2754/2501 2555/2755/2502 2550/526/522 2539/2756/2503
f 1763/2744/2493 1787/2757/2504 1764/2745/2494 1736/2733/2484
f 2005/1500/1441 2007/2499/2325 1967/2665/2441 1964/1501/1442
f 1765/1920/1818 1737/2734/2485 1764/2745/2494 1789/2758/2505
f 1338/2553/2366 1316/2554/2367 1291/2459/2289 1315/2458/2288
f 1795/2759/2506 1772/1056/1023 1752/2741/2492 1768/2747/2496
f 1782/2091/1969 1769/2748/2497 1745/2739/2490 1756/1448/1393
f 292/610/605 319/609/604 302/1551/1486
f 1006/2556/2369 1323/2693/85 2568/2085/1963 2562/2084/1962
f 1654/1829/1742 1547/1688/1610 1974/652/646 2095/651/645
f 1300/1166/1130 1325/314/312 1348/313/311 1326/2106/1981
f 2582/815/798 2588/1047/1016 620/1248/1206 716/1754/1670
f 856/646/640 808/1444/1389 820/1878/1785 876/647/641
f 1603/2760/845 1587/2761/2507 1536/2762/2508 1554/2763/2148
f 1804/1078/1045 1723/1512/1451 1425/1718/1639 2590/1079/1046
f 1727/786/773 1700/785/772 1662/2708/2462 1678/2712/2465
f 1846/504/500 1820/2017/1904 1794/2025/1910 1819/505/501
f 2062/2662/2439 2064/2498/2324 2007/2499/2325 2005/1500/1441
f 898/2034/1918 899/2619/2411 839/1465/1410 838/2035/1919
f 1701/2743/300 1727/786/773 1678/2712/2465 1664/2713/301
f 1910/1204/1164 1964/1501/1442 1967/2665/2441 1931/2764/2509
f 1763/2744/2493 1788/2765/2510 1813/2766/2511 1787/2757/2504
f 1764/2745/2494 1787/2757/2504 1814/2767/2512 1789/2758/2505
f 1790/1918/1816 1765/1920/1818 1789/2758/2505 1816/2768/2513
f 1702/627/622 1731/346/344 1784/345/343 1760/628/623
f 1822/1661/1586 1799/1057/1024 1772/1056/1023 1795/2759/2506
f 1808/2090/1968 1821/2769/2514 1769/2748/2497 1782/2091/1969
f 676/1777/1692 659/1359/1312 2575/1915/1813 2581/1778/1693
f 1856/1077/1044 1857/1271/1228 1805/1388/1337 1804/1078/1045
f 578/1980/1872 607/1949/1846 577/1948/1845 558/1981/1873
f 458/1786/1701 474/261/261 471/1945/1842 448/1766/1681
f 1321/1694/1615 1271/1693/1614 1185/1585/205 1242/1584/1512
f 2441/44/44 2433/184/184 2260/183/183 2277/45/45
f 1786/930/904 1815/2770/2515 1788/2765/2510 1762/931/905
f 1788/2765/2510 1815/2770/2515 1840/2771/2516 1813/2766/2511
f 1814/2767/2512 1787/2757/2504 1813/2766/2511 1841/2772/2517
f 1842/1244/1202 1816/2768/2513 1789/2758/2505 1814/2767/2512
f 1914/998/969 1891/255/255 1867/1245/1203 1889/2751/2500
f 1821/2769/2514 1848/2773/2518 1768/2747/2496 1767/2746/2495
f 1836/1880/1787 1822/1661/1586 1795/2759/2506 1848/2773/2518
f 1836/1880/1787 1848/2773/2518 1821/2769/2514 1808/2090/1968
f 460/1788/1703 475/1828/1741 466/1817/1731 450/1769/1684
f 1860/1881/1788 1836/1880/1787 1808/2090/1968 1835/2089/1967
f 1376/1689/1611 2571/381/379 2561/380/378 747/583/578
f 1805/1388/1337 1724/472/470 1723/1512/1451 1804/1078/1045
f 1809/2774/1733 1837/2775/331 1835/2089/1967 1807/2092/1970
f 2456/1407/1355 2465/1157/1121 2462/1156/1120 2453/2776/2519
f 2046/2291/2143 2066/1804/1718 2027/1805/1719 2008/1000/971
f 1865/2353/2194 1840/2771/2516 1815/2770/2515 1843/2441/2271
f 1840/2771/2516 1866/2749/2498 1841/2772/2517 1813/2766/2511
f 1842/1244/1202 1814/2767/2512 1841/2772/2517 1867/1245/1203
f 2045/702/692 2130/701/691 2149/2777/924 2088/2778/2520
f 2532/320/318 2529/323/321 2531/2651/2433 2539/2756/2503
f 738/59/59 703/58/58 682/2087/1965 720/1961/1856
f 2287/2779/2521 2254/2780/1757 2233/2781/2419 2269/2782/2522
f 523/277/277 508/1450/1395 794/1562/1495 841/1561/1494
f 1321/1694/1615 1242/1584/1512 1272/1013/984 1344/1015/986
f 1468/1112/1079 1418/1114/1081 1390/1432/1377 1457/1431/1376
f 1625/1714/1635 1609/1590/1517 1576/1589/1516 1595/1715/1636
f 1801/1265/1222 1875/1236/1194 1900/1824/1737 1827/1266/1223
f 1861/2783/330 1860/1881/1788 1835/2089/1967 1837/2775/331
f 1485/1690/1612 1512/2648/2430 1553/2784/2405 1525/2785/762
f 1066/2048/1928 993/2049/1929 971/2022/1907 1036/2021/1906
f 1865/2353/2194 1888/2352/2193 1866/2749/2498 1840/2771/2516
f 1867/1245/1203 1841/2772/2517 1866/2749/2498 1889/2751/2500
f 1948/999/970 1914/998/969 1889/2751/2500 1912/2750/2499
f 771/1963/1858 775/1932/1830 740/56/56 738/59/59
f 392/1739/1657 415/1746/1664 362/1979/1871 350/1397/1346
f 1652/2786/2091 1656/2684/1900 1243/87/87 1614/86/86
f 276/1277/1233 269/1258/1216 261/1210/1170 264/1209/1169
f 766/580/575 747/583/578 2561/380/378 2570/2670/2444
f 1882/2787/266 1852/1662/1587 1860/1881/1788 1861/2783/330
f 2140/880/860 2055/879/859 2017/2374/2212 2098/2373/2211
f 1858/2687/2451 1779/617/612 1806/616/611 1880/1823/1736
f 1428/2256/2112 1447/769/757 1532/1468/1413 1520/1467/1412
f 153/96/96 160/1970/1865 147/1549/1484
f 28/91/91 42/128/128 18/42/42 10/22/22
f 2187/1768/1683 2114/1040/1009 2115/850/831 2188/849/830
f 2474/2504/2328 2497/2317/2163 2500/679/671 2480/2500/2326
f 1210/2788/1561 1203/2789/2425 1859/2790/2523 1872/2791/1562
f 1735/1995/1885 1762/931/905 1788/2765/2510 1763/2744/2493
f 2308/2636/2354 2401/2635/2420 2303/2792/2459
f 1843/2441/2271 1815/2770/2515 1786/930/904 1811/1347/1300
f 1162/2793/2524 1161/2434/2264 1203/2643/2425 1210/2794/1561
f 1985/2423/2255 2028/2795/2525 2010/2289/2141 1966/2420/2252
f 196/1/1 190/940/914 179/820/803 185/2/2
f 546/2247/2105 535/407/405 542/853/834 552/1061/1028
f 2253/2236/2094 2270/2235/2093 2234/2796/1107 2210/2797/1110
f 1871/717/707 1869/331/329 1845/334/332 1847/2016/1903
f 1300/1166/1130 1244/1165/1129 1273/1802/1717 1325/314/312
f 1725/469/467 1724/472/470 1805/1388/1337 1780/1389/1338
f 92/2169/2035 70/104/104 80/103/103 98/309/307
f 641/1455/1400 681/1458/1403 702/2238/2096 663/2070/1949
f 2144/465/463 2101/1025/994 2143/2464/2293 2178/2463/2292 2161/466/464
f 1700/785/772 1691/1591/1518 1653/1594/1521 1662/2708/2462
f 2305/2798/1253 1859/2790/2523 1881/2799/2526 2309/2800/2527
f 1913/2801/2528 1890/2440/2270 1864/216/216 1887/215/215
f 1886/1203/1163 1863/218/218 1810/2603/2401 1838/1554/1488
f 169/716/706 170/778/765 144/1604/1531 143/531/527
f 1913/2801/2528 1930/2802/2529 1911/2350/2191 1890/2440/2270
f 1790/1918/1816 1816/2768/2513 1844/2803/2530 1817/1919/1817
f 2540/568/563 2533/2043/1925 2546/525/521 2551/524/520
f 1894/2305/2156 1915/2804/2531 1933/577/572 1934/576/571
f 2093/956/930 2053/1787/1702 2050/329/327 2092/328/326
f 1957/1849/1760 2017/2374/2212 1940/1813/1727 1876/116/116
f 1175/1601/1528 1223/1600/1527 1283/656/650 1179/2457/2287
f 2449/2601/2400 2301/2805/2276 2304/2806/2277 2451/2598/2397
f 373/898/876 360/35/35 366/1573/1505 372/1652/1577 381/1658/1583
f 1944/2421/2253 1929/2351/2192 1911/2350/2191 1930/2802/2529
f 1945/1171/1135 1930/2802/2529 1913/2801/2528 1946/1172/1136
f 1384/1150/1114 1409/1149/1113 1349/2298/2150 1328/1571/1503
f 1360/2568/2376 1361/1420/1367 1289/1749/1667 1314/2550/2364
f 1950/752/741 1933/577/572 1915/2804/2531 1932/2807/2532
f 624/661/655 642/1099/1066 605/1098/1065 594/658/652
f 1593/1394/1343 1542/1393/1342 1558/2219/2077 1605/2685/2450
f 158/644/638 165/643/69 201/1288/68 193/15/15
f 2459/906/882 2469/1770/1685 2465/1157/1121 2456/1407/1355
f 154/2010/1898 148/530/526 134/533/529 141/1954/1851
f 526/552/548 519/551/547 510/708/698 516/685/677
f 2498/2545/2359 2495/2369/2207 2485/2368/2206 2488/2546/2360
f 1945/1171/1135 1965/2422/2254 1944/2421/2253 1930/2802/2529
f 1910/1204/1164 1943/1346/1299 1964/1501/1442
f 2468/2503/1191 2494/2808/1190 2497/2317/2163 2474/2504/2328
f 1950/752/741 1932/2807/2532 1949/253/253 1969/797/783
f 2072/209/209 2033/330/328 2013/1038/1007 2051/210/210
f 643/1101/1068 664/1100/1067 683/1760/1675 644/1759/1674
f 1998/836/819 1959/1523/1462 1962/1765/1680 2002/837/820
f 1428/2256/2112 1403/1691/1613 1321/1694/1615 1344/1015/986
f 1703/270/270 1665/269/269 1680/670/664 1732/669/663
f 2352/1387/872 2003/1386/1336 1926/910/885 2332/909/153
f 2537/2599/2398 2451/2598/2397 2401/2635/2420 2536/2809/2533
f 2004/2267/2122 1927/2810/1231 2361/2811/2534 2374/2264/2119
f 1513/454/452 1536/2762/2508 1514/1676/1599 1487/1678/1601
f 1868/254/254 1844/2803/2530 1816/2768/2513 1842/1244/1202
f 1988/1696/1617 1969/797/783 1949/253/253 1968/252/252
f 1990/437/435 1971/440/438 1970/575/570 1991/2812/2535
f 2614/2813/2456 2118/2711/2464 1956/343/341 1920/2537/1059
f 2176/2814/2536 2156/2388/2226 2118/2711/2464 2139/2815/2537
f 2453/2816/2519 2361/2811/2534 2339/2027/1912 2439/2026/1911
f 214/1912/1795 205/938/912 196/1/1 210/4/4
f 1947/2817/2538 1987/2288/2140 1948/999/970 1912/2750/2499
f 1984/1170/1134 2006/2488/2314 1965/2422/2254 1945/1171/1135
f 1988/1696/1617 1968/252/252 1986/1001/972 2009/1697/1618
f 884/357/355 849/361/359 827/1300/1255 864/2197/2058
f 1991/2812/2535 1970/575/570 1989/753/742 2012/2818/2539
f 1200/683/675 1146/684/676 1119/1841/1752 1173/1840/1751
f 2052/2544/2358 2014/478/476 1995/477/475 2036/544/540
f 2269/2782/2522 2233/2781/2419 2234/2796/1107 2270/2235/2093
f 1505/630/625 1506/1762/1677 1544/1761/1676 1543/631/626
f 897/231/231 837/1877/1784 840/1466/1411 900/232/232
f 2102/1638/1563 2126/806/790 2200/805/789 2180/2442/2272
f 1323/85/85 537/88/88 2565/2559/2371 2568/2558/1963
f 2066/1804/1718 2087/2819/2540 2131/2000/1890 2109/887/865
f 2325/675/667 2317/2414/2249 2310/1299/1254 2316/676/668
f 2008/1000/971 2027/1805/1719 2009/1697/1618 1986/1001/972
f 1766/2659/2437 1791/2658/2436 1783/2820/2541 1758/2700/2457
f 2011/796/782 2030/2821/2542 2012/2818/2539 1989/753/742
f 2283/1331/1285 2248/2439/2269 2284/1329/1283
f 2031/187/187 1991/2812/2535 2012/2818/2539 2032/188/188
f 64/2432/2262 65/1196/1156 41/90/90 40/89/89
f 509/1230/1188 540/550/546 530/549/545 495/657/651
f 2172/2159/2027 2096/899/877 2116/1522/1461 2189/2227/2085
f 240/148/148 229/979/951 215/944/918 222/149/149
f 1079/2175/2040 1030/2178/1812 1058/1908/1807 1108/1907/1806
f 1057/423/421 1056/229/229 964/233/233 899/2619/2411 898/2034/1918
f 1863/218/218 1839/217/217 1785/668/662 1810/2603/2401
f 1295/2399/1914 1269/1369/1321 1183/1368/1320 1207/2400/2235
f 2011/796/782 2029/1698/1619 2048/2822/2543 2030/2821/2542
f 2049/1459/1404 2032/188/188 2012/2818/2539 2030/2821/2542
f 2527/597/592 2515/556/552 2521/984/956 2535/598/593
f 1941/913/887 1978/412/410 2000/411/409 1958/914/888
f 2083/2467/2296 2124/2466/2295 2145/2647/2429 2146/2823/2544 2125/2824/2545
f 1783/2820/2541 1791/2658/2436 1818/1818/1732 1809/1819/1733
f 670/1009/980 655/743/732 585/742/731 599/1262/1219
f 800/474/472 826/2141/2013 848/2196/2057 812/1303/1258
f 2361/2811/2534 2453/2816/2519 2462/2825/1120 2374/2264/2119
f 1966/2420/2252 2010/2289/2141 1987/2288/2140 1947/2817/2538
f 2293/2328/2172 2308/2536/2354 2303/2704/2459 2275/5/5
f 2029/1698/1619 2047/1502/1443 2068/1503/1444 2048/2822/2543
f 2049/1459/1404 2030/2821/2542 2048/2822/2543 2069/731/721
f 2227/2180/923 2164/1857/1766 2088/2778/2520 2149/2777/924
f 624/661/655 593/660/654 604/1456/1401 641/1455/1400
f 2076/2826/2546 2077/2827/2547 2057/1413/1360 2056/835/818
f 2139/2815/2537 2118/2711/2464 2614/2813/2456
f 2076/2826/2546 2056/835/818 2060/838/821 2085/2828/2548
f 2576/1865/1774 2585/2585/2387 843/2041/1923 796/2040/1922
f 2087/2819/2540 2066/1804/1718 2046/2291/2143 2065/2290/2142
f 2087/2819/2540 2108/1860/1769 2150/1859/1768 2131/2000/1890
f 2090/732/722 2069/731/721 2048/2822/2543 2068/1503/1444
f 2522/584/579 2547/2829/2549 2542/2830/1761 2518/585/580
f 1465/1641/1566 1479/1640/1565 1452/960/934 1433/2134/2006
f 2077/2827/2547 2099/2831/2550 2078/1414/1361 2057/1413/1360
f 385/1666/1591 377/1650/1575 359/727/717 363/992/963
f 2084/2642/2424 2083/2467/2296 2104/2832/2551 2105/2833/2552
f 2084/2642/2424 2105/2833/2552 2085/2828/2548 2060/838/821
f 2076/2826/2546 2085/2828/2548 2106/2834/2553 2107/2835/2554
f 1551/1695/1616 1617/2316/2162 1552/2251/2108 1499/548/544 1511/547/543
f 2087/2819/2540 2065/2290/2142 2108/1860/1769
f 2283/1331/1285 2314/1330/1284 2298/2327/2171
f 2090/732/722 2068/1503/1444 2089/889/867 2110/1800/1715
f 1456/654/648 1413/653/647 1485/1690/1612 1525/2785/762
f 1974/652/646 1896/2310/1843 2015/649/643
f 541/663/657 534/633/628 525/636/631 531/405/403
f 2107/2835/2554 2121/2836/2555 2099/2831/2550 2077/2827/2547
f 2122/2837/2556 2100/67/67 2078/1414/1361 2099/2831/2550
f 1666/1521/1460 1731/346/344 1702/627/622 1645/1965/1860
f 42/128/128 2617/1275/1232 2615/1827/1740 18/42/42
f 2105/2833/2552 2104/2832/2551 2127/2838/2557 2128/2839/2558
f 2105/2833/2552 2128/2839/2558 2106/2834/2553 2085/2828/2548
f 2112/2072/1951 2107/2835/2554 2106/2834/2553 2113/2840/2559
f 1683/2166/2032 1670/1223/1181 1627/1222/1180 1647/2167/2033
f 2449/2601/2400 2447/47/47 2294/46/46 2301/2805/2276
f 1985/2423/2255 2006/2488/2314 2063/697/687 2045/702/692
f 2559/2618/2410 2564/638/633 1654/1829/1742 1747/2617/2409
f 2236/2654/2434 2192/2657/2126 2212/2841/1386 2255/2842/2560
f 2508/2318/2164 2497/2317/2163 2494/2808/1190 2505/2679/1214
f 2112/2072/1951 2135/2071/1950 2121/2836/2555 2107/2835/2554
f 2122/2837/2556 2099/2831/2550 2121/2836/2555 2141/2843/2561
f 2123/64/64 2100/67/67 2122/2837/2556 2142/2844/2562
f 1455/126/126 1484/1278/1234 1512/2648/2430 1485/1690/1612
f 840/1466/1411 839/1465/1410 899/2619/2411 900/232/232
f 2148/2845/2563 2134/2846/2564 2128/2839/2558 2127/2838/2557
f 2128/2839/2558 2134/2846/2564 2113/2840/2559 2106/2834/2553
f 1028/220/220 1004/219/219 1012/1795/1710 1033/293/293
f 2241/860/841 1182/863/844 1096/2381/2219 1071/2346/2187
f 2139/2847/2537 2614/2699/2456 2606/1922/1820 2607/2218/2076
f 2427/952/926 2407/951/925 2493/2848/2167 2506/2849/581
f 1554/2763/2148 1536/2762/2508 1513/454/452 1527/453/451
f 143/531/527 144/1604/1531 130/682/674 129/532/528
f 1969/797/783 1988/1696/1617 2029/1698/1619 2011/796/782
f 2452/1851/1762 2314/2634/1284 2284/2093/1283 2435/1852/1763
f 672/2099/1976 673/2100/1977 671/1882/1789 633/362/360
f 317/2850/1790 394/1680/1603 508/1450/1395 384/1449/1394
f 2041/1844/1755 2020/1947/1844 1961/2387/2225 1981/1401/1349
f 994/176/176 952/175/175 932/876/857 975/875/856
f 2135/2071/1950 2154/2564/2373 2141/2843/2561 2121/2836/2555
f 2159/2851/2565 2142/2844/2562 2122/2837/2556 2141/2843/2561
f 2160/1927/1825 2143/2464/2293 2123/64/64 2142/2844/2562
f 2284/1329/1283 2248/2439/2269 2229/2663/2440
f 2333/933/907 2330/2852/2566 2337/2358/2199 2323/2357/2198
f 1603/2853/845 1554/2296/2148 1585/2295/2147 1661/2667/825
f 2600/2208/2067 2058/1316/1271 2147/1319/1274 2124/2466/2295
f 2194/922/896 2173/925/899 2156/2388/2226 2176/2814/2536
f 1908/1634/1559 1884/964/936 1237/963/842 1236/1635/1560
f 2229/2663/2440 2166/2001/1891 2150/1859/1768 2208/1858/1767
f 2153/1999/1889 2165/719/709 2151/721/711 2132/888/866
f 2268/2237/2095 2253/2236/2094 2172/2159/2027 2189/2227/2085
f 1553/2784/2405 1512/2648/2430 1501/2610/2406 1538/2675/2445
f 1917/817/800 1895/718/708 1871/717/707 1893/1037/1006
f 1474/1671/894 1343/1692/893 1403/1691/1613 1507/1670/1595
f 942/975/947 987/974/946 966/1537/1476 878/1539/1478
f 1806/616/611 1619/619/614 1635/1267/1224 1827/1266/1223
f 2159/2851/2565 2141/2843/2561 2154/2564/2373 2167/2854/2567
f 2159/2851/2565 2177/1836/1747 2160/1927/1825 2142/2844/2562
f 2229/2663/2440 2248/2439/2269 2184/2438/2268 2166/2001/1891
f 2181/2855/2568 2182/2646/2428 2147/1319/1274 2162/1318/1273
f 2405/1733/1652 2372/1566/1499 2384/338/336 2424/337/335
f 2363/2856/1466 2365/2623/2414 2346/677/669 2342/2857/1464
f 1976/1505/1446 1828/988/959 1774/1343/1296 1940/1813/1727
f 2307/2858/1252 1872/2791/1562 1859/2790/2523 2305/2798/1253
f 2316/676/668 2310/1299/1254 2305/1298/1253 2309/2859/2527
f 2380/2572/2379 2062/2860/2439 2044/2266/2121 2376/2265/2120
f 2153/1999/1889 2166/2001/1891 2184/2438/2268 2165/719/709
f 2210/1146/1110 2171/1145/1109 2095/651/645 2137/2861/2028
f 2186/1837/1748 2167/2854/2567 2133/729/719 2152/2583/2385
f 449/1785/1700 438/1304/1259 411/1305/1260 425/1722/1643
f 2179/873/854 2170/852/833 2163/2862/2569 2146/2823/2544
f 1927/2863/1231 2004/2864/2122 1942/1553/1487 1862/1552/345
f 1245/1167/1131 1212/2258/2114 1157/2259/2115 1186/1164/1128
f 2475/1771/1686 2463/905/881 2466/1474/1417 2486/1727/1648
f 2159/2851/2565 2167/2854/2567 2186/1837/1748 2177/1836/1747
f 2181/2855/2568 2162/1318/1273 2180/2442/2272 2201/2865/2570
f 2181/2855/2568 2202/2866/2571 2203/2867/2572 2182/2646/2428
f 2554/596/591 2547/2829/2549 2522/584/579 2527/597/592
f 2207/827/810 1538/2868/2445 1537/2649/2431 2206/1675/1598
f 2369/1130/1095 2351/397/395 2344/1603/1530 2354/2325/2169
f 2209/131/131 2136/211/211 2114/1040/1009 2187/1768/1683
f 2541/1215/1175 2535/598/593 2521/984/956 2526/983/955
f 2271/2869/2573 2255/2842/2560 2212/2841/1386 2235/2870/1385
f 2193/2709/2463 2214/2871/2574 2194/922/896 2176/2814/2536
f 2204/804/788 2191/924/898 2195/923/897 2215/2872/2575
f 782/203/203 762/2873/2458 807/1734/828
f 2197/1926/1824 2217/8/8 2218/7/7 2178/2463/2292
f 2515/556/552 2499/559/555 2504/985/957 2521/984/956
f 2164/1857/1766 2108/1860/1769 2028/2795/2525 2088/2778/2520
f 2200/805/789 2222/2874/2576 2201/2865/2570 2180/2442/2272
f 2223/2875/2577 2202/2866/2571 2181/2855/2568 2201/2865/2570
f 2224/2876/2578 2225/2877/2579 2203/2867/2572 2202/2866/2571
f 2182/2646/2428 2203/2867/2572 2221/872/853 2199/874/855
f 2110/1800/1715 2152/2583/2385 2133/729/719 2090/732/722
f 1892/263/263 1882/266/266 1861/332/330 1869/331/329
f 2237/2878/2580 2214/2871/2574 2193/2709/2463 2213/2655/2435
f 2239/2879/2581 2215/2872/2575 2195/923/897 2238/2880/2582
f 2204/804/788 2215/2872/2575 2222/2874/2576 2200/805/789
f 62/163/163 40/89/89 27/92/92 52/164/164
f 2216/1835/1746 2240/2329/2173 2217/8/8 2197/1926/1824
f 2223/2875/2577 2201/2865/2570 2222/2874/2576 2244/2881/2583
f 2224/2876/2578 2202/2866/2571 2223/2875/2577 2245/2882/2584
f 2224/2876/2578 2246/2883/2585 2247/2884/2586 2225/2877/2579
f 2232/1767/1682 2221/872/853 2203/2867/2572 2225/2877/2579
f 477/353/351 566/371/369 527/370/368 414/354/352
f 2287/2779/2521 2271/2869/2573 2235/2870/1385 2254/2780/1757
f 2193/2709/2463 2176/2814/2536 2139/2815/2537 2158/2710/2002
f 2236/2654/2434 2256/2885/2587 2237/2878/2580 2213/2655/2435
f 2237/2878/2580 2257/2886/2588 2238/2880/2582 2214/2871/2574
f 2239/2879/2581 2244/2881/2583 2222/2874/2576 2215/2872/2575
f 2258/2887/2589 2239/2879/2581 2238/2880/2582 2257/2886/2588
f 2098/2373/2211 2198/1398/1347 2140/880/860
f 2216/1835/1746 2230/1838/1749 2249/2330/2174 2240/2329/2173
f 2261/2888/2590 2245/2882/2584 2223/2875/2577 2244/2881/2583
f 2224/2876/2578 2245/2882/2584 2262/1514/1453 2246/2883/2585
f 2263/2889/2591 2247/2884/2586 2246/2883/2585 2264/2890/2592
f 2232/1767/1682 2225/2877/2579 2247/2884/2586 2251/132/132
f 1844/2803/2530 1932/2807/2532 1915/2804/2531 1817/1919/1817
f 1914/998/969 1986/1001/972 1968/252/252 1891/255/255
f 2069/731/721 2111/730/720 2091/1460/1405 2049/1459/1404
f 2289/2234/2092 2268/2237/2095 2252/2067/1947 2286/2066/1946
f 476/1821/494 493/1856/493 482/1843/1754 467/1806/1720
f 1770/2054/1934 1747/2617/2409 2171/1145/1109 2190/1144/1108
f 1961/2387/2225 1879/2386/2224 1906/2668/2442 1981/1401/1349
f 2236/2654/2434 2255/2842/2560 2272/2891/2593 2256/2885/2587
f 2237/2878/2580 2256/2885/2587 2273/2892/2594 2257/2886/2588
f 2258/2887/2589 2261/2888/2590 2244/2881/2583 2239/2879/2581
f 2258/2887/2589 2257/2886/2588 2273/2892/2594 2274/2893/2595
f 2553/1214/1174 2541/1215/1175 2526/983/955 2534/1207/1167
f 1555/2894/2432 1537/2674/2431 1500/1677/1600 1514/1676/1599
f 2261/2888/2590 2278/1515/1454 2262/1514/1453 2245/2882/2584
f 2279/1513/1452 2264/2890/2592 2246/2883/2585 2262/1514/1453
f 2263/2889/2591 2267/129/129 2251/132/132 2247/2884/2586
f 2280/2895/2596 2281/2896/2597 2263/2889/2591 2264/2890/2592
f 61/108/108 52/164/164 24/79/79 38/78/78
f 2288/2897/2598 2269/2782/2522 2270/2235/2093 2289/2234/2092
f 2272/2891/2593 2255/2842/2560 2271/2869/2573 2290/2898/2599
f 2272/2891/2593 2291/2899/2600 2273/2892/2594 2256/2885/2587
f 2258/2887/2589 2274/2893/2595 2278/1515/1454 2261/2888/2590
f 2292/1516/1455 2274/2893/2595 2273/2892/2594 2291/2899/2600
f 2295/2900/2601 2280/2895/2596 2264/2890/2592 2279/1513/1452
f 2263/2889/2591 2281/2896/2597 2285/2065/1945 2267/129/129
f 2280/2895/2596 2296/2901/2602 2297/2902/2603 2281/2896/2597
f 2207/827/810 2205/830/813 1553/2609/2405 1538/2868/2445
f 2518/1853/580 2435/1852/1763 2427/952/926 2506/2849/581
f 1884/964/936 1908/1634/1559 2320/2903/2220 2312/2904/2604
f 2281/2896/2597 2297/2902/2603 2286/2066/1946 2285/2065/1945
f 2299/2905/2605 2287/2779/2521 2269/2782/2522 2288/2897/2598
f 2288/2897/2598 2289/2234/2092 2286/2066/1946 2297/2902/2603
f 2290/2898/2599 2271/2869/2573 2287/2779/2521 2299/2905/2605
f 2272/2891/2593 2290/2898/2599 2300/2906/2606 2291/2899/2600
f 2295/2900/2601 2292/1516/1455 2291/2899/2600 2300/2906/2606
f 2295/2900/2601 2300/2906/2606 2296/2901/2602 2280/2895/2596
f 2299/2905/2605 2288/2897/2598 2297/2902/2603 2296/2901/2602
f 2489/2907/2188 2473/2908/2189 2479/2371/2209 2492/2370/2208
f 1492/1582/1510 1489/1376/1327 1441/970/942 1445/969/941
f 2290/2898/2599 2299/2905/2605 2296/2901/2602 2300/2906/2606
f 796/2040/1922 768/2279/2131 2589/1866/1775 2576/1865/1774
f 2365/2623/2414 2368/2622/2413 2349/674/666 2346/677/669
f 1183/1368/1320 1097/1610/1537 1124/1609/1536 1207/2400/2235
f 2210/2797/1110 2137/2160/2028 2172/2159/2027 2253/2236/2094
f 584/377/375 570/488/486 540/550/546 545/614/609
f 341/2465/2294 327/257/257 313/256/256 332/666/660
f 2493/2848/2167 2407/951/925 2400/1543/1481 2489/2347/2188
f 1872/1637/1562 2307/2909/1252 2320/2903/2220 1908/1634/1559
f 127/1876/1783 116/1960/1797 112/1282/1238 123/705/695
f 2311/2097/1974 2312/2910/2604 2321/2911/2607 2319/2094/1971
f 2552/565/560 2525/1044/1013 2481/696/686 2501/566/561
f 1859/2790/2523 1203/2789/2425 1232/2912/2286 1881/2799/2526
f 687/280/280 649/2616/2402 612/2672/2418 650/2075/1953
f 2329/2359/2200 2321/2911/2607 2312/2910/2604 2320/2382/2220
f 2319/2094/1971 2321/2911/2607 2330/2852/2566 2328/2326/2170
f 1515/1422/1369 1472/1241/1199 1156/2188/2049 1241/1423/1370
f 2371/1568/1501 2357/1567/1500 2350/1494/1435 2366/1073/1040
f 2483/2413/2248 2491/2412/2247 2488/2546/2360 2487/2913/2608
f 649/2604/2402 611/1058/1025 581/1059/1026 612/2632/2418
f 2333/933/907 2340/936/910 2328/2326/2170 2330/2852/2566
f 1987/2288/2140 2046/2291/2143 2008/1000/971 1948/999/970
f 1963/1526/1465 2342/1525/1464 2309/2800/2527 1881/2799/2526
f 1347/2320/2165 1367/2111/1986 1319/2186/2047 1301/2321/2166
f 2337/2358/2199 2330/2852/2566 2321/2911/2607 2329/2359/2200
f 2347/1310/1265 2354/2325/2169 2344/1603/1530 2348/1311/1266
f 2207/827/810 2206/1675/1598 2386/1674/1597 2385/828/811
f 248/248/248 127/2174/1783 155/249/249
f 2390/759/748 2415/339/337 2384/338/336 2371/1568/1501
f 2577/766/754 2585/2585/2387 428/2584/2386 463/767/755
f 1101/1984/1876 1184/1556/1489 1209/2255/2111 1126/2254/2110
f 2327/2095/1972 2322/151/151 2313/154/154 2318/2096/1973
f 2036/544/540 2074/543/539 2094/851/832
f 1947/2817/2538 1912/2750/2499 1888/2352/2193 1929/2351/2192
f 2318/2914/1973 1909/2031/1915 1883/961/935 2311/2915/1974
f 1883/961/935 1884/964/936 2312/2904/2604 2311/2915/1974
f 2347/1310/1265 2350/1494/1435 2357/1567/1500 2354/2325/2169
f 2374/2264/2119 2462/2825/1120 2467/2573/1123 2376/2265/2120
f 937/1333/1287 892/1332/1286 875/2226/2084 919/2121/1996
f 2309/2859/2527 2342/2857/1464 2346/677/669 2316/676/668
f 1295/2030/1914 1268/962/843 1883/961/935 1909/2031/1915
f 2341/603/598 2440/1898/1697 2431/2308/1469 2324/841/823
f 119/1344/1297 99/1446/1391 109/1445/1390 124/1784/1699
f 168/1533/1472 133/535/531 140/667/661 175/1735/1653
f 1013/2313/2161 1033/293/293 1012/1795/1710 990/1798/1713
f 1947/2817/2538 1929/2351/2192 1944/2421/2253 1966/2420/2252
f 1063/294/294 1033/293/293 1013/2313/2161 1034/1250/1208
f 333/1893/1796 327/257/257 341/2465/2294 345/2666/1055
f 2167/2854/2567 2154/2564/2373 2111/730/720 2133/729/719
f 168/1533/1472 247/25/25 258/118/118 177/250/250
f 725/279/279 793/1443/1388 762/2702/2458 686/2615/2403
f 2064/2695/2324 2062/2860/2439 2380/2572/2379 2381/2696/2454
f 1620/1081/1048 1639/2703/1552 1604/2916/1551 1589/1082/1049
f 838/2035/1919 839/1465/1410 764/1464/1409 777/2058/1938
f 1371/393/391 1296/2293/2145 1239/722/712 1342/394/392
f 317/2850/1790 299/2753/1244 394/1680/1603
f 2265/689/680 1587/2917/2507 1603/864/845 2282/690/681
f 1184/1556/1489 1101/1984/1876 1003/1987/1879 1074/1557/1490
f 1161/2434/2264 1162/2793/2524 1136/2342/2183 1137/1253/1211
f 2097/650/644 2137/2861/2028 2095/651/645
f 1287/1433/1378 1229/1436/1381 1201/167/167 1259/166/166
f 345/1088/1055 463/767/755 428/2584/2386 333/2637/1796
f 1531/1182/1142 1493/921/895 1519/2631/1396 1562/2918/1399
f 1370/516/512 1297/1869/1778 1296/2293/2145 1371/393/391
f 2250/2068/1948 2252/2067/1947 2169/958/932 2168/957/931
f 1040/2244/2102 1041/2341/2182 996/1917/1815 995/2286/2138
f 729/1370/982 656/1177/295 901/639/634 986/1371/1322
f 1868/254/254 1949/253/253 1932/2807/2532 1844/2803/2530
f 2499/559/555 2496/558/554 2492/2370/2208 2495/2369/2207
f 1812/2314/1230 2339/2027/1912 2361/2811/2534 1927/2810/1231
f 2401/2635/2420 2451/2598/2397 2304/2806/2277 2303/2792/2459
f 1454/1147/1111 1482/1775/1690 1498/927/901 1464/1148/1112
f 1426/2673/389 2003/1386/1336 2023/1385/1335 1442/2919/390
f 53/127/127 76/1197/1157 97/1283/1239 77/228/228
f 2504/985/957 2498/2545/2359 2503/1781/1696 2507/986/958
f 1819/505/501 1792/1402/1350 1935/2304/2155 1953/1814/1728 1952/480/478
f 1027/1124/1089 1104/2402/2237 1105/1324/1278 1077/1125/1090
f 1638/2505/2329 1633/1118/1085 1581/1117/1084 1588/1669/1594
f 2388/2334/2177 2383/2624/2415 2378/2920/1217 2382/2335/812
f 1232/2912/2286 1331/2578/649 1963/1526/1465 1881/2799/2526
f 2392/2337/2178 2385/2336/811 2386/2921/1597 2393/2490/2316
f 2388/2334/2177 2394/791/778 2389/2621/2412 2383/2624/2415
f 136/642/637 132/641/636 113/308/306 117/307/305
f 2511/1726/1647 2503/1781/1696 2491/2412/2247 2486/1727/1648
f 2391/194/194 2396/197/197 2393/2490/2316 2386/2921/1597
f 2392/2337/2178 2393/2490/2316 2397/793/780 2398/792/779
f 1230/2379/2217 1261/2922/2365 1231/2518/2333 1176/2380/2218
f 2402/790/777 2395/2644/2426 2389/2621/2412 2394/791/778
f 2434/908/884 2448/907/883 2430/569/564
f 1261/2551/2365 1289/1749/1667 1253/1748/1666 1220/2482/2308 1231/2511/2333
f 2412/2489/2315 2409/897/875 2402/790/777 2397/793/780
f 1749/2389/569 1797/1127/1092 1748/1129/1094 1693/2011/1899
f 1529/1655/1580 1517/2669/2443 1473/891/869 1490/890/868
f 1153/2411/2246 1152/2410/2245 1178/2433/2263 1232/2456/2286
f 2403/896/874 2395/2644/2426 2402/790/777 2409/897/875
f 205/1020/912 214/1892/1795 320/83/83 308/82/82
f 2473/2348/2189 2387/1542/1480 2381/2696/2454 2472/2923/2609
f 1915/2804/2531 1894/2305/2156 1793/1405/1353 1817/1919/1817
f 2404/195/195 2410/2269/682 2416/2268/2123 2411/196/196
f 1555/2894/2432 1514/1676/1599 1536/2762/2508 1587/2761/2507
f 2536/2809/2533 2401/2635/2420 2452/1851/1762 2542/1850/1761
f 2149/950/924 2130/1544/691 2400/1543/1481 2407/951/925
f 524/634/629 509/1230/1188 514/635/630
f 2088/2778/2520 2028/2795/2525 1985/2423/2255 2045/702/692
f 52/164/164 27/92/92 9/21/21 24/79/79
f 2226/1672/1596 1555/2650/2432 1587/2917/2507 2265/689/680
f 2437/788/775 2438/758/747 2419/760/749 2423/445/443
f 2423/445/443 2419/760/749 2414/895/873 2418/446/444
f 2403/896/874 2375/1075/1042 2370/2139/2011 2395/2644/2426
f 751/594/589 1011/593/588 785/1863/1772
f 1289/1749/1667 1361/1420/1367 1353/1419/1366 1307/1750/1668
f 40/89/89 62/163/163 87/335/333 64/2432/2262
f 16/80/80 3/24/24 1/9/9 8/34/34
f 105/143/143 115/1944/1841 141/1954/1851 134/533/529
f 1179/2457/2287 1232/2456/2286 1178/2433/2263 1150/2349/2190 1151/1720/1641
f 207/968/940 208/967/939 191/903/879 180/776/763 184/821/804
f 1794/2025/1910 1820/2017/1904 1818/1818/1732 1791/2658/2436
f 1490/890/868 1444/893/871 1460/1227/1185 1503/1240/1198
f 2242/2377/2215 2241/860/841 1071/2346/2187 1075/1864/1773
f 2420/447/445 2418/446/444 2409/897/875 2412/2489/2315
f 492/260/260 488/2052/1932 471/1945/1842 474/261/261
f 2325/675/667 2334/2721/2472 2326/934/908 2317/2414/2249
f 2024/1425/1372 1443/1428/511 1442/2919/390 2023/1385/1335
f 2480/2500/2326 2460/325/323 2457/324/322 2474/2504/2328
f 392/1739/1657 350/1397/1346 344/1396/1345 383/1737/1655
f 515/854/835 503/1834/1745 510/708/698 519/551/547
f 120/506/502 95/534/530 102/507/503
f 1909/2031/1915 2318/2914/1973 2313/912/154 1885/911/886
f 213/214/214 209/1151/1115 189/1971/1866 194/95/95
f 2358/500/496 2352/894/872 2355/763/751 2364/501/497
f 1529/1655/1580 1541/1654/1579 1558/2219/2077 1542/1393/1342
f 1273/2248/1717 1244/1622/1129 2608/1621/1548
f 1681/267/267 1667/2639/2421 1624/2640/2422 1644/268/268
f 1921/1235/1193 1939/1625/1550 1900/1824/1737 1875/1236/1194
f 1486/317/315 1535/2055/1935 1526/1113/1080 1468/1112/1079
f 1928/1345/1298 1942/1553/1487 1982/1499/1440 1943/1346/1299
f 838/2035/1919 777/2058/1938 778/2057/1937 829/2036/1920
f 2112/2072/1951 2113/2840/2559 2071/186/186 2070/185/185
f 167/1974/247 161/1211/1171 190/940/914 195/939/913
f 2367/1570/1502 2364/501/497 2355/763/751 2359/399/397
f 1254/492/490 1222/2483/2309 1169/2453/2283 1196/489/487
f 2528/1094/1061 2447/47/47 2449/2601/2400 2530/2600/2399
f 2439/2694/1911 2444/1408/1356 2456/1407/1355 2453/2776/2519
f 1942/1553/1487 2004/2864/2122 2044/2661/2121 1982/1499/1440
f 2353/2140/2012 2356/1074/1041 2343/1495/1436 2334/2721/2472
f 2381/2696/2454 2380/2572/2379 2470/2571/2378 2472/2923/2609
f 2469/1770/1685 2477/2722/2473 2471/1158/1122 2465/1157/1121
f 2510/284/284 2516/1206/1166 2511/1726/1647 2502/285/285
f 88/146/146 89/145/145 65/1196/1156 64/2432/2262
f 312/1884/1791 307/990/961 279/13/13 288/16/16
f 2134/2846/2564 2075/545/541 2071/186/186 2113/2840/2559
f 39/20/20 38/78/78 25/17/17
f 2170/852/833 2094/851/832 2074/543/539 2148/2845/2563 2163/2862/2569
f 585/742/731 546/2247/2105 552/1061/1028 599/1262/1219
f 2552/565/560 2553/1214/1174 2534/1207/1167 2525/1044/1013
f 2471/1158/1122 2476/2924/2610 2470/2925/2378 2467/1159/1123
f 2478/2926/2611 2479/2371/2209 2473/2908/2189 2472/2927/2609
f 2478/2926/2611 2472/2927/2609 2470/2925/2378 2476/2924/2610
f 2482/2928/2612 2476/2924/2610 2471/1158/1122 2477/2722/2473
f 2478/2926/2611 2484/2929/2613 2485/2368/2206 2479/2371/2209
f 873/1763/1678 869/2037/1921 833/2204/2064 832/1764/1679
f 2294/2664/46 2277/1410/45 2220/468/466 2243/467/465
f 2482/2928/2612 2484/2929/2613 2478/2926/2611 2476/2924/2610
f 2482/2928/2612 2477/2722/2473 2483/2413/2248 2487/2913/2608
f 2485/2368/2206 2484/2929/2613 2487/2913/2608 2488/2546/2360
f 2268/2237/2095 2189/2227/2085 2169/958/932 2252/2067/1947
f 1475/2246/2104 1429/1005/976 1448/1006/977 1494/1375/1326
f 816/2171/2037 790/2170/2036 804/2182/2044 831/2189/2050
f 1210/2794/1561 1236/2424/1560 2242/2377/2215 1129/2343/2184
f 693/2098/1975 634/2101/1978 673/2100/1977 672/2099/1976
f 1504/1599/1526 1461/1587/1514 1473/891/869 1517/2669/2443
f 2492/2370/2208 2496/558/554 2493/2322/2167 2489/2907/2188
f 1967/2665/2441 1983/1169/1133 1946/1172/1136 1931/2764/2509
f 2075/545/541 2035/438/436 2031/187/187 2071/186/186
f 2343/1495/1436 2335/935/909 2326/934/908 2334/2721/2472
f 2231/130/130 2155/212/212 2136/211/211 2209/131/131
f 1839/217/217 1761/1348/1301 1732/669/663 1785/668/662
f 2499/559/555 2495/2369/2207 2498/2545/2359 2504/985/957
f 1179/2457/2287 1151/1720/1641 1175/1601/1528
f 1831/2645/2427 1832/1548/1483 1778/1547/1482 1777/2597/2396
f 2548/2930/2614 2555/2755/2502 2545/2754/2501 2549/2931/2615
f 2383/2624/2415 2365/2623/2414 2363/2856/1466 2378/2920/1217
f 2228/2437/2267 2185/720/710 2165/719/709 2184/2438/2268
f 1906/2668/2442 1879/2386/2224 1833/2181/2043 1858/2687/2451
f 2500/679/671 2509/678/670 2490/1379/1330 2480/2500/2326
f 1675/1592/1519 1674/1225/1183 1613/1224/1182 1632/1593/1520
f 1654/1829/1742 2095/651/645 2171/1145/1109 1747/2617/2409
f 2546/525/521 2532/320/318 2539/2756/2503 2550/526/522
f 953/426/424 974/1916/1814 955/1352/1305 933/427/425
f 2530/2932/2399 2538/2933/2616 2531/2651/2433 2528/2653/1061
f 2057/1413/1360 1999/1412/1359 1998/836/819 2056/835/818
f 2543/2934/2617 2537/2935/2398 2536/2936/2533 2544/2937/2618
f 2543/2934/2617 2538/2933/2616 2530/2932/2399 2537/2935/2398
f 2539/2756/2503 2531/2651/2433 2538/2933/2616 2545/2754/2501
f 2230/1838/1749 2186/1837/1748 2152/2583/2385 2185/720/710
f 1438/2469/2297 1420/995/966 1362/1295/1250 1395/2470/2298
f 2250/2068/1948 2168/957/931 2155/212/212 2231/130/130
f 2544/2937/2618 2536/2936/2533 2542/2830/1761 2547/2829/2549
f 2543/2934/2617 2544/2937/2618 2548/2930/2614 2549/2931/2615
f 2543/2934/2617 2549/2931/2615 2545/2754/2501 2538/2933/2616
f 2022/2641/2423 2021/2274/2128 2083/2467/2296 2084/2642/2424
f 1928/1345/1298 1886/1203/1163 1838/1554/1488
f 2554/596/591 2548/2930/2614 2544/2937/2618 2547/2829/2549
f 2554/596/591 2557/599/594 2555/2755/2502 2548/2930/2614
f 2550/526/522 2555/2755/2502 2557/599/594 2556/523/519
f 231/1095/1062 243/1142/1106 261/1210/1170 251/2443/2273
f 17/18/18 37/77/77 26/19/19
f 33/71/71 46/100/100 34/72/72
f 20/48/48 34/72/72 47/101/101
f 81/236/236 92/2169/2035 93/235/235
f 191/903/879 208/967/939 199/904/880
f 218/1023/992 231/1095/1062 219/1024/993
f 218/1023/992 224/1054/1021 232/1096/1063
f 658/1540/1479 672/2099/1976 633/362/360 618/364/362
f 233/1097/1064 238/1138/1103 241/1140/1104
f 250/147/147 260/1257/1215 259/1205/1165
f 387/1651/1576 396/1665/1590 408/1710/1631 397/1667/1592
f 366/1573/1505 370/1574/1506 372/1652/1577
f 390/522/518 401/1679/1602 402/1309/1264
f 574/858/839 600/1606/1533 591/859/840
f 643/1101/1068 644/1759/1674 606/1743/1661
f 667/1162/1126 628/1565/1498 610/2004/1893 647/161/161
f 669/2076/1954 689/2007/1896 688/2088/1966
f 711/2145/2017 634/2101/1978 693/2098/1975 710/2113/1988
f 191/903/879 192/822/805 181/777/764 180/776/763
f 679/2086/1964 634/2101/1978 694/2138/2010 701/2105/1980
f 731/2131/2004 751/2148/589 749/2146/2018
f 776/2156/2024 742/1942/1839 758/946/920
f 761/2152/2021 780/1559/1492 778/2057/1937
f 773/948/922 787/1439/1384 788/2168/2034
f 959/1334/1288 982/2284/2136 1000/2283/2135
f 1038/2143/2015 1039/2142/2014 1090/2396/2233
f 1052/2384/2222 1102/2383/2221 1104/2402/2237
f 1095/867/848 1082/866/847 1081/1810/1724
f 1173/1840/1751 1176/2380/2218 1227/2486/2312
f 1154/1051/1018 1180/2435/2265 1206/1213/1173
f 1206/1213/1173 1235/2497/2323 1263/2162/2029
f 1190/2510/2278 1215/2525/2303 1228/2487/2313
f 1221/1187/1147 1252/1747/1665 1280/1188/1148
f 1202/2363/2201 1264/2366/2204 1230/2379/2217
f 1230/2379/2217 1313/2549/2363 1261/2922/2365
f 1250/2513/2335 1257/2516/2338 1285/2531/2349
f 1303/2938/2356 1350/2606/2380 1327/2587/2372
f 1333/2586/2374 1381/2589/2389 1357/2626/2381
f 1334/621/616 1357/2577/2381 1358/622/617
f 1434/2625/2416 1422/2612/2407 1424/563/558 1435/562/557
f 1391/2593/2392 1419/2471/2299 1395/2470/2298
f 1556/632/627 1571/2678/2448 1590/1668/1593
f 1687/1701/1622 1671/2706/2460 1648/1702/1623
f 1739/2735/2486 1759/733/723 1707/299/299
f 3/24/24 4/23/23 2/10/10 1/9/9
f 1781/1447/1392 1758/2752/2457 1783/2939/2541 1807/2092/1970
f 1744/2738/2489 1767/2746/2495 1768/2747/2496
f 1768/2747/2496 1848/2773/2518 1795/2759/2506
f 1833/2181/2043 1755/1808/1722 1779/617/612 1858/2687/2451
f 1913/2801/2528 1931/2764/2509 1946/1172/1136
f 1894/2305/2156 1934/576/571 1953/1814/1728 1935/2304/2155
f 2006/2488/2314 1985/2423/2255 1965/2422/2254
f 1308/2344/2185 1413/653/647 1283/656/650 1223/1600/1527
f 2076/2826/2546 2107/2835/2554 2077/2827/2547
f 2083/2467/2296 2125/2824/2545 2104/2832/2551
f 2146/2823/2544 2145/2647/2429 2199/874/855 2179/873/854
f 2104/2832/2551 2125/2824/2545 2146/2823/2544 2163/2862/2569
f 2127/2838/2557 2163/2862/2569 2148/2845/2563
f 2178/2463/2292 2218/7/7 2219/1416/1363
f 1990/437/435 1991/2812/2535 2031/187/187 2035/438/436
f 2194/922/896 2214/2871/2574 2238/2880/2582 2195/923/897
f 2279/1513/1452 2292/1516/1455 2295/2900/2601
f 2482/2928/2612 2487/2913/2608 2484/2929/2613
f 2211/1845/1756 2190/1144/1108 2233/2633/2419
f 2569/2474/2300 2562/2084/1962 544/1888/1792 538/2003/1892
f 2564/638/633 2559/2618/2410 986/1371/1322 901/639/634
f 2565/2559/2371 2570/2670/2444 565/499/495 554/673/665
f 841/1561/1494 2572/1976/1870 529/274/274 523/277/277
f 2570/2670/2444 2561/380/378 589/383/381 565/499/495
f 2558/2557/2370 2567/2116/1991 968/780/767 989/1861/1770
f 723/159/159 742/1942/1839 741/2153/2022 706/160/160
f 989/1861/1770 1011/593/588 1135/1684/1606 2558/2557/2370
f 2560/1975/1869 2569/2474/2300 538/2003/1892 533/1102/1069
f 2572/1976/1870 2560/1975/1869 533/1102/1069 529/274/274
f 2559/2618/2410 2566/1683/1605 1007/592/587 986/1371/1322
f 2603/884/863 2612/883/862 843/2041/1923 902/1243/1201
f 2579/1779/1694 2581/1778/1693 343/1219/1177 349/386/384
f 239/2333/953 331/1891/1794 228/1890/954
f 2589/1866/1775 2578/2281/2133 367/1493/1434 374/1867/1776
f 2601/1091/1058 2599/1090/1057 1405/1045/1014 1496/814/797
f 2608/1621/1548 2605/1620/1547 768/2279/2131 796/2040/1922
f 2584/1489/1432 2587/978/950 905/1106/1073 923/1105/1072
f 2574/1903/1802 2583/1902/1801 356/385/383 361/1490/1433
f 2581/1778/1693 2575/1915/1813 340/1216/1176 343/1219/1177
f 2580/2115/1990 2584/1489/1432 923/1105/1072 945/781/768
f 2587/978/950 2586/816/799 859/1753/1669 905/1106/1073
f 2578/2281/2133 2574/1903/1802 361/1490/1433 367/1493/1434
f 2583/1902/1801 2579/1779/1694 349/386/384 356/385/383
f 2567/2116/1991 2580/2115/1990 945/781/768 968/780/767
f 1379/1080/1047 1346/348/346 1923/351/349 1856/1077/1044
f 2579/1779/1694 2583/1902/1801 714/1901/1800 697/1776/1691
f 1977/1930/1828 1958/914/888 2000/411/409 2019/1027/996
f 171/1896/1798 337/1249/1207 323/1518/1457 156/1120/1086
f 2594/372/370 2593/122/122 942/1049/947 878/2416/1478
f 2607/2218/2076 2119/1706/1627 2158/2129/2002 2139/2847/2537
f 941/1360/1313 2611/1967/1862 1058/2360/1807 1030/1914/1812
f 2610/2355/2196 2605/1620/1547 1186/1623/1128 1157/2940/2115
f 2603/884/863 1476/1321/740 1406/885/739
f 2609/2356/2197 2610/2355/2196 1157/2940/2115 1130/2941/1883
f 2604/1966/1861 2602/2332/2176 1107/2942/1882 1078/2361/1808
f 2602/2332/2176 2609/2356/2197 1130/2941/1883 1107/2942/1882
f 1379/1080/1047 2590/1079/1046 1833/2181/2043 1879/2386/2224
f 430/1904/1803 328/1905/1804 324/1478/1421 431/1477/1420
f 1824/802/787 1852/1662/1587 1882/2787/266 1899/2943/265
f 965/976/948 1031/2367/2205 1061/973/945
f 929/1461/1406 932/876/857 952/175/175
f 251/2443/2273 230/150/150 231/1095/1062
f 1904/1390/1339 1832/1548/1483 1831/2645/2427 1905/1524/1463
f 606/1743/1661 595/1742/1660 643/1101/1068
f 595/1742/1660 605/1098/1065 643/1101/1068
f 668/2074/1952 707/281/281 687/280/280 650/2075/1953
f 765/2063/1943 627/2033/1917 626/1612/1539 646/1563/1496
f 795/640/635 586/1178/298 562/1173/354
f 890/2245/2103 936/1614/1541 916/1155/1119 891/871/852
f 1027/1124/1089 1052/2384/2222 1104/2402/2237
f 1133/2404/2239 1160/2419/2251 1181/2436/2266 1134/1050/1017
f 2052/2544/2358 2036/544/540 2094/851/832 2115/850/831
f 1134/1050/1017 1110/1809/1723 1133/2404/2239
f 1351/1597/1524 1385/1198/1158 1415/1372/1323
f 1435/562/557 1417/2627/2417 1434/2625/2416
f 1767/2746/2495 1743/2737/2488 1746/2740/2491 1821/2769/2514
f 1669/1220/1178 1685/2715/2467 1739/2735/2486 1707/299/299
f 1746/2740/2491 1769/2748/2497 1821/2769/2514
f 1783/2939/2541 1809/2774/1733 1807/2092/1970
f 1851/803/483 1824/802/787 1899/2943/265
f 1773/2473/1721 1718/1815/1729 1582/1325/1279 1548/2324/1277
f 2018/410/408 2039/1411/1358 2079/66/66
f 2145/2647/2429 2182/2646/2428 2199/874/855
f 2127/2838/2557 2104/2832/2551 2163/2862/2569
f 2161/466/464 2178/2463/2292 2219/1416/1363
f 2278/1515/1454 2274/2893/2595 2292/1516/1455
f 1316/2554/2367 2597/2493/2319 1339/2580/2383
f 2148/2845/2563 2074/543/539 2075/545/541 2134/2846/2564
f 1753/2354/2195 2558/2557/2370 1135/1684/1606 1796/2053/1933
f 1740/1403/1351 1794/2025/1910 1738/2660/2438 1708/2724/2475
f 1994/514/510 1938/513/509 1955/415/413
f 774/475/473 772/1437/1382 721/2124/1999 722/476/474
f 840/1466/1411 837/1877/1784 783/1463/1408
f 50/1071/1038 23/51/51 35/73/73 49/136/136 59/234/234
f 2615/1827/1740 2618/1826/1739 11/43/43 18/42/42
f 31/99/99 2616/1509/1450 19/54/54 30/98/98
f 2618/1826/1739 2616/1509/1450 5/29/29 11/43/43
f 2615/1827/1740 2617/1275/1232 66/63/63 43/62/62
f 53/127/127 2617/1275/1232 42/128/128
f 12/30/30 5/29/29 31/99/99 33/71/71
f 985/645/639 1005/648/642 1298/1014/985 1272/1013/984
f 1913/2801/2528 1887/215/215 1910/1204/1164 1931/2764/2509
f 44/1139/52 54/1121/61 156/1120/1086
f 1211/206/206 1185/205/205 1271/1873/1614
f 2517/2680/1213 2523/2652/1060 2529/323/321 2520/322/320
f 1210/2794/1561 1129/2343/2184 1136/2342/2183 1162/2793/2524
f 2566/1683/1605 1770/2054/1934 1796/2053/1933 1135/1684/1606
f 1562/2918/1399 1578/2944/1958 1531/1182/1142
f 1563/1923/1821 1531/1182/1142 1578/2944/1958 1597/2362/1984
f 457/620/615 447/519/515 539/401/399 548/404/402
f 648/389/387 686/2605/2403 762/2873/2458 782/203/203
f 2108/1860/1769 2065/2290/2142 2010/2289/2141 2028/2795/2525
f 2540/568/563 2514/567/562 2519/681/673 2533/2043/1925
f 1207/2400/2235 1124/1609/1536 1096/2381/2219 1182/863/844
f 1358/2628/617 1417/2627/2417 1416/2629/1375
